author_channel_id,n_comentarios,n_videos,n_canales,n_me_gusta,n_respuestas_recibidas,author_handle,author_name,len_medio
UCvcu1kR8xMYy_I1Ty-2mV2Q,4,3,1,0,0,@hashojea7348,@hashojea7348,41.5
UCpsKOkt5iWTbenzeuq7dsmQ,3,3,1,4,0,@inge_vergueta,@inge_vergueta,91.0
UCHTGCgY2l-DQJIvlA_cpa_Q,3,2,2,14,0,@virgiliogarcia3039,@virgiliogarcia3039,199.0
UCylqlpsh8ENNM1LqgQ1KbxA,3,2,1,1,0,@Jel.Awesh.M,@Jel.Awesh.M,49.0
UCbrtvygfRT6QXqWDNrOf-cA,2,2,1,0,0,@Alejandro00710,@Alejandro00710,130.0
UCdFlugHJJa4l3YqWuNRmvXw,2,2,2,0,1,@MarcosCarillo-b1r,@MarcosCarillo-b1r,73.5
UCjZgFEowMBrsjodqfovzdKw,2,2,2,0,0,@franciscoflores3120,@franciscoflores3120,35.5
UCsUCN0Yq_UyTvKjOJLmNrnQ,2,2,2,0,0,@moisesvaldez4043,@moisesvaldez4043,90.0
UCzZ6dDCEsLMXbc5pCFXIprw,2,2,1,0,0,@josegil3813,@josegil3813,103.0
UCi2KiZq63sRq8Mfbcp-MelQ,6,1,1,1,0,@eugeneramirez4405,@eugeneramirez4405,55.8
UCyJhqmMbsvjpoarBBStA2kg,6,1,1,14,0,@Murmullodelbarrio,@Murmullodelbarrio,105.3
UC5H8ASmMC9WrURmzeB4ySog,5,1,1,6,0,@ManuelEdran,@ManuelEdran,45.4
UCV3fr-YOixFKCZBbJP1-X4w,5,1,1,17,0,@albertoshernandez5251,@albertoshernandez5251,137.2
UC9vMq1YF-e7C-VO0SHkbUTA,4,1,1,0,0,@ErvinLeonardoCarreraLatín,@ErvinLeonardoCarreraLatín,92.2
UC3XTwHxygNCgjndsg-UiCQA,3,1,1,2,0,@marioajset4283,@marioajset4283,116.7
UC72gBAtyb_VXQlYDcFrh6oQ,3,1,1,19,0,@osmanmorales3012,@osmanmorales3012,47.3
UCFjudnPLoaSL1BaRuLahyHg,3,1,1,3,0,@HaroldoCastillo-rh9iw,@HaroldoCastillo-rh9iw,55.3
UCNIeXbV_mEwpa412h1aqUWw,3,1,1,3,1,@juandeleon9060,@juandeleon9060,67.3
UCg3eIfd7BrsLEqS0BLkftHA,3,1,1,0,0,@ErmePérez-q4s,@ErmePérez-q4s,114.7
UCh5ESQvtzyHDhCA7XyekCFA,3,1,1,4,0,@andyB5280,@andyB5280,93.0
UChs3tU2BcKOT0CezykvAsGw,3,1,1,4,0,@byronpontaza,@byronpontaza,160.7
UC-QOpE7GOxlXcHZ8b7HbQKA,2,1,1,0,0,@mariaalexander427,@mariaalexander427,119.0
UC7IMsCxfZyWN7YQo8-JYa6Q,2,1,1,1,0,@Burgos68,@Burgos68,363.5
UCAxvOOHQk7dYPOajzFEVtbA,2,1,1,0,0,@ruddydepaz322,@ruddydepaz322,109.5
UCBlm80VQ4YoV3bUJR_XhkaQ,2,1,1,0,3,@rosadiaz6945,@rosadiaz6945,58.5
UCHhHUjaMAZ8SiXdCUCj9DkQ,2,1,1,3,0,@fredymendez1786,@fredymendez1786,257.0
UCL13XhnRzbGokEkCkEOb0-g,2,1,1,8,0,@raquelprado3643,@raquelprado3643,72.0
UCLFdHr9BEbXHkoJopbEPLZw,2,1,1,24,0,@kanterra4584,@kanterra4584,153.5
UCLggDc_a5HriXv7I1h02sOA,2,1,1,7,0,@guillermogonzalez5153,@guillermogonzalez5153,85.0
UCNBnKqWf4d-rS4HwJRQljmQ,2,1,1,1,0,@LE_A22,@LE_A22,298.0
UCOLGv5Pf6BF2wFcwUzgcvHg,2,1,1,4,0,@welfrealdana5559,@welfrealdana5559,125.5
UCQ_-LPP8JAbfkc-b1Q6NvWw,2,1,1,31,0,@MegaKristenstewart,@MegaKristenstewart,82.0
UCQtICyzWmhC5woCtbNgaSmg,2,1,1,5,0,@nestormendez6216,@nestormendez6216,140.0
UCVC2QugcI1G4RvlCiUqd1aQ,2,1,1,0,0,@rwdm76,@rwdm76,9.0
UCWaRixDdpgllTBf4V0jPnKQ,2,1,1,0,0,@hectormaaz5523,@hectormaaz5523,228.0
UCXXh7yg5KUFIWylTiKVEFKQ,2,1,1,2,0,@MrDuenderojo,@MrDuenderojo,83.0
UCi1b_TRQfgO1Z9O2gNGGWNA,2,1,1,0,0,@davidisraelesquitsaquil,@davidisraelesquitsaquil,470.0
UCkd9W714-947dEE6ZOEBATA,2,1,1,3,0,@ARGELIATELON,@ARGELIATELON,229.0
UCoGdCoJg2Lh0OX_jv6cG16g,2,1,1,2,0,@Israel-u5i7i,@Israel-u5i7i,38.0
UCp29O_C7cchZV8IxV7Crdag,2,1,1,0,0,@robertoescobar5507,@robertoescobar5507,36.0
UCrJn_rbo_ENAdeqneS-RmRw,2,1,1,1,0,@josecarrera9623,@josecarrera9623,152.0
UCtCtts20bW6F9CSohau51Iw,2,1,1,0,0,@carlosgranados9875,@carlosgranados9875,160.5
UCtNyHmRZtvGF2hSvI2dUBWw,2,1,1,1,0,@aureliomaldonado4793,@aureliomaldonado4793,124.0
UCut6b9S98nv84cVX89PmKzA,2,1,1,1,0,@yeniferaguirre4498,@yeniferaguirre4498,330.5
UCwW2OFy95P7ZBkOPxWkpvYg,2,1,1,2,0,@TeresaLucero-b5o,@TeresaLucero-b5o,39.0
UCz3gu01bmjNv0DpRq-K3XYg,2,1,1,2,0,@eusebiovasquez4385,@eusebiovasquez4385,46.5
UC-HeUTT6_g-VoiWds2a4H-w,1,1,1,0,0,@JorgeMunoz-gd9et,@JorgeMunoz-gd9et,116.0
UC-Iul5tDYH_oiAMXQH-KaaQ,1,1,1,1,0,@AlbertoMancilla-p9h,@AlbertoMancilla-p9h,188.0
UC-fiZBS5Gp1eCJd9ucgWnCg,1,1,1,6,0,@Tommii.10,@Tommii.10,168.0
UC-hfX8J5JPJ-dfuakzegMLA,1,1,1,6,0,@normaleticiaorozcojuarez2418,@normaleticiaorozcojuarez2418,631.0
UC-jS_kA9w-OmpupXDx156Rg,1,1,1,2,0,@simoncreyesc7579,@simoncreyesc7579,55.0
UC-pNP6RMFuLg_-x7Ah_0kEA,1,1,1,5,0,@almacatalan2717,@almacatalan2717,117.0
UC094EFEmMSdwVa8NQjjYBXg,1,1,1,0,0,@CelestinoQuej-j7k,@CelestinoQuej-j7k,80.0
UC0HvfEWozTHbwl_iEmJNvVA,1,1,1,3,0,@OttoPalencia-b7r,@OttoPalencia-b7r,145.0
UC0RpuMwkDKJYqgKHtsJRuWQ,1,1,1,113,1,@sabinamarinaguerra3248,@sabinamarinaguerra3248,73.0
UC0aEyakBPqcBkVJiErfSupQ,1,1,1,70,0,@jhonymanuel9891,@jhonymanuel9891,24.0
UC14qlobYKqD-DO0j6b75lcA,1,1,1,0,0,@megavision4488,@megavision4488,148.0
UC1DpqK6vaPEkBOMNvypsKYg,1,1,1,0,0,@HectorCarranza-u4j4o,@HectorCarranza-u4j4o,206.0
UC1NiEdJ7gk6FlDexIalWnGg,1,1,1,0,0,@BorisTebalán,@BorisTebalán,361.0
UC1WlJfQmaIskYhP4gmWoamw,1,1,1,2,1,@marthareiss5434,@marthareiss5434,155.0
UC1Y7x3h0c95Z8kUhi-Tzaeg,1,1,1,0,0,@rosadiaz9235,@rosadiaz9235,172.0
UC1vr9aaMI2crB0NvwFHUeoQ,1,1,1,0,0,@JoseSimilox-p6e,@JoseSimilox-p6e,152.0
UC2Y_EHWQKevubk4vOEBBFxw,1,1,1,1,0,@alfonsomorales2653,@alfonsomorales2653,173.0
UC2ngpd8UBQu4gcUYy0goAtg,1,1,1,0,0,@juliohernandez7438,@juliohernandez7438,80.0
UC2weSE8rpqkGMOp6StYtVfg,1,1,1,1,0,@katerynsantiago2907,@katerynsantiago2907,209.0
UC32oozucwCF3q8d4m8fyOUg,1,1,1,0,0,@RauldejesusOlivagonzalez,@RauldejesusOlivagonzalez,135.0
UC3E9mAgP7VoAE5mZoAexl5g,1,1,1,0,0,@EnnioAroche,@EnnioAroche,143.0
UC3MYTqpQqlWBuCB7Th0e0PA,1,1,1,4,0,@isaaclopez7220,@isaaclopez7220,115.0
UC3NMzdMYryaw82kPTnsaljg,1,1,1,0,0,@marisosa7832,@marisosa7832,46.0
UC3UVO7pTbeYvZ3ILEyRDskQ,1,1,1,1,0,@rosaelenaargueta79,@rosaelenaargueta79,57.0
UC3YpzAr7pcdKC7BVFEpYzog,1,1,1,4,1,@carmenfigueroa1232,@carmenfigueroa1232,186.0
UC3iIU62XKUOWuqL8BqBzj9A,1,1,1,0,0,@antonioduarte2288,@antonioduarte2288,90.0
UC3qn1yJA5PeW9rkGPatQxiw,1,1,1,7,0,@VICTOREST19,@VICTOREST19,82.0
UC4Avya4kmR4Q0FrfFdBozSQ,1,1,1,11,0,@davidlima1348,@davidlima1348,305.0
UC4cXueR2bKGFJV0Fk76gwmA,1,1,1,0,0,@aluxdel4792,@aluxdel4792,199.0
UC4kg7zuTfqQKLd2bkZrSYBA,1,1,1,0,0,@zoilagarcia9019,@zoilagarcia9019,39.0
UC4wq3DcbfaG6dtCqn8Oyu3w,1,1,1,1,0,@hugoasencio7764,@hugoasencio7764,30.0
UC5PrBbmUlQolwqmiru7yZhw,1,1,1,0,1,@lazarochavez8269,@lazarochavez8269,352.0
UC5PyGvSfFM--OVKmQ3COu6g,1,1,1,3,0,@FreddyGmez,@FreddyGmez,61.0
UC5bG9nc_JV3FsNP2KseQiYw,1,1,1,2,0,@giovannirodas4836,@giovannirodas4836,313.0
UC5fvhAfm89JH8eDFdvc0xYw,1,1,1,0,0,@isaidiaz2388,@isaidiaz2388,19.0
UC5hvEnRUzI4Kfvwnyi4QxqQ,1,1,1,2,0,@leonelsantizo5281,@leonelsantizo5281,105.0
UC5wuDq3U3vRAhOQI3D7gNdw,1,1,1,2,1,@allanreneramirezgonzalez534,@allanreneramirezgonzalez534,69.0
UC63tFvbQ_hJhGDi2nbjssjw,1,1,1,2,0,@AbigailRodas-w2r,@AbigailRodas-w2r,65.0
UC650pRT-OYzny3GwOH8Cgfw,1,1,1,1,0,@edvinparedesherrera7632,@edvinparedesherrera7632,89.0
UC6PvO1_k5lHKGdAPo5_C6TA,1,1,1,1,0,@johnmejia992,@johnmejia992,87.0
UC6Uj1FT5JjDSF8vudvDxPAA,1,1,1,1,0,@alfredoortega9264,@alfredoortega9264,139.0
UC6YSZqL0vEcI-niPKIMUGfw,1,1,1,2,0,@maxwellsales885,@maxwellsales885,174.0
UC6xI_MOaxajIWpoP8BH6E_Q,1,1,1,0,0,@jahirdiaz5862,@jahirdiaz5862,5.0
UC7VUuJr9cGh845CmTvf7TlQ,1,1,1,1,0,@LuisCastillo-oz4df,@LuisCastillo-oz4df,150.0
UC7dadZG7kkGYnsNu6td0FbA,1,1,1,18,0,@lesolorzano,@lesolorzano,55.0
UC816IGbFCZinfYS1LRDaaHg,1,1,1,1,0,@ingenieroar,@ingenieroar,18.0
UC8F2V63KZ4ZEay6opX2hAQw,1,1,1,0,0,@carmenr6311,@carmenr6311,688.0
UC8G5cJONY8L9voMyBW8Eoug,1,1,1,0,0,@luisparedes-pw6qt,@luisparedes-pw6qt,64.0
UC8r11yOugM2NuRfitQOxLLg,1,1,1,1,0,@cesaraugustomoralesmonroy6907,@cesaraugustomoralesmonroy6907,285.0
UC8xlJWNHz1V_W6q3fbuQH8g,1,1,1,1,0,@NormaLópez-v7e,@NormaLópez-v7e,25.0
UC95PSMouTx2N5CbSq0hIyrQ,1,1,1,0,0,@lisss1908,@lisss1908,1.0
UC9Wp6vL5oCU37qC3Aj94WZA,1,1,1,0,0,@ManuelSanchez-b8q2z,@ManuelSanchez-b8q2z,102.0
UC9xr9QvIcDvoZNUX5f-jaZw,1,1,1,0,0,@MariaaliciaColonmorales,@MariaaliciaColonmorales,186.0
UCA93ym2TXs_Ibyxb4Vcn-6Q,1,1,1,0,0,@oswaldosolis8728,@oswaldosolis8728,57.0
UCAKuKvcbfnBD3kF5njNu-IA,1,1,1,0,0,@melvinlopez7096,@melvinlopez7096,22.0
UCAV7QIjYhbDJaycQycM_0eQ,1,1,1,3,0,@mariavail8998,@mariavail8998,149.0
UCAlzM_N6xBlMYmM8EBzX86Q,1,1,1,3,0,@carlossoto3252,@carlossoto3252,458.0
UCAmtbUiIrUIhikru0ZoTFig,1,1,1,7,0,@Aura-vf6dm,@Aura-vf6dm,11.0
UCB5p8a5gklc80jJItP6xTHg,1,1,1,6,0,@ernestogamboa8737,@ernestogamboa8737,91.0
UCBtB5dIyx-C16UN8ClUD2UA,1,1,1,0,0,@alexmonzon4257,@alexmonzon4257,45.0
UCCBYcToQ2dwkd6TJh0FSyDg,1,1,1,0,0,@lidiarodriguez3493,@lidiarodriguez3493,84.0
UCCUmP4PlbwgikVFpYwbtRTg,1,1,1,3,0,@alhvi,@alhvi,153.0
UCCaYwkkbQGcvFoUmothVdQQ,1,1,1,0,0,@OsvaldoAguirre-l3i,@OsvaldoAguirre-l3i,226.0
UCDIMztpVm7G27qBuiWuT6oQ,1,1,1,0,0,@lizardomorataya8274,@lizardomorataya8274,13.0
UCDPWkUX3sNNaCx-m1dV4glA,1,1,1,0,0,@hectoroliva949,@hectoroliva949,105.0
UCDQaQv0hr2SS_PO-CMEwVHg,1,1,1,1,0,@federicosaquimux1933,@federicosaquimux1933,235.0
UCDUffaruH6dyUnUGwsTKpgg,1,1,1,2,0,@luisletona2842,@luisletona2842,18.0
UCDftMWXQoJ6nONfY7GVOVjg,1,1,1,0,0,@luisgpacheco5858,@luisgpacheco5858,257.0
UCDlr1VadSucIZgZ171pRBjQ,1,1,1,0,0,@cuabatzjj5924,@cuabatzjj5924,18.0
UCDrmf9y9nLgFY5wnA2hTuGA,1,1,1,1,0,@laboratorio5528,@laboratorio5528,144.0
UCEHXl4VvvVpq-_4xC5tsbhg,1,1,1,7,0,@anibalg47,@anibalg47,123.0
UCEgEQmRbtL5fwr9_DqAC--g,1,1,1,2,0,@ArielRodas-g5y,@ArielRodas-g5y,60.0
UCErZPJpHmLCsXs8ZWkAUupQ,1,1,1,2,1,@dorisl.garciaroche7763,@dorisl.garciaroche7763,192.0
UCFFrEmn6lPYiWyElpfzTy5Q,1,1,1,0,0,@denilsonlopez4083,@denilsonlopez4083,22.0
UCFOxCyF926Y9eHhMeVoWLzw,1,1,1,3,0,@arielsarc09,@arielsarc09,116.0
UCFUuDARXdmmIrLppEqf-rFg,1,1,1,0,0,@allanmunoz7410,@allanmunoz7410,44.0
UCFhxtoeARHPnXXPcDrOU3Xg,1,1,1,2,0,@diegoalejandrolopezmendez205,@diegoalejandrolopezmendez205,89.0
UCFoIAE8k82D6AV-8gjjKaNg,1,1,1,1,1,@eddymunoz9789,@eddymunoz9789,379.0
UCFxE8GbokBrBsPEKM1xrOjQ,1,1,1,10,0,@JuanDavila-qd7qj,@JuanDavila-qd7qj,255.0
UCFybmWapGvBKcQod7cPPH9w,1,1,1,1,0,@vitalianochavez8382,@vitalianochavez8382,29.0
UCGGHbtfbbe0o68etrOf0qxw,1,1,1,0,0,@karensussetteleonvargas9794,@karensussetteleonvargas9794,8.0
UCGX_UbAQOXGZknv5iqklwTA,1,1,1,1,0,@ronaldgarcia8522,@ronaldgarcia8522,21.0
UCGZMgmM92E3njyXNe9-kjAQ,1,1,1,2,1,@pasionpornada,@pasionpornada,139.0
UCGj2v6Gl5bN8NSrzJMXS-CA,1,1,1,0,0,@juliogutierrez492,@juliogutierrez492,173.0
UCGm3gRBEHGRJYmtCryZLtDw,1,1,1,0,0,@JoséLopez-g6k,@JoséLopez-g6k,75.0
UCGqKxQS-z3NZzZF-2w338AA,1,1,1,211,3,@samuelaguilar529,@samuelaguilar529,72.0
UCGzXwyCzMzGmjmCbH3Hg01Q,1,1,1,2,0,@FidelZacarias-ph7dy,@FidelZacarias-ph7dy,109.0
UCHGd14aYuZZShLD73dkk6mg,1,1,1,0,0,@noemiherrera3152,@noemiherrera3152,19.0
UCHMQ_lDhibZ-XZ_3fo6oxwg,1,1,1,16,0,@crislexrubi4387,@crislexrubi4387,43.0
UCHbwIx9pmQuf7i-4_xO2EpA,1,1,1,0,0,@caminoseternos752,@caminoseternos752,87.0
UCHu8x4MVkayU6VgwVKd--MQ,1,1,1,1,0,@Hernandez-i1o,@Hernandez-i1o,201.0
UCIUhbSCy3-SGRe5UtqM4fzQ,1,1,1,1,0,@jeanmorales1677,@jeanmorales1677,202.0
UCIXLDYqR_syskKRJy_x9W9Q,1,1,1,0,0,@carlitosramirez4739,@carlitosramirez4739,6.0
UCIgoiXdIKJyUGmUoH2Lxdzg,1,1,1,3,0,@susievidal4134,@susievidal4134,202.0
UCIp19h9igblA2YKfSLPDAug,1,1,1,14,1,@JoseReyes-rn6sh,@JoseReyes-rn6sh,99.0
UCJp3OrVYcBorC94sKwdch_A,1,1,1,0,0,@ULJoshmg2011,@ULJoshmg2011,1022.0
UCJxJC56BSAX-ArD0NAb9qnQ,1,1,1,0,0,@alfonsowilian9157,@alfonsowilian9157,62.0
UCKDR0f2fu2UzWL8mBv5-BHw,1,1,1,0,0,@mireyamorales6595,@mireyamorales6595,846.0
UCKVzDUqbtdSMBcexaEtMmzQ,1,1,1,0,0,@rotorairgroup8409,@rotorairgroup8409,221.0
UCL1MT278vSaQ83ZDkVWn1gw,1,1,1,20,0,@elmorodriguez6978,@elmorodriguez6978,482.0
UCLXYp1Cvc5DLtq5UQL5D9vw,1,1,1,3,1,@jorgecifuentes-m5g,@jorgecifuentes-m5g,15.0
UCLh1Kde4_vI1sTZBkTNP7RQ,1,1,1,0,0,@JoelReynoso-d4r,@JoelReynoso-d4r,4.0
UCN2N_wYOw6fMwCeSzdXLPIw,1,1,1,0,0,@danielantoniogonzalezflore4901,@danielantoniogonzalezflore4901,296.0
UCN6qbfPSzFtjhqUDZ3Cv3CQ,1,1,1,2,0,@carlosmedranovelasquez6380,@carlosmedranovelasquez6380,158.0
UCNiMNUJvaRJb0_QLClqwVnA,1,1,1,2,0,@Santiago.Nolasco,@Santiago.Nolasco,20.0
UCNkcuy42zEwddwEcOd_HpnA,1,1,1,3,0,@vanigomez492,@vanigomez492,171.0
UCNpt5CQlTzNjlAKY6CJtClQ,1,1,1,0,0,@eustaquiogomez9975,@eustaquiogomez9975,61.0
UCO0zwwLWGyDgQmWPJ5Qrr1w,1,1,1,3,0,@elsalvador3605,@elsalvador3605,49.0
UCOARn3hnfkB7-_Rwa8Hoqcw,1,1,1,0,0,@nicelol5241,@nicelol5241,166.0
UCOLHH4ZpMxPYF-Q6e6wvn5A,1,1,1,2,1,@luisroldan7374,@luisroldan7374,68.0
UCOS8ViEkccrTZx2w2ccxotA,1,1,1,4,0,@OscarHernandez-q8y,@OscarHernandez-q8y,58.0
UCOY3XpD9qMCRSA8AA8c4CAw,1,1,1,1,0,@franciscorodas9686,@franciscorodas9686,106.0
UCOcUI5XkTYNMSFhZNMIPpGg,1,1,1,3,0,@hendersonlopez3864,@hendersonlopez3864,501.0
UCOh6DaZC_x9HASnlRylEMfw,1,1,1,0,0,@AndresMedina-v1s,@AndresMedina-v1s,154.0
UCPLW0HE3siElqCgXfgWxMqg,1,1,1,0,0,@elizabethmonterroso7719,@elizabethmonterroso7719,198.0
UCPNXmbOBVeC4HS-xemvcPtQ,1,1,1,2,3,@BelkisRodriguezRamirez,@BelkisRodriguezRamirez,161.0
UCPZueDLrCS4BmTBRMA4q0fA,1,1,1,1,1,@kevinochoa3695,@kevinochoa3695,322.0
UCQIdKuZ-OzuFqy0KjGrgesg,1,1,1,1,0,@lyacausa,@lyacausa,46.0
UCQM2tCKRRytVDRxNUfCDqQQ,1,1,1,0,0,@elioelias7267,@elioelias7267,2.0
UCQMMuADgqWUOcJpLwHOzC-g,1,1,1,0,0,@Ripped-Yoda,@Ripped-Yoda,78.0
UCQgYjVngJRfPHDLGB5X6ZjA,1,1,1,0,0,@oscarnavas9996,@oscarnavas9996,61.0
UCQqetiwzzmRNTM5OWuXarGQ,1,1,1,1,0,@isaiaslopezvelasquez1539,@isaiaslopezvelasquez1539,25.0
UCQqlPPUGqAfWjd-FSh_qn7Q,1,1,1,0,0,@estuardoargueta137,@estuardoargueta137,137.0
UCQtSFINs1h6GHkpg9o5kMvg,1,1,1,12,0,@MacarioMartinezruiz,@MacarioMartinezruiz,77.0
UCQyOePccUP-fIJYzchAgZYw,1,1,1,0,0,@aguilar4254,@aguilar4254,117.0
UCRAquv8el-tQ30bN7MlmySQ,1,1,1,4,0,@iamjimalesssa,@iamjimalesssa,97.0
UCRETAiYdh2dL5ZxB0_N1zDA,1,1,1,0,0,@Joseroland21,@Joseroland21,117.0
UCRcSR3Lvn9DZAmJpVPANfZQ,1,1,1,68,0,@WalksandSuch,@WalksandSuch,32.0
UCRelkU8JiZBytTzebJxaa-w,1,1,1,3,0,@danyraymundo2942,@danyraymundo2942,84.0
UCRfkkatKrNtAARnXMMYBGlA,1,1,1,0,0,@BernerSoza-mg3vx,@BernerSoza-mg3vx,89.0
UCRlCV9zSn7avAWh-9_XFWqQ,1,1,1,1,0,@ronyarana8849,@ronyarana8849,103.0
UCRvPToDkkumha7WJAfCDk1A,1,1,1,0,0,@ligiaguerra3057,@ligiaguerra3057,8.0
UCRznz9-N3Qc1w-qNdLSIY2Q,1,1,1,14,0,@jimmygomez724,@jimmygomez724,53.0
UCSTAUWVc1_82DHYeqOsqEFA,1,1,1,191,2,@TheAlexX_C,@TheAlexX_C,84.0
UCSou6a2OuYGSvPjm5psquyA,1,1,1,0,0,@FranciscoRivera-sf7ne,@FranciscoRivera-sf7ne,26.0
UCTD6q1nyIe3Y7HhqjaMj72w,1,1,1,8,0,@JuanChang-r6k,@JuanChang-r6k,73.0
UCTP3O0rMnc8z8v8jaDQwL0w,1,1,1,1,0,@RobertoZelaya-x1v,@RobertoZelaya-x1v,261.0
UCTTILH6QCIxbTnEWxwRqs1g,1,1,1,0,0,@3762Jorge,@3762Jorge,39.0
UCThW2XNsAaBKme5PUt7n-Zg,1,1,1,0,0,@thelmamoran8565,@thelmamoran8565,269.0
UCTwSut16JyAg3mX6LVUNGqA,1,1,1,0,0,@SuperVictor2005,@SuperVictor2005,533.0
UCTylKrsqkrBKIqubMu_5N0Q,1,1,1,1,0,@edwingeovanymarroquinmarro6684,@edwingeovanymarroquinmarro6684,55.0
UCUIIIPTVDVHAXqhC_5V6lPA,1,1,1,0,0,@gorrarota,@gorrarota,299.0
UCUoYsrx1oZnCZ0usbBJn4fA,1,1,1,1,0,@AnaDiaz-re9sq,@AnaDiaz-re9sq,73.0
UCV0iizTBoOfdAFX_thfI9BA,1,1,1,0,0,@BenjaminLarios-jd8nk,@BenjaminLarios-jd8nk,114.0
UCV0lM03g5fg5pbPj97-sAtA,1,1,1,1,0,@genarodelgado3929,@genarodelgado3929,111.0
UCVQf0tzL7xRzFJsABVVULpg,1,1,1,0,0,@DennisseLopetegi,@DennisseLopetegi,266.0
UCVdjCrh4tQoX3haNAZv-n5A,1,1,1,3,1,@aurahernandez5646,@aurahernandez5646,85.0
UCVhif9eV0f8plICen2DnpKA,1,1,1,0,0,@blogarteplus,@blogarteplus,234.0
UCW-JC6lebVmf2P1dmY_L94g,1,1,1,0,0,@dinoraoroxon5771,@dinoraoroxon5771,203.0
UCW80DaMjQlEUibC98Cot-Dg,1,1,1,0,0,@rogeraldana4289,@rogeraldana4289,223.0
UCWIZUtKJ636y-4TYrNvok0g,1,1,1,5,0,@cesarandreas7824,@cesarandreas7824,118.0
UCWWkebAekppaL5b5CNlppuw,1,1,1,3,0,@ninettmartinez425,@ninettmartinez425,98.0
UCWoAVGVqCn4xtINCMOTM4jg,1,1,1,0,0,@OmarMartinez-vv8re,@OmarMartinez-vv8re,327.0
UCWvntqPQx99k_Z_skWKqNSA,1,1,1,2,1,@AntonioChiyal-x5s,@AntonioChiyal-x5s,21.0
UCXN2s7DwTJm33xO-pNkAdaA,1,1,1,0,0,@edithsan7688,@edithsan7688,12.0
UCXO1BBohNWXkK9SBDAG2ySg,1,1,1,0,0,@JBFlute92,@JBFlute92,20.0
UCXSkL3ejZ8qWYyF_M7s_QKA,1,1,1,0,0,@JacintaTzoy,@JacintaTzoy,135.0
UCXVLc8CmAO813ubM-fLvCDw,1,1,1,7,0,@herminiasaquimux7565,@herminiasaquimux7565,145.0
UCXgr7vXlRrsaskPdo097kGA,1,1,1,0,0,@Rogergh-nw4oj,@Rogergh-nw4oj,24.0
UCXl30Y_upRqbti52fmjK4YA,1,1,1,0,0,@capitanfrans,@capitanfrans,96.0
UCXmrpc6Li0spcKxtS0Q_ptg,1,1,1,10,0,@melvinperez6710,@melvinperez6710,179.0
UCXr8_5WtGeipe4haOoQDgyQ,1,1,1,0,0,@amyherrera7352,@amyherrera7352,144.0
UCY7Hq7F9Lnucf-Yr6JkHZNw,1,1,1,79,0,@maynorcalel1442,@maynorcalel1442,12.0
UCYN4wSQ1Sx4_LurxLlW7MPg,1,1,1,0,0,@belarminavillatoro6474,@belarminavillatoro6474,902.0
UCYwpX26TrCxq8TvbKGRYLXA,1,1,1,3,0,@beneficioelcaminovillacana8540,@beneficioelcaminovillacana8540,218.0
UCZ51R_9Q9C0c8I3pAWhtmjQ,1,1,1,8,0,@belvettzapeta1251,@belvettzapeta1251,35.0
UCZFQwqh90apuL8eFhvRBkUg,1,1,1,9,0,@luisricardo9671,@luisricardo9671,516.0
UCZIQnb1fkwe39Iw2TAu-bGA,1,1,1,1,0,@jorgegomez2237,@jorgegomez2237,141.0
UCZLG9qH0tUjNhEGFIUt0CYw,1,1,1,1,0,@SoniaMarroquin-y6e,@SoniaMarroquin-y6e,22.0
UCZOmq6MwFDVoCaEl99BRRaw,1,1,1,0,0,@daniloarevalo3170,@daniloarevalo3170,422.0
UCZeIIQrGAedW8tCbKWmGY-A,1,1,1,9,0,@mariocordon8873,@mariocordon8873,117.0
UCZjm6U576nX8WOiLhmMR3bw,1,1,1,3,1,@MariaNavarroYT,@MariaNavarroYT,17.0
UC_3xuTXvMIWU5MYP9HkJ3vQ,1,1,1,4,0,@Historia-wm4os,@Historia-wm4os,61.0
UC_6KbBY1bsYXz9fwFS0eQRg,1,1,1,0,0,@imrcp5694,@imrcp5694,10.0
UC_LYoGs5C3mbZKZuKuqYCvw,1,1,1,7,0,@javiercifuentesarchila6041,@javiercifuentesarchila6041,23.0
UC_NRVt2UP88ZNTwzrZ66JSg,1,1,1,2,0,@aditalissethevasquezrojas8039,@aditalissethevasquezrojas8039,69.0
UC_ljZ1hZXR9pzexFz87P5ZA,1,1,1,0,0,@ChRiStOpHeR7969,@ChRiStOpHeR7969,216.0
UCa36MjQLoPAmgJo-R3G8WQA,1,1,1,3,0,@elsasalguero6914,@elsasalguero6914,41.0
UCaKAjTW9MVub_clgr4DRYjQ,1,1,1,6,0,@josecastillo4390,@josecastillo4390,29.0
UCaT4saRcyqCLE657Rq2hhZQ,1,1,1,0,0,@elmilenial4064,@elmilenial4064,26.0
UCaT6M2zp7X6r6Whd8Vv3kHQ,1,1,1,1,0,@alexarcos8349,@alexarcos8349,68.0
UCat2qkYvqmtDNEmo2PVuhXw,1,1,1,1,0,@DoraSalas-j5o,@DoraSalas-j5o,48.0
UCbNanjFI51cwGqMAb2rOrBw,1,1,1,0,0,@RosaMontesdeOca777,@RosaMontesdeOca777,105.0
UCbYoNG5J3Au5BqtbXogfEFw,1,1,1,1,0,@Luis-gn3fj,@Luis-gn3fj,34.0
UCcFIBN-rtC3d3hXeuN5TfWw,1,1,1,0,0,@DenisRMC,@DenisRMC,237.0
UCc_F88PzGWtA1OPNUEASulA,1,1,1,0,0,@rockyscarlet,@rockyscarlet,129.0
UCcfdg8crmMJwEuLUsAhV7yg,1,1,1,1,0,@RolandoRaguay,@RolandoRaguay,235.0
UCdQAuWwyC99MB7Y02Umj26Q,1,1,1,0,0,@miguelbran1268,@miguelbran1268,368.0
UCe8JZoYkX5oKUZyivHYdXhw,1,1,1,0,0,@FernandoGarcia-jg1fj,@FernandoGarcia-jg1fj,276.0
UCeDNEtI8_a42bZ47wJiJMwQ,1,1,1,0,0,@EdgarcalderonCalderong,@EdgarcalderonCalderong,34.0
UCeQk-WfEA-cJRq4EKeE7TOw,1,1,1,0,0,@franciscojuarez9223,@franciscojuarez9223,246.0
UCefAH1MbvADWUjE9WVcB9EQ,1,1,1,0,0,@jabriz8152,@jabriz8152,127.0
UCf5lnNZF7Qrtli9v4N_23WQ,1,1,1,0,0,@CarlosCortez-v5r,@CarlosCortez-v5r,57.0
UCfM3nrxtTQMY5jFx1v1J4Gg,1,1,1,0,0,@edgarroldan5539,@edgarroldan5539,91.0
UCfRqgt2O-vjzUDMZY_tnxQw,1,1,1,0,0,@Williams-Garcia67E,@Williams-Garcia67E,44.0
UCfXykdbSU97rj987LDUGfvg,1,1,1,1,0,@MariaSantos-c8y3h,@MariaSantos-c8y3h,20.0
UCfjhejO7LZy4doXURa7LZCQ,1,1,1,0,0,@HonwayLee-z5g,@HonwayLee-z5g,2.0
UCfo_yUPzy1f1POwwZxhZ06Q,1,1,1,1,0,@lara11roberto,@lara11roberto,206.0
UCgGqw4aqMdMVSGkKiMgrJRQ,1,1,1,0,0,@pattyfigueroa5609,@pattyfigueroa5609,84.0
UCgJNFj5dnxXpcMvmuhZDPxA,1,1,1,1,0,@NataliaRodriguez-rx5mr,@NataliaRodriguez-rx5mr,16.0
UCgLrWFdYitoP-b7-PxtUr-w,1,1,1,405,3,@zetag,@zetag,32.0
UCgLurCo-e019HGODcjXHWCw,1,1,1,2,0,@perritojuega1,@perritojuega1,24.0
UCgQJgI9vu1FI2dnC9mrFthw,1,1,1,2,0,@srms70,@srms70,37.0
UCgQw_Sbq3ugruDUKsq1e0-A,1,1,1,0,0,@marlenareano-h4t,@marlenareano-h4t,70.0
UCgvw7xIdGFupzpt1Y_BFkEA,1,1,1,1,0,@fredygarcia9151,@fredygarcia9151,58.0
UChT7pzGytNd92Nmvi-zuWog,1,1,1,1,0,@sparkvalkov,@sparkvalkov,19.0
UChZknRmJkeGeQk0-mQuhDOg,1,1,1,1,0,@OdilioRodríguez-c5w,@OdilioRodríguez-c5w,168.0
UCheEJ5GZuIvV0fj-nXyVwXw,1,1,1,0,0,@rosaoliva9389,@rosaoliva9389,54.0
UChep9kVb5gQmpodEEl10Xlg,1,1,1,0,0,@carlosaguilar-kz7ml,@carlosaguilar-kz7ml,107.0
UChgkn5Jt5tWKYMoEOuCjz3Q,1,1,1,2,0,@pablochitay46,@pablochitay46,36.0
UChyps3dqY-VY1_wLeq-2lhw,1,1,1,14,1,@maydamorales4395,@maydamorales4395,346.0
UCi-vPdnpQreC7BkFs40mJGA,1,1,1,35,0,@bryansicasales4280,@bryansicasales4280,64.0
UCiC-Jn7wdgyQV4_Urk0DkWQ,1,1,1,1,0,@pedroros6358,@pedroros6358,169.0
UCiGRBf2RNF0WRKhRVT7zFoA,1,1,1,0,0,@edwinavila4876,@edwinavila4876,237.0
UCiMythXHsw7eQEMykCdmMUA,1,1,1,2,0,@JavierBecerra-h6x,@JavierBecerra-h6x,114.0
UCiOZX__1gahg1ypIj0_XG_w,1,1,1,1,0,@mariogonzalezorellana8956,@mariogonzalezorellana8956,14.0
UCipetjeiWj4CZB6EbyYziZg,1,1,1,0,0,@OseasSamayoa-ol5rz,@OseasSamayoa-ol5rz,103.0
UCj-LL25XJnjxepPKCc3NGog,1,1,1,1,0,@anaaguirre8985,@anaaguirre8985,321.0
UCjJf-AJKRFFWtiN-CSwkDmA,1,1,1,0,0,@2jose82,@2jose82,276.0
UCjSKM9j0Q7HLDr1hD6D-TUw,1,1,1,2,0,@josehidalgo4875,@josehidalgo4875,444.0
UCjmPuazZJzscrwvk0QR9RVw,1,1,1,2,0,@mynorrodas8591,@mynorrodas8591,187.0
UCk4O-J1BhoqPmig1KLGJePA,1,1,1,0,0,@lazarobarillas3575,@lazarobarillas3575,51.0
UCkVtmkK07b2zaVVNssX4lOg,1,1,1,0,0,@HectorElias-u2l,@HectorElias-u2l,47.0
UCkbsS_3D-pvg1iHOld9uvIg,1,1,1,0,0,@gonzalo6075,@gonzalo6075,80.0
UCkxdJ_yGN2gghOMo2ybQtXQ,1,1,1,1,0,@11223344An,@11223344An,72.0
UCl0ekS9Tt0jJGtOEM18S63w,1,1,1,0,0,@monkchapin,@monkchapin,12.0
UCld2stqxaVSk0QdGncM224A,1,1,1,4,0,@sarahernandez3873,@sarahernandez3873,222.0
UClhMWQ7XKWywYvbRnuf8QsA,1,1,1,0,0,@EcPerez-zz9oh,@EcPerez-zz9oh,52.0
UCljDbleJul41G1TzOjOZAVA,1,1,1,1,0,@hectorcarranza3777,@hectorcarranza3777,279.0
UClqA491Xa5fQcXcJJa-vTWw,1,1,1,0,0,@AndresLemus-k2d,@AndresLemus-k2d,127.0
UClsrFGJKWPxxw7MiaEdKLXw,1,1,1,3,2,@ericapaz5406,@ericapaz5406,246.0
UCmjppp6ujz3SAnULvP3sZMw,1,1,1,0,0,@marcomendez7509,@marcomendez7509,196.0
UCmvOgzmmXbjUthHy-WJ52hQ,1,1,1,1,0,@mariorodas593,@mariorodas593,42.0
UCnU8wO1OurAmGstDw6VGjgQ,1,1,1,0,0,@cmorera21,@cmorera21,1525.0
UColMq7LmaoY3MT6aIDGrGvA,1,1,1,0,0,@quijotachapina1,@quijotachapina1,124.0
UCozFYHN0e_-vlQbX3wQGOug,1,1,1,5,2,@jesusguzman2321,@jesusguzman2321,125.0
UCp4iw5_5SmV9VGTFSNVGOmQ,1,1,1,0,0,@CARLOSSTREMS51,@CARLOSSTREMS51,212.0
UCpIdtvoFHVLGASGB5ySqIEA,1,1,1,1,0,@VidalVillatoro-p4w,@VidalVillatoro-p4w,163.0
UCp_dAUfv8i3LW3zWc24dLaQ,1,1,1,1,0,@MarioCortez-o6v,@MarioCortez-o6v,22.0
UCpe5jW3MIqkgTJ-PgkzvM6Q,1,1,1,1,0,@carloslam5333,@carloslam5333,42.0
UCpl8rF8uv_8uui-QRvuJaRA,1,1,1,0,0,@SergioGarcia-z9c,@SergioGarcia-z9c,108.0
UCplrIQtaPj6au60_f2-mOYw,1,1,1,0,0,@romeolopezherrarte799,@romeolopezherrarte799,87.0
UCq3mDTTRZnUybct5M9OSXbg,1,1,1,1,0,@MacoMorales-i2i2d,@MacoMorales-i2i2d,14.0
UCqCrvuoJpC-aVb0f4logQRQ,1,1,1,0,0,@Lyrics_GT,@Lyrics_GT,176.0
UCqilIa8r7iek5sGYg_q6ofA,1,1,1,52,1,@rolandojuchuna484,@rolandojuchuna484,87.0
UCql1n3Ey6ULMSOACjMe-fxQ,1,1,1,6,7,@RolandoGonzalez-o7g,@RolandoGonzalez-o7g,164.0
UCr1emrogPKkKTs_WTtx71xg,1,1,1,0,0,@domingopeneleu6457,@domingopeneleu6457,34.0
UCrqXyRsg-_hTosURZ-uvoKg,1,1,1,0,0,@flornolberto2425,@flornolberto2425,207.0
UCsGoJEvb-cFPZ2rWoJcXzEQ,1,1,1,10,0,@sergiohinestroza9709,@sergiohinestroza9709,67.0
UCsJJAvrVGupdmhOqgtDp8dg,1,1,1,1,0,@nestorlorenzana1168,@nestorlorenzana1168,82.0
UCsSXdJct-nsS8DsABoEsaYA,1,1,1,2,1,@IvánPérez-j4j,@IvánPérez-j4j,185.0
UCs_5qeqdku9tGAq22y3OcuQ,1,1,1,4,0,@alexandrevasquez4135,@alexandrevasquez4135,203.0
UCsjs5Hp_r86x1xbK6FAeqaA,1,1,1,2,0,@alvaroesquivel563,@alvaroesquivel563,210.0
UCtMBF_1O2jY2INlb_luuB_A,1,1,1,15,0,@mynorgudiel8646,@mynorgudiel8646,127.0
UCtNfIBnc5S5DbbQj_yxgJTw,1,1,1,1,0,@JosueRamirez-ey3ih,@JosueRamirez-ey3ih,10.0
UCtUR3_CAiE7fCoZHM6cMfyQ,1,1,1,10,0,@mdelcid01,@mdelcid01,74.0
UCtiHFjFu7d5v2XxHnKFUYig,1,1,1,0,0,@Paul-gf7ec,@Paul-gf7ec,111.0
UCtowGNY2lnlg6O2CkwDgkLg,1,1,1,2,0,@taniagabrielacelis8434,@taniagabrielacelis8434,102.0
UCtsxPYw8VUsH_FfnKg-0lmw,1,1,1,2,0,@AlejandroPérez-b6r,@AlejandroPérez-b6r,62.0
UCu8_3-Wg-YzNyvHYQDEscfw,1,1,1,2,0,@RolandoCastroPérez-d7y,@RolandoCastroPérez-d7y,134.0
UCuP4UK33HKtJE_S39ksmaTw,1,1,1,0,0,@herbertaguilar1387,@herbertaguilar1387,140.0
UCuXmOjxC-htcprLgeVXz6Tg,1,1,1,1,0,@jorgeaguilar-bq3uj,@jorgeaguilar-bq3uj,286.0
UCueV9cTyTDwgQSec1x2dYgA,1,1,1,0,0,@fredydomingo7062,@fredydomingo7062,56.0
UCujPF2nBgsTD62nWE3lcpIg,1,1,1,0,0,@victorarturoruanobautista7588,@victorarturoruanobautista7588,63.0
UCusjriFsDHEc2AOjqk-p5ig,1,1,1,2,0,@pablobarrios7931,@pablobarrios7931,379.0
UCvApqeCbLod-wejtT4CcVuA,1,1,1,15,0,@davidgaher9550,@davidgaher9550,110.0
UCvDwJBBY1mHK70aTEYl6rsA,1,1,1,1,0,@cristianescobedo8296,@cristianescobedo8296,273.0
UCvl1tzQeBeGy6efPTRJXSCw,1,1,1,0,0,@RaulPerez-cw2vi,@RaulPerez-cw2vi,175.0
UCwCfs-2zbD5k0lG-UVg_JBw,1,1,1,0,0,@JessicaHuaz-96,@JessicaHuaz-96,41.0
UCwEe1RKlEv1UpNWmWYfSh4w,1,1,1,0,0,@marioramirez299,@marioramirez299,236.0
UCwO2SXr0ggzwg6QWWrr01nQ,1,1,1,11,0,@ricardofigueroa5720,@ricardofigueroa5720,35.0
UCwUAv3_LpWVtTIi7lkmTL7A,1,1,1,16,0,@kingr4706,@kingr4706,182.0
UCwgCc9Jd_gG-uLE_SY-FfPg,1,1,1,0,0,@armindapenados2841,@armindapenados2841,47.0
UCwha8rxULYMVtNwZWeSkE1A,1,1,1,0,0,@mariasamo8637,@mariasamo8637,85.0
UCwjUvRseNtJoItylIyIez7Q,1,1,1,0,0,@Silviazea,@Silviazea,32.0
UCwxoKK59nGCeBqB2sXfDBIw,1,1,1,0,1,@vic-bonivideos,@vic-bonivideos,428.0
UCxKR3RA8T-kxMgq_2WWhRcQ,1,1,1,329,5,@elenaluarca9377,@elenaluarca9377,293.0
UCxcoDvP-g2_KTZDmVZtvb3w,1,1,1,0,0,@angelmartinez9523,@angelmartinez9523,1237.0
UCxff05WuyvwELNITi7bj7UA,1,1,1,3,0,@markoherrera,@markoherrera,107.0
UCxhtlxPV8AYWaNNyU6S9H8Q,1,1,1,0,0,@WilR-s8r,@WilR-s8r,132.0
UCySYJU5kUh7X8gVt9la2ISA,1,1,1,0,0,@dantesarti4351,@dantesarti4351,144.0
UCyW68EGZey4ao_Vf2cR5Ztg,1,1,1,0,0,@ZabalaXabier,@ZabalaXabier,172.0
UCyor0Mmm0ivLX2jIdyGp84Q,1,1,1,0,0,@MiguelJordan-n3g,@MiguelJordan-n3g,86.0
UCyzf29IYjNw67gGIfsjgtxA,1,1,1,45,0,@carlosoliva9249,@carlosoliva9249,167.0
UCzSfZlOVxBSs5ObD25ywxDQ,1,1,1,0,0,@GilmarMaldonado-q9m,@GilmarMaldonado-q9m,311.0
UCzoL2l5H5eVlorWGH8AZfAg,1,1,1,6,0,@jor77cas,@jor77cas,253.0
