node_id,raw_id,node_type,display_name,handle,channel_id,channel_name,category,source_query,view_count,n_comentarios_observados,n_videos_comentados,n_canales_comentados,degree,degree_centrality,strength,betweenness_ponderada,betweenness_no_ponderada,closeness_wf,harmonic,harmonic_normalizada,pagerank,eigenvector,k_core,clustering_ponderado,componente_id,tamano_de_su_componente,es_punto_articulacion,rank_strength,rank_betweenness,rank_pagerank
A:UCHTGCgY2l-DQJIvlA_cpa_Q,UCHTGCgY2l-DQJIvlA_cpa_Q,author,@virgiliogarcia3039,@virgiliogarcia3039,,,,,,3,2,2,145,0.438066,145,0.239019,0.239019,0.51691,203.8333,0.615811,0.00524313,,127,0.39053,0,276,True,3,1,5
A:UCpsKOkt5iWTbenzeuq7dsmQ,UCpsKOkt5iWTbenzeuq7dsmQ,author,@inge_vergueta,@inge_vergueta,,,,,,3,3,1,183,0.55287,184,0.220278,0.220278,0.542051,221.8333,0.670191,0.00733003,,127,0.276534,0,276,True,1,2,1
A:UCzZ6dDCEsLMXbc5pCFXIprw,UCzZ6dDCEsLMXbc5pCFXIprw,author,@josegil3813,@josegil3813,,,,,,2,2,1,49,0.148036,49,0.18266,0.18266,0.372715,145.4167,0.439325,0.00509794,,31,0.262755,0,276,True,130,3,6
A:UCylqlpsh8ENNM1LqgQ1KbxA,UCylqlpsh8ENNM1LqgQ1KbxA,author,@Jel.Awesh.M,@Jel.Awesh.M,,,,,,3,2,1,174,0.52568,175,0.093646,0.093646,0.524625,216.9333,0.655388,0.00572796,,127,0.304763,0,276,False,2,4,3
A:UCjZgFEowMBrsjodqfovzdKw,UCjZgFEowMBrsjodqfovzdKw,author,@franciscoflores3120,@franciscoflores3120,,,,,,2,2,2,43,0.129909,43,0.057786,0.057786,0.274279,114.8333,0.346928,0.00532308,,31,0.29402,0,276,True,177,5,4
A:UCvcu1kR8xMYy_I1Ty-2mV2Q,UCvcu1kR8xMYy_I1Ty-2mV2Q,author,@hashojea7348,@hashojea7348,,,,,,4,3,1,28,0.084592,29,0.057402,0.057402,0.352041,136.3167,0.411833,0.00619358,,15,0.207299,0,276,True,208,6,2
A:UCbrtvygfRT6QXqWDNrOf-cA,UCbrtvygfRT6QXqWDNrOf-cA,author,@Alejandro00710,@Alejandro00710,,,,,,2,2,1,23,0.069486,24,0.032683,0.032683,0.35069,134.65,0.406798,0.00453739,,15,0.289957,0,276,False,209,7,8
A:UCsUCN0Yq_UyTvKjOJLmNrnQ,UCsUCN0Yq_UyTvKjOJLmNrnQ,author,@moisesvaldez4043,@moisesvaldez4043,,,,,,2,2,2,133,0.401813,133,0.029552,0.029552,0.459707,191.6667,0.579053,0.0046807,,127,0.456611,0,276,True,4,8,7
A:UCdFlugHJJa4l3YqWuNRmvXw,UCdFlugHJJa4l3YqWuNRmvXw,author,@MarcosCarillo-b1r,@MarcosCarillo-b1r,,,,,,2,2,2,54,0.163142,54,0.029552,0.029552,0.358672,145.9833,0.441037,0.00441635,,48,0.399462,0,276,True,129,8,9
A:UC-hfX8J5JPJ-dfuakzegMLA,UC-hfX8J5JPJ-dfuakzegMLA,author,@normaleticiaorozcojuarez2418,@normaleticiaorozcojuarez2418,,,,,,1,1,1,127,0.383686,127,0.0,0.0,0.454223,188.6667,0.56999,0.00326871,,127,0.500016,0,276,False,5,10,10
A:UC-jS_kA9w-OmpupXDx156Rg,UC-jS_kA9w-OmpupXDx156Rg,author,@simoncreyesc7579,@simoncreyesc7579,,,,,,1,1,1,127,0.383686,127,0.0,0.0,0.454223,188.6667,0.56999,0.00326871,,127,0.500016,0,276,False,5,10,10
A:UC-pNP6RMFuLg_-x7Ah_0kEA,UC-pNP6RMFuLg_-x7Ah_0kEA,author,@almacatalan2717,@almacatalan2717,,,,,,1,1,1,127,0.383686,127,0.0,0.0,0.454223,188.6667,0.56999,0.00326871,,127,0.500016,0,276,False,5,10,10
A:UC1vr9aaMI2crB0NvwFHUeoQ,UC1vr9aaMI2crB0NvwFHUeoQ,author,@JoseSimilox-p6e,@JoseSimilox-p6e,,,,,,1,1,1,127,0.383686,127,0.0,0.0,0.454223,188.6667,0.56999,0.00326871,,127,0.500016,0,276,False,5,10,10
A:UC2Y_EHWQKevubk4vOEBBFxw,UC2Y_EHWQKevubk4vOEBBFxw,author,@alfonsomorales2653,@alfonsomorales2653,,,,,,1,1,1,127,0.383686,127,0.0,0.0,0.454223,188.6667,0.56999,0.00326871,,127,0.500016,0,276,False,5,10,10
A:UC2weSE8rpqkGMOp6StYtVfg,UC2weSE8rpqkGMOp6StYtVfg,author,@katerynsantiago2907,@katerynsantiago2907,,,,,,1,1,1,127,0.383686,127,0.0,0.0,0.454223,188.6667,0.56999,0.00326871,,127,0.500016,0,276,False,5,10,10
A:UC3E9mAgP7VoAE5mZoAexl5g,UC3E9mAgP7VoAE5mZoAexl5g,author,@EnnioAroche,@EnnioAroche,,,,,,1,1,1,127,0.383686,127,0.0,0.0,0.454223,188.6667,0.56999,0.00326871,,127,0.500016,0,276,False,5,10,10
A:UC3MYTqpQqlWBuCB7Th0e0PA,UC3MYTqpQqlWBuCB7Th0e0PA,author,@isaaclopez7220,@isaaclopez7220,,,,,,1,1,1,127,0.383686,127,0.0,0.0,0.454223,188.6667,0.56999,0.00326871,,127,0.500016,0,276,False,5,10,10
A:UC3NMzdMYryaw82kPTnsaljg,UC3NMzdMYryaw82kPTnsaljg,author,@marisosa7832,@marisosa7832,,,,,,1,1,1,127,0.383686,127,0.0,0.0,0.454223,188.6667,0.56999,0.00326871,,127,0.500016,0,276,False,5,10,10
A:UC3XTwHxygNCgjndsg-UiCQA,UC3XTwHxygNCgjndsg-UiCQA,author,@marioajset4283,@marioajset4283,,,,,,3,1,1,127,0.383686,127,0.0,0.0,0.454223,188.6667,0.56999,0.00326871,,127,0.500016,0,276,False,5,10,10
A:UC3qn1yJA5PeW9rkGPatQxiw,UC3qn1yJA5PeW9rkGPatQxiw,author,@VICTOREST19,@VICTOREST19,,,,,,1,1,1,127,0.383686,127,0.0,0.0,0.454223,188.6667,0.56999,0.00326871,,127,0.500016,0,276,False,5,10,10
A:UC4cXueR2bKGFJV0Fk76gwmA,UC4cXueR2bKGFJV0Fk76gwmA,author,@aluxdel4792,@aluxdel4792,,,,,,1,1,1,127,0.383686,127,0.0,0.0,0.454223,188.6667,0.56999,0.00326871,,127,0.500016,0,276,False,5,10,10
A:UC4wq3DcbfaG6dtCqn8Oyu3w,UC4wq3DcbfaG6dtCqn8Oyu3w,author,@hugoasencio7764,@hugoasencio7764,,,,,,1,1,1,127,0.383686,127,0.0,0.0,0.454223,188.6667,0.56999,0.00326871,,127,0.500016,0,276,False,5,10,10
A:UC5H8ASmMC9WrURmzeB4ySog,UC5H8ASmMC9WrURmzeB4ySog,author,@ManuelEdran,@ManuelEdran,,,,,,5,1,1,127,0.383686,127,0.0,0.0,0.454223,188.6667,0.56999,0.00326871,,127,0.500016,0,276,False,5,10,10
A:UC5bG9nc_JV3FsNP2KseQiYw,UC5bG9nc_JV3FsNP2KseQiYw,author,@giovannirodas4836,@giovannirodas4836,,,,,,1,1,1,127,0.383686,127,0.0,0.0,0.454223,188.6667,0.56999,0.00326871,,127,0.500016,0,276,False,5,10,10
A:UC650pRT-OYzny3GwOH8Cgfw,UC650pRT-OYzny3GwOH8Cgfw,author,@edvinparedesherrera7632,@edvinparedesherrera7632,,,,,,1,1,1,127,0.383686,127,0.0,0.0,0.454223,188.6667,0.56999,0.00326871,,127,0.500016,0,276,False,5,10,10
A:UC6PvO1_k5lHKGdAPo5_C6TA,UC6PvO1_k5lHKGdAPo5_C6TA,author,@johnmejia992,@johnmejia992,,,,,,1,1,1,127,0.383686,127,0.0,0.0,0.454223,188.6667,0.56999,0.00326871,,127,0.500016,0,276,False,5,10,10
A:UC6YSZqL0vEcI-niPKIMUGfw,UC6YSZqL0vEcI-niPKIMUGfw,author,@maxwellsales885,@maxwellsales885,,,,,,1,1,1,127,0.383686,127,0.0,0.0,0.454223,188.6667,0.56999,0.00326871,,127,0.500016,0,276,False,5,10,10
A:UC72gBAtyb_VXQlYDcFrh6oQ,UC72gBAtyb_VXQlYDcFrh6oQ,author,@osmanmorales3012,@osmanmorales3012,,,,,,3,1,1,127,0.383686,127,0.0,0.0,0.454223,188.6667,0.56999,0.00326871,,127,0.500016,0,276,False,5,10,10
A:UC7VUuJr9cGh845CmTvf7TlQ,UC7VUuJr9cGh845CmTvf7TlQ,author,@LuisCastillo-oz4df,@LuisCastillo-oz4df,,,,,,1,1,1,127,0.383686,127,0.0,0.0,0.454223,188.6667,0.56999,0.00326871,,127,0.500016,0,276,False,5,10,10
A:UC8F2V63KZ4ZEay6opX2hAQw,UC8F2V63KZ4ZEay6opX2hAQw,author,@carmenr6311,@carmenr6311,,,,,,1,1,1,127,0.383686,127,0.0,0.0,0.454223,188.6667,0.56999,0.00326871,,127,0.500016,0,276,False,5,10,10
A:UC8G5cJONY8L9voMyBW8Eoug,UC8G5cJONY8L9voMyBW8Eoug,author,@luisparedes-pw6qt,@luisparedes-pw6qt,,,,,,1,1,1,127,0.383686,127,0.0,0.0,0.454223,188.6667,0.56999,0.00326871,,127,0.500016,0,276,False,5,10,10
A:UC8r11yOugM2NuRfitQOxLLg,UC8r11yOugM2NuRfitQOxLLg,author,@cesaraugustomoralesmonroy6907,@cesaraugustomoralesmonroy6907,,,,,,1,1,1,127,0.383686,127,0.0,0.0,0.454223,188.6667,0.56999,0.00326871,,127,0.500016,0,276,False,5,10,10
A:UC9vMq1YF-e7C-VO0SHkbUTA,UC9vMq1YF-e7C-VO0SHkbUTA,author,@ErvinLeonardoCarreraLatín,@ErvinLeonardoCarreraLatín,,,,,,4,1,1,127,0.383686,127,0.0,0.0,0.454223,188.6667,0.56999,0.00326871,,127,0.500016,0,276,False,5,10,10
A:UC9xr9QvIcDvoZNUX5f-jaZw,UC9xr9QvIcDvoZNUX5f-jaZw,author,@MariaaliciaColonmorales,@MariaaliciaColonmorales,,,,,,1,1,1,127,0.383686,127,0.0,0.0,0.454223,188.6667,0.56999,0.00326871,,127,0.500016,0,276,False,5,10,10
A:UCA93ym2TXs_Ibyxb4Vcn-6Q,UCA93ym2TXs_Ibyxb4Vcn-6Q,author,@oswaldosolis8728,@oswaldosolis8728,,,,,,1,1,1,127,0.383686,127,0.0,0.0,0.454223,188.6667,0.56999,0.00326871,,127,0.500016,0,276,False,5,10,10
A:UCAlzM_N6xBlMYmM8EBzX86Q,UCAlzM_N6xBlMYmM8EBzX86Q,author,@carlossoto3252,@carlossoto3252,,,,,,1,1,1,127,0.383686,127,0.0,0.0,0.454223,188.6667,0.56999,0.00326871,,127,0.500016,0,276,False,5,10,10
A:UCAmtbUiIrUIhikru0ZoTFig,UCAmtbUiIrUIhikru0ZoTFig,author,@Aura-vf6dm,@Aura-vf6dm,,,,,,1,1,1,127,0.383686,127,0.0,0.0,0.454223,188.6667,0.56999,0.00326871,,127,0.500016,0,276,False,5,10,10
A:UCB5p8a5gklc80jJItP6xTHg,UCB5p8a5gklc80jJItP6xTHg,author,@ernestogamboa8737,@ernestogamboa8737,,,,,,1,1,1,127,0.383686,127,0.0,0.0,0.454223,188.6667,0.56999,0.00326871,,127,0.500016,0,276,False,5,10,10
A:UCCaYwkkbQGcvFoUmothVdQQ,UCCaYwkkbQGcvFoUmothVdQQ,author,@OsvaldoAguirre-l3i,@OsvaldoAguirre-l3i,,,,,,1,1,1,127,0.383686,127,0.0,0.0,0.454223,188.6667,0.56999,0.00326871,,127,0.500016,0,276,False,5,10,10
A:UCDIMztpVm7G27qBuiWuT6oQ,UCDIMztpVm7G27qBuiWuT6oQ,author,@lizardomorataya8274,@lizardomorataya8274,,,,,,1,1,1,127,0.383686,127,0.0,0.0,0.454223,188.6667,0.56999,0.00326871,,127,0.500016,0,276,False,5,10,10
A:UCDPWkUX3sNNaCx-m1dV4glA,UCDPWkUX3sNNaCx-m1dV4glA,author,@hectoroliva949,@hectoroliva949,,,,,,1,1,1,127,0.383686,127,0.0,0.0,0.454223,188.6667,0.56999,0.00326871,,127,0.500016,0,276,False,5,10,10
A:UCDQaQv0hr2SS_PO-CMEwVHg,UCDQaQv0hr2SS_PO-CMEwVHg,author,@federicosaquimux1933,@federicosaquimux1933,,,,,,1,1,1,127,0.383686,127,0.0,0.0,0.454223,188.6667,0.56999,0.00326871,,127,0.500016,0,276,False,5,10,10
A:UCDUffaruH6dyUnUGwsTKpgg,UCDUffaruH6dyUnUGwsTKpgg,author,@luisletona2842,@luisletona2842,,,,,,1,1,1,127,0.383686,127,0.0,0.0,0.454223,188.6667,0.56999,0.00326871,,127,0.500016,0,276,False,5,10,10
A:UCDftMWXQoJ6nONfY7GVOVjg,UCDftMWXQoJ6nONfY7GVOVjg,author,@luisgpacheco5858,@luisgpacheco5858,,,,,,1,1,1,127,0.383686,127,0.0,0.0,0.454223,188.6667,0.56999,0.00326871,,127,0.500016,0,276,False,5,10,10
A:UCDlr1VadSucIZgZ171pRBjQ,UCDlr1VadSucIZgZ171pRBjQ,author,@cuabatzjj5924,@cuabatzjj5924,,,,,,1,1,1,127,0.383686,127,0.0,0.0,0.454223,188.6667,0.56999,0.00326871,,127,0.500016,0,276,False,5,10,10
A:UCEgEQmRbtL5fwr9_DqAC--g,UCEgEQmRbtL5fwr9_DqAC--g,author,@ArielRodas-g5y,@ArielRodas-g5y,,,,,,1,1,1,127,0.383686,127,0.0,0.0,0.454223,188.6667,0.56999,0.00326871,,127,0.500016,0,276,False,5,10,10
A:UCErZPJpHmLCsXs8ZWkAUupQ,UCErZPJpHmLCsXs8ZWkAUupQ,author,@dorisl.garciaroche7763,@dorisl.garciaroche7763,,,,,,1,1,1,127,0.383686,127,0.0,0.0,0.454223,188.6667,0.56999,0.00326871,,127,0.500016,0,276,False,5,10,10
A:UCFUuDARXdmmIrLppEqf-rFg,UCFUuDARXdmmIrLppEqf-rFg,author,@allanmunoz7410,@allanmunoz7410,,,,,,1,1,1,127,0.383686,127,0.0,0.0,0.454223,188.6667,0.56999,0.00326871,,127,0.500016,0,276,False,5,10,10
A:UCFhxtoeARHPnXXPcDrOU3Xg,UCFhxtoeARHPnXXPcDrOU3Xg,author,@diegoalejandrolopezmendez205,@diegoalejandrolopezmendez205,,,,,,1,1,1,127,0.383686,127,0.0,0.0,0.454223,188.6667,0.56999,0.00326871,,127,0.500016,0,276,False,5,10,10
A:UCFjudnPLoaSL1BaRuLahyHg,UCFjudnPLoaSL1BaRuLahyHg,author,@HaroldoCastillo-rh9iw,@HaroldoCastillo-rh9iw,,,,,,3,1,1,127,0.383686,127,0.0,0.0,0.454223,188.6667,0.56999,0.00326871,,127,0.500016,0,276,False,5,10,10
A:UCFoIAE8k82D6AV-8gjjKaNg,UCFoIAE8k82D6AV-8gjjKaNg,author,@eddymunoz9789,@eddymunoz9789,,,,,,1,1,1,127,0.383686,127,0.0,0.0,0.454223,188.6667,0.56999,0.00326871,,127,0.500016,0,276,False,5,10,10
A:UCFxE8GbokBrBsPEKM1xrOjQ,UCFxE8GbokBrBsPEKM1xrOjQ,author,@JuanDavila-qd7qj,@JuanDavila-qd7qj,,,,,,1,1,1,127,0.383686,127,0.0,0.0,0.454223,188.6667,0.56999,0.00326871,,127,0.500016,0,276,False,5,10,10
A:UCGzXwyCzMzGmjmCbH3Hg01Q,UCGzXwyCzMzGmjmCbH3Hg01Q,author,@FidelZacarias-ph7dy,@FidelZacarias-ph7dy,,,,,,1,1,1,127,0.383686,127,0.0,0.0,0.454223,188.6667,0.56999,0.00326871,,127,0.500016,0,276,False,5,10,10
A:UCHhHUjaMAZ8SiXdCUCj9DkQ,UCHhHUjaMAZ8SiXdCUCj9DkQ,author,@fredymendez1786,@fredymendez1786,,,,,,2,1,1,127,0.383686,127,0.0,0.0,0.454223,188.6667,0.56999,0.00326871,,127,0.500016,0,276,False,5,10,10
A:UCKDR0f2fu2UzWL8mBv5-BHw,UCKDR0f2fu2UzWL8mBv5-BHw,author,@mireyamorales6595,@mireyamorales6595,,,,,,1,1,1,127,0.383686,127,0.0,0.0,0.454223,188.6667,0.56999,0.00326871,,127,0.500016,0,276,False,5,10,10
A:UCL13XhnRzbGokEkCkEOb0-g,UCL13XhnRzbGokEkCkEOb0-g,author,@raquelprado3643,@raquelprado3643,,,,,,2,1,1,127,0.383686,127,0.0,0.0,0.454223,188.6667,0.56999,0.00326871,,127,0.500016,0,276,False,5,10,10
A:UCL1MT278vSaQ83ZDkVWn1gw,UCL1MT278vSaQ83ZDkVWn1gw,author,@elmorodriguez6978,@elmorodriguez6978,,,,,,1,1,1,127,0.383686,127,0.0,0.0,0.454223,188.6667,0.56999,0.00326871,,127,0.500016,0,276,False,5,10,10
A:UCLFdHr9BEbXHkoJopbEPLZw,UCLFdHr9BEbXHkoJopbEPLZw,author,@kanterra4584,@kanterra4584,,,,,,2,1,1,127,0.383686,127,0.0,0.0,0.454223,188.6667,0.56999,0.00326871,,127,0.500016,0,276,False,5,10,10
A:UCLggDc_a5HriXv7I1h02sOA,UCLggDc_a5HriXv7I1h02sOA,author,@guillermogonzalez5153,@guillermogonzalez5153,,,,,,2,1,1,127,0.383686,127,0.0,0.0,0.454223,188.6667,0.56999,0.00326871,,127,0.500016,0,276,False,5,10,10
A:UCN6qbfPSzFtjhqUDZ3Cv3CQ,UCN6qbfPSzFtjhqUDZ3Cv3CQ,author,@carlosmedranovelasquez6380,@carlosmedranovelasquez6380,,,,,,1,1,1,127,0.383686,127,0.0,0.0,0.454223,188.6667,0.56999,0.00326871,,127,0.500016,0,276,False,5,10,10
A:UCNBnKqWf4d-rS4HwJRQljmQ,UCNBnKqWf4d-rS4HwJRQljmQ,author,@LE_A22,@LE_A22,,,,,,2,1,1,127,0.383686,127,0.0,0.0,0.454223,188.6667,0.56999,0.00326871,,127,0.500016,0,276,False,5,10,10
A:UCNkcuy42zEwddwEcOd_HpnA,UCNkcuy42zEwddwEcOd_HpnA,author,@vanigomez492,@vanigomez492,,,,,,1,1,1,127,0.383686,127,0.0,0.0,0.454223,188.6667,0.56999,0.00326871,,127,0.500016,0,276,False,5,10,10
A:UCOLGv5Pf6BF2wFcwUzgcvHg,UCOLGv5Pf6BF2wFcwUzgcvHg,author,@welfrealdana5559,@welfrealdana5559,,,,,,2,1,1,127,0.383686,127,0.0,0.0,0.454223,188.6667,0.56999,0.00326871,,127,0.500016,0,276,False,5,10,10
A:UCOS8ViEkccrTZx2w2ccxotA,UCOS8ViEkccrTZx2w2ccxotA,author,@OscarHernandez-q8y,@OscarHernandez-q8y,,,,,,1,1,1,127,0.383686,127,0.0,0.0,0.454223,188.6667,0.56999,0.00326871,,127,0.500016,0,276,False,5,10,10
A:UCOh6DaZC_x9HASnlRylEMfw,UCOh6DaZC_x9HASnlRylEMfw,author,@AndresMedina-v1s,@AndresMedina-v1s,,,,,,1,1,1,127,0.383686,127,0.0,0.0,0.454223,188.6667,0.56999,0.00326871,,127,0.500016,0,276,False,5,10,10
A:UCQ_-LPP8JAbfkc-b1Q6NvWw,UCQ_-LPP8JAbfkc-b1Q6NvWw,author,@MegaKristenstewart,@MegaKristenstewart,,,,,,2,1,1,127,0.383686,127,0.0,0.0,0.454223,188.6667,0.56999,0.00326871,,127,0.500016,0,276,False,5,10,10
A:UCQgYjVngJRfPHDLGB5X6ZjA,UCQgYjVngJRfPHDLGB5X6ZjA,author,@oscarnavas9996,@oscarnavas9996,,,,,,1,1,1,127,0.383686,127,0.0,0.0,0.454223,188.6667,0.56999,0.00326871,,127,0.500016,0,276,False,5,10,10
A:UCQqetiwzzmRNTM5OWuXarGQ,UCQqetiwzzmRNTM5OWuXarGQ,author,@isaiaslopezvelasquez1539,@isaiaslopezvelasquez1539,,,,,,1,1,1,127,0.383686,127,0.0,0.0,0.454223,188.6667,0.56999,0.00326871,,127,0.500016,0,276,False,5,10,10
A:UCQtICyzWmhC5woCtbNgaSmg,UCQtICyzWmhC5woCtbNgaSmg,author,@nestormendez6216,@nestormendez6216,,,,,,2,1,1,127,0.383686,127,0.0,0.0,0.454223,188.6667,0.56999,0.00326871,,127,0.500016,0,276,False,5,10,10
A:UCQtSFINs1h6GHkpg9o5kMvg,UCQtSFINs1h6GHkpg9o5kMvg,author,@MacarioMartinezruiz,@MacarioMartinezruiz,,,,,,1,1,1,127,0.383686,127,0.0,0.0,0.454223,188.6667,0.56999,0.00326871,,127,0.500016,0,276,False,5,10,10
A:UCRETAiYdh2dL5ZxB0_N1zDA,UCRETAiYdh2dL5ZxB0_N1zDA,author,@Joseroland21,@Joseroland21,,,,,,1,1,1,127,0.383686,127,0.0,0.0,0.454223,188.6667,0.56999,0.00326871,,127,0.500016,0,276,False,5,10,10
A:UCRelkU8JiZBytTzebJxaa-w,UCRelkU8JiZBytTzebJxaa-w,author,@danyraymundo2942,@danyraymundo2942,,,,,,1,1,1,127,0.383686,127,0.0,0.0,0.454223,188.6667,0.56999,0.00326871,,127,0.500016,0,276,False,5,10,10
A:UCRlCV9zSn7avAWh-9_XFWqQ,UCRlCV9zSn7avAWh-9_XFWqQ,author,@ronyarana8849,@ronyarana8849,,,,,,1,1,1,127,0.383686,127,0.0,0.0,0.454223,188.6667,0.56999,0.00326871,,127,0.500016,0,276,False,5,10,10
A:UCSou6a2OuYGSvPjm5psquyA,UCSou6a2OuYGSvPjm5psquyA,author,@FranciscoRivera-sf7ne,@FranciscoRivera-sf7ne,,,,,,1,1,1,127,0.383686,127,0.0,0.0,0.454223,188.6667,0.56999,0.00326871,,127,0.500016,0,276,False,5,10,10
A:UCTD6q1nyIe3Y7HhqjaMj72w,UCTD6q1nyIe3Y7HhqjaMj72w,author,@JuanChang-r6k,@JuanChang-r6k,,,,,,1,1,1,127,0.383686,127,0.0,0.0,0.454223,188.6667,0.56999,0.00326871,,127,0.500016,0,276,False,5,10,10
A:UCTP3O0rMnc8z8v8jaDQwL0w,UCTP3O0rMnc8z8v8jaDQwL0w,author,@RobertoZelaya-x1v,@RobertoZelaya-x1v,,,,,,1,1,1,127,0.383686,127,0.0,0.0,0.454223,188.6667,0.56999,0.00326871,,127,0.500016,0,276,False,5,10,10
A:UCThW2XNsAaBKme5PUt7n-Zg,UCThW2XNsAaBKme5PUt7n-Zg,author,@thelmamoran8565,@thelmamoran8565,,,,,,1,1,1,127,0.383686,127,0.0,0.0,0.454223,188.6667,0.56999,0.00326871,,127,0.500016,0,276,False,5,10,10
A:UCTwSut16JyAg3mX6LVUNGqA,UCTwSut16JyAg3mX6LVUNGqA,author,@SuperVictor2005,@SuperVictor2005,,,,,,1,1,1,127,0.383686,127,0.0,0.0,0.454223,188.6667,0.56999,0.00326871,,127,0.500016,0,276,False,5,10,10
A:UCTylKrsqkrBKIqubMu_5N0Q,UCTylKrsqkrBKIqubMu_5N0Q,author,@edwingeovanymarroquinmarro6684,@edwingeovanymarroquinmarro6684,,,,,,1,1,1,127,0.383686,127,0.0,0.0,0.454223,188.6667,0.56999,0.00326871,,127,0.500016,0,276,False,5,10,10
A:UCUIIIPTVDVHAXqhC_5V6lPA,UCUIIIPTVDVHAXqhC_5V6lPA,author,@gorrarota,@gorrarota,,,,,,1,1,1,127,0.383686,127,0.0,0.0,0.454223,188.6667,0.56999,0.00326871,,127,0.500016,0,276,False,5,10,10
A:UCV0iizTBoOfdAFX_thfI9BA,UCV0iizTBoOfdAFX_thfI9BA,author,@BenjaminLarios-jd8nk,@BenjaminLarios-jd8nk,,,,,,1,1,1,127,0.383686,127,0.0,0.0,0.454223,188.6667,0.56999,0.00326871,,127,0.500016,0,276,False,5,10,10
A:UCWIZUtKJ636y-4TYrNvok0g,UCWIZUtKJ636y-4TYrNvok0g,author,@cesarandreas7824,@cesarandreas7824,,,,,,1,1,1,127,0.383686,127,0.0,0.0,0.454223,188.6667,0.56999,0.00326871,,127,0.500016,0,276,False,5,10,10
A:UCXSkL3ejZ8qWYyF_M7s_QKA,UCXSkL3ejZ8qWYyF_M7s_QKA,author,@JacintaTzoy,@JacintaTzoy,,,,,,1,1,1,127,0.383686,127,0.0,0.0,0.454223,188.6667,0.56999,0.00326871,,127,0.500016,0,276,False,5,10,10
A:UCXXh7yg5KUFIWylTiKVEFKQ,UCXXh7yg5KUFIWylTiKVEFKQ,author,@MrDuenderojo,@MrDuenderojo,,,,,,2,1,1,127,0.383686,127,0.0,0.0,0.454223,188.6667,0.56999,0.00326871,,127,0.500016,0,276,False,5,10,10
A:UCXgr7vXlRrsaskPdo097kGA,UCXgr7vXlRrsaskPdo097kGA,author,@Rogergh-nw4oj,@Rogergh-nw4oj,,,,,,1,1,1,127,0.383686,127,0.0,0.0,0.454223,188.6667,0.56999,0.00326871,,127,0.500016,0,276,False,5,10,10
A:UCXr8_5WtGeipe4haOoQDgyQ,UCXr8_5WtGeipe4haOoQDgyQ,author,@amyherrera7352,@amyherrera7352,,,,,,1,1,1,127,0.383686,127,0.0,0.0,0.454223,188.6667,0.56999,0.00326871,,127,0.500016,0,276,False,5,10,10
A:UCYN4wSQ1Sx4_LurxLlW7MPg,UCYN4wSQ1Sx4_LurxLlW7MPg,author,@belarminavillatoro6474,@belarminavillatoro6474,,,,,,1,1,1,127,0.383686,127,0.0,0.0,0.454223,188.6667,0.56999,0.00326871,,127,0.500016,0,276,False,5,10,10
A:UCYwpX26TrCxq8TvbKGRYLXA,UCYwpX26TrCxq8TvbKGRYLXA,author,@beneficioelcaminovillacana8540,@beneficioelcaminovillacana8540,,,,,,1,1,1,127,0.383686,127,0.0,0.0,0.454223,188.6667,0.56999,0.00326871,,127,0.500016,0,276,False,5,10,10
A:UCZ51R_9Q9C0c8I3pAWhtmjQ,UCZ51R_9Q9C0c8I3pAWhtmjQ,author,@belvettzapeta1251,@belvettzapeta1251,,,,,,1,1,1,127,0.383686,127,0.0,0.0,0.454223,188.6667,0.56999,0.00326871,,127,0.500016,0,276,False,5,10,10
A:UCZLG9qH0tUjNhEGFIUt0CYw,UCZLG9qH0tUjNhEGFIUt0CYw,author,@SoniaMarroquin-y6e,@SoniaMarroquin-y6e,,,,,,1,1,1,127,0.383686,127,0.0,0.0,0.454223,188.6667,0.56999,0.00326871,,127,0.500016,0,276,False,5,10,10
A:UCcfdg8crmMJwEuLUsAhV7yg,UCcfdg8crmMJwEuLUsAhV7yg,author,@RolandoRaguay,@RolandoRaguay,,,,,,1,1,1,127,0.383686,127,0.0,0.0,0.454223,188.6667,0.56999,0.00326871,,127,0.500016,0,276,False,5,10,10
A:UCfM3nrxtTQMY5jFx1v1J4Gg,UCfM3nrxtTQMY5jFx1v1J4Gg,author,@edgarroldan5539,@edgarroldan5539,,,,,,1,1,1,127,0.383686,127,0.0,0.0,0.454223,188.6667,0.56999,0.00326871,,127,0.500016,0,276,False,5,10,10
A:UCgvw7xIdGFupzpt1Y_BFkEA,UCgvw7xIdGFupzpt1Y_BFkEA,author,@fredygarcia9151,@fredygarcia9151,,,,,,1,1,1,127,0.383686,127,0.0,0.0,0.454223,188.6667,0.56999,0.00326871,,127,0.500016,0,276,False,5,10,10
A:UCh5ESQvtzyHDhCA7XyekCFA,UCh5ESQvtzyHDhCA7XyekCFA,author,@andyB5280,@andyB5280,,,,,,3,1,1,127,0.383686,127,0.0,0.0,0.454223,188.6667,0.56999,0.00326871,,127,0.500016,0,276,False,5,10,10
A:UChZknRmJkeGeQk0-mQuhDOg,UChZknRmJkeGeQk0-mQuhDOg,author,@OdilioRodríguez-c5w,@OdilioRodríguez-c5w,,,,,,1,1,1,127,0.383686,127,0.0,0.0,0.454223,188.6667,0.56999,0.00326871,,127,0.500016,0,276,False,5,10,10
A:UChep9kVb5gQmpodEEl10Xlg,UChep9kVb5gQmpodEEl10Xlg,author,@carlosaguilar-kz7ml,@carlosaguilar-kz7ml,,,,,,1,1,1,127,0.383686,127,0.0,0.0,0.454223,188.6667,0.56999,0.00326871,,127,0.500016,0,276,False,5,10,10
A:UChgkn5Jt5tWKYMoEOuCjz3Q,UChgkn5Jt5tWKYMoEOuCjz3Q,author,@pablochitay46,@pablochitay46,,,,,,1,1,1,127,0.383686,127,0.0,0.0,0.454223,188.6667,0.56999,0.00326871,,127,0.500016,0,276,False,5,10,10
A:UChs3tU2BcKOT0CezykvAsGw,UChs3tU2BcKOT0CezykvAsGw,author,@byronpontaza,@byronpontaza,,,,,,3,1,1,127,0.383686,127,0.0,0.0,0.454223,188.6667,0.56999,0.00326871,,127,0.500016,0,276,False,5,10,10
A:UCi1b_TRQfgO1Z9O2gNGGWNA,UCi1b_TRQfgO1Z9O2gNGGWNA,author,@davidisraelesquitsaquil,@davidisraelesquitsaquil,,,,,,2,1,1,127,0.383686,127,0.0,0.0,0.454223,188.6667,0.56999,0.00326871,,127,0.500016,0,276,False,5,10,10
A:UCiGRBf2RNF0WRKhRVT7zFoA,UCiGRBf2RNF0WRKhRVT7zFoA,author,@edwinavila4876,@edwinavila4876,,,,,,1,1,1,127,0.383686,127,0.0,0.0,0.454223,188.6667,0.56999,0.00326871,,127,0.500016,0,276,False,5,10,10
A:UCiMythXHsw7eQEMykCdmMUA,UCiMythXHsw7eQEMykCdmMUA,author,@JavierBecerra-h6x,@JavierBecerra-h6x,,,,,,1,1,1,127,0.383686,127,0.0,0.0,0.454223,188.6667,0.56999,0.00326871,,127,0.500016,0,276,False,5,10,10
A:UCipetjeiWj4CZB6EbyYziZg,UCipetjeiWj4CZB6EbyYziZg,author,@OseasSamayoa-ol5rz,@OseasSamayoa-ol5rz,,,,,,1,1,1,127,0.383686,127,0.0,0.0,0.454223,188.6667,0.56999,0.00326871,,127,0.500016,0,276,False,5,10,10
A:UCj-LL25XJnjxepPKCc3NGog,UCj-LL25XJnjxepPKCc3NGog,author,@anaaguirre8985,@anaaguirre8985,,,,,,1,1,1,127,0.383686,127,0.0,0.0,0.454223,188.6667,0.56999,0.00326871,,127,0.500016,0,276,False,5,10,10
A:UCjSKM9j0Q7HLDr1hD6D-TUw,UCjSKM9j0Q7HLDr1hD6D-TUw,author,@josehidalgo4875,@josehidalgo4875,,,,,,1,1,1,127,0.383686,127,0.0,0.0,0.454223,188.6667,0.56999,0.00326871,,127,0.500016,0,276,False,5,10,10
A:UCjmPuazZJzscrwvk0QR9RVw,UCjmPuazZJzscrwvk0QR9RVw,author,@mynorrodas8591,@mynorrodas8591,,,,,,1,1,1,127,0.383686,127,0.0,0.0,0.454223,188.6667,0.56999,0.00326871,,127,0.500016,0,276,False,5,10,10
A:UCkd9W714-947dEE6ZOEBATA,UCkd9W714-947dEE6ZOEBATA,author,@ARGELIATELON,@ARGELIATELON,,,,,,2,1,1,127,0.383686,127,0.0,0.0,0.454223,188.6667,0.56999,0.00326871,,127,0.500016,0,276,False,5,10,10
A:UCl0ekS9Tt0jJGtOEM18S63w,UCl0ekS9Tt0jJGtOEM18S63w,author,@monkchapin,@monkchapin,,,,,,1,1,1,127,0.383686,127,0.0,0.0,0.454223,188.6667,0.56999,0.00326871,,127,0.500016,0,276,False,5,10,10
A:UCljDbleJul41G1TzOjOZAVA,UCljDbleJul41G1TzOjOZAVA,author,@hectorcarranza3777,@hectorcarranza3777,,,,,,1,1,1,127,0.383686,127,0.0,0.0,0.454223,188.6667,0.56999,0.00326871,,127,0.500016,0,276,False,5,10,10
A:UCmjppp6ujz3SAnULvP3sZMw,UCmjppp6ujz3SAnULvP3sZMw,author,@marcomendez7509,@marcomendez7509,,,,,,1,1,1,127,0.383686,127,0.0,0.0,0.454223,188.6667,0.56999,0.00326871,,127,0.500016,0,276,False,5,10,10
A:UCmvOgzmmXbjUthHy-WJ52hQ,UCmvOgzmmXbjUthHy-WJ52hQ,author,@mariorodas593,@mariorodas593,,,,,,1,1,1,127,0.383686,127,0.0,0.0,0.454223,188.6667,0.56999,0.00326871,,127,0.500016,0,276,False,5,10,10
A:UCp4iw5_5SmV9VGTFSNVGOmQ,UCp4iw5_5SmV9VGTFSNVGOmQ,author,@CARLOSSTREMS51,@CARLOSSTREMS51,,,,,,1,1,1,127,0.383686,127,0.0,0.0,0.454223,188.6667,0.56999,0.00326871,,127,0.500016,0,276,False,5,10,10
A:UCpIdtvoFHVLGASGB5ySqIEA,UCpIdtvoFHVLGASGB5ySqIEA,author,@VidalVillatoro-p4w,@VidalVillatoro-p4w,,,,,,1,1,1,127,0.383686,127,0.0,0.0,0.454223,188.6667,0.56999,0.00326871,,127,0.500016,0,276,False,5,10,10
A:UCpl8rF8uv_8uui-QRvuJaRA,UCpl8rF8uv_8uui-QRvuJaRA,author,@SergioGarcia-z9c,@SergioGarcia-z9c,,,,,,1,1,1,127,0.383686,127,0.0,0.0,0.454223,188.6667,0.56999,0.00326871,,127,0.500016,0,276,False,5,10,10
A:UCplrIQtaPj6au60_f2-mOYw,UCplrIQtaPj6au60_f2-mOYw,author,@romeolopezherrarte799,@romeolopezherrarte799,,,,,,1,1,1,127,0.383686,127,0.0,0.0,0.454223,188.6667,0.56999,0.00326871,,127,0.500016,0,276,False,5,10,10
A:UCr1emrogPKkKTs_WTtx71xg,UCr1emrogPKkKTs_WTtx71xg,author,@domingopeneleu6457,@domingopeneleu6457,,,,,,1,1,1,127,0.383686,127,0.0,0.0,0.454223,188.6667,0.56999,0.00326871,,127,0.500016,0,276,False,5,10,10
A:UCrJn_rbo_ENAdeqneS-RmRw,UCrJn_rbo_ENAdeqneS-RmRw,author,@josecarrera9623,@josecarrera9623,,,,,,2,1,1,127,0.383686,127,0.0,0.0,0.454223,188.6667,0.56999,0.00326871,,127,0.500016,0,276,False,5,10,10
A:UCsJJAvrVGupdmhOqgtDp8dg,UCsJJAvrVGupdmhOqgtDp8dg,author,@nestorlorenzana1168,@nestorlorenzana1168,,,,,,1,1,1,127,0.383686,127,0.0,0.0,0.454223,188.6667,0.56999,0.00326871,,127,0.500016,0,276,False,5,10,10
A:UCsSXdJct-nsS8DsABoEsaYA,UCsSXdJct-nsS8DsABoEsaYA,author,@IvánPérez-j4j,@IvánPérez-j4j,,,,,,1,1,1,127,0.383686,127,0.0,0.0,0.454223,188.6667,0.56999,0.00326871,,127,0.500016,0,276,False,5,10,10
A:UCsjs5Hp_r86x1xbK6FAeqaA,UCsjs5Hp_r86x1xbK6FAeqaA,author,@alvaroesquivel563,@alvaroesquivel563,,,,,,1,1,1,127,0.383686,127,0.0,0.0,0.454223,188.6667,0.56999,0.00326871,,127,0.500016,0,276,False,5,10,10
A:UCtNfIBnc5S5DbbQj_yxgJTw,UCtNfIBnc5S5DbbQj_yxgJTw,author,@JosueRamirez-ey3ih,@JosueRamirez-ey3ih,,,,,,1,1,1,127,0.383686,127,0.0,0.0,0.454223,188.6667,0.56999,0.00326871,,127,0.500016,0,276,False,5,10,10
A:UCtUR3_CAiE7fCoZHM6cMfyQ,UCtUR3_CAiE7fCoZHM6cMfyQ,author,@mdelcid01,@mdelcid01,,,,,,1,1,1,127,0.383686,127,0.0,0.0,0.454223,188.6667,0.56999,0.00326871,,127,0.500016,0,276,False,5,10,10
A:UCueV9cTyTDwgQSec1x2dYgA,UCueV9cTyTDwgQSec1x2dYgA,author,@fredydomingo7062,@fredydomingo7062,,,,,,1,1,1,127,0.383686,127,0.0,0.0,0.454223,188.6667,0.56999,0.00326871,,127,0.500016,0,276,False,5,10,10
A:UCujPF2nBgsTD62nWE3lcpIg,UCujPF2nBgsTD62nWE3lcpIg,author,@victorarturoruanobautista7588,@victorarturoruanobautista7588,,,,,,1,1,1,127,0.383686,127,0.0,0.0,0.454223,188.6667,0.56999,0.00326871,,127,0.500016,0,276,False,5,10,10
A:UCut6b9S98nv84cVX89PmKzA,UCut6b9S98nv84cVX89PmKzA,author,@yeniferaguirre4498,@yeniferaguirre4498,,,,,,2,1,1,127,0.383686,127,0.0,0.0,0.454223,188.6667,0.56999,0.00326871,,127,0.500016,0,276,False,5,10,10
A:UCvApqeCbLod-wejtT4CcVuA,UCvApqeCbLod-wejtT4CcVuA,author,@davidgaher9550,@davidgaher9550,,,,,,1,1,1,127,0.383686,127,0.0,0.0,0.454223,188.6667,0.56999,0.00326871,,127,0.500016,0,276,False,5,10,10
A:UCwO2SXr0ggzwg6QWWrr01nQ,UCwO2SXr0ggzwg6QWWrr01nQ,author,@ricardofigueroa5720,@ricardofigueroa5720,,,,,,1,1,1,127,0.383686,127,0.0,0.0,0.454223,188.6667,0.56999,0.00326871,,127,0.500016,0,276,False,5,10,10
A:UCwW2OFy95P7ZBkOPxWkpvYg,UCwW2OFy95P7ZBkOPxWkpvYg,author,@TeresaLucero-b5o,@TeresaLucero-b5o,,,,,,2,1,1,127,0.383686,127,0.0,0.0,0.454223,188.6667,0.56999,0.00326871,,127,0.500016,0,276,False,5,10,10
A:UCwha8rxULYMVtNwZWeSkE1A,UCwha8rxULYMVtNwZWeSkE1A,author,@mariasamo8637,@mariasamo8637,,,,,,1,1,1,127,0.383686,127,0.0,0.0,0.454223,188.6667,0.56999,0.00326871,,127,0.500016,0,276,False,5,10,10
A:UCxff05WuyvwELNITi7bj7UA,UCxff05WuyvwELNITi7bj7UA,author,@markoherrera,@markoherrera,,,,,,1,1,1,127,0.383686,127,0.0,0.0,0.454223,188.6667,0.56999,0.00326871,,127,0.500016,0,276,False,5,10,10
A:UCySYJU5kUh7X8gVt9la2ISA,UCySYJU5kUh7X8gVt9la2ISA,author,@dantesarti4351,@dantesarti4351,,,,,,1,1,1,127,0.383686,127,0.0,0.0,0.454223,188.6667,0.56999,0.00326871,,127,0.500016,0,276,False,5,10,10
A:UCz3gu01bmjNv0DpRq-K3XYg,UCz3gu01bmjNv0DpRq-K3XYg,author,@eusebiovasquez4385,@eusebiovasquez4385,,,,,,2,1,1,127,0.383686,127,0.0,0.0,0.454223,188.6667,0.56999,0.00326871,,127,0.500016,0,276,False,5,10,10
A:UCzSfZlOVxBSs5ObD25ywxDQ,UCzSfZlOVxBSs5ObD25ywxDQ,author,@GilmarMaldonado-q9m,@GilmarMaldonado-q9m,,,,,,1,1,1,127,0.383686,127,0.0,0.0,0.454223,188.6667,0.56999,0.00326871,,127,0.500016,0,276,False,5,10,10
A:UCzoL2l5H5eVlorWGH8AZfAg,UCzoL2l5H5eVlorWGH8AZfAg,author,@jor77cas,@jor77cas,,,,,,1,1,1,127,0.383686,127,0.0,0.0,0.454223,188.6667,0.56999,0.00326871,,127,0.500016,0,276,False,5,10,10
A:UC-fiZBS5Gp1eCJd9ucgWnCg,UC-fiZBS5Gp1eCJd9ucgWnCg,author,@Tommii.10,@Tommii.10,,,,,,1,1,1,48,0.145015,48,0.0,0.0,0.355326,142.9833,0.431974,0.00289816,,48,0.500115,0,276,False,131,10,230
A:UC1DpqK6vaPEkBOMNvypsKYg,UC1DpqK6vaPEkBOMNvypsKYg,author,@HectorCarranza-u4j4o,@HectorCarranza-u4j4o,,,,,,1,1,1,48,0.145015,48,0.0,0.0,0.355326,142.9833,0.431974,0.00289816,,48,0.500115,0,276,False,131,10,230
A:UC32oozucwCF3q8d4m8fyOUg,UC32oozucwCF3q8d4m8fyOUg,author,@RauldejesusOlivagonzalez,@RauldejesusOlivagonzalez,,,,,,1,1,1,48,0.145015,48,0.0,0.0,0.355326,142.9833,0.431974,0.00289816,,48,0.500115,0,276,False,131,10,230
A:UC3UVO7pTbeYvZ3ILEyRDskQ,UC3UVO7pTbeYvZ3ILEyRDskQ,author,@rosaelenaargueta79,@rosaelenaargueta79,,,,,,1,1,1,48,0.145015,48,0.0,0.0,0.355326,142.9833,0.431974,0.00289816,,48,0.500115,0,276,False,131,10,230
A:UC4Avya4kmR4Q0FrfFdBozSQ,UC4Avya4kmR4Q0FrfFdBozSQ,author,@davidlima1348,@davidlima1348,,,,,,1,1,1,48,0.145015,48,0.0,0.0,0.355326,142.9833,0.431974,0.00289816,,48,0.500115,0,276,False,131,10,230
A:UC5hvEnRUzI4Kfvwnyi4QxqQ,UC5hvEnRUzI4Kfvwnyi4QxqQ,author,@leonelsantizo5281,@leonelsantizo5281,,,,,,1,1,1,48,0.145015,48,0.0,0.0,0.355326,142.9833,0.431974,0.00289816,,48,0.500115,0,276,False,131,10,230
A:UC6Uj1FT5JjDSF8vudvDxPAA,UC6Uj1FT5JjDSF8vudvDxPAA,author,@alfredoortega9264,@alfredoortega9264,,,,,,1,1,1,48,0.145015,48,0.0,0.0,0.355326,142.9833,0.431974,0.00289816,,48,0.500115,0,276,False,131,10,230
A:UC7dadZG7kkGYnsNu6td0FbA,UC7dadZG7kkGYnsNu6td0FbA,author,@lesolorzano,@lesolorzano,,,,,,1,1,1,48,0.145015,48,0.0,0.0,0.355326,142.9833,0.431974,0.00289816,,48,0.500115,0,276,False,131,10,230
A:UC816IGbFCZinfYS1LRDaaHg,UC816IGbFCZinfYS1LRDaaHg,author,@ingenieroar,@ingenieroar,,,,,,1,1,1,48,0.145015,48,0.0,0.0,0.355326,142.9833,0.431974,0.00289816,,48,0.500115,0,276,False,131,10,230
A:UC95PSMouTx2N5CbSq0hIyrQ,UC95PSMouTx2N5CbSq0hIyrQ,author,@lisss1908,@lisss1908,,,,,,1,1,1,48,0.145015,48,0.0,0.0,0.355326,142.9833,0.431974,0.00289816,,48,0.500115,0,276,False,131,10,230
A:UCAKuKvcbfnBD3kF5njNu-IA,UCAKuKvcbfnBD3kF5njNu-IA,author,@melvinlopez7096,@melvinlopez7096,,,,,,1,1,1,48,0.145015,48,0.0,0.0,0.355326,142.9833,0.431974,0.00289816,,48,0.500115,0,276,False,131,10,230
A:UCCBYcToQ2dwkd6TJh0FSyDg,UCCBYcToQ2dwkd6TJh0FSyDg,author,@lidiarodriguez3493,@lidiarodriguez3493,,,,,,1,1,1,48,0.145015,48,0.0,0.0,0.355326,142.9833,0.431974,0.00289816,,48,0.500115,0,276,False,131,10,230
A:UCDrmf9y9nLgFY5wnA2hTuGA,UCDrmf9y9nLgFY5wnA2hTuGA,author,@laboratorio5528,@laboratorio5528,,,,,,1,1,1,48,0.145015,48,0.0,0.0,0.355326,142.9833,0.431974,0.00289816,,48,0.500115,0,276,False,131,10,230
A:UCGGHbtfbbe0o68etrOf0qxw,UCGGHbtfbbe0o68etrOf0qxw,author,@karensussetteleonvargas9794,@karensussetteleonvargas9794,,,,,,1,1,1,48,0.145015,48,0.0,0.0,0.355326,142.9833,0.431974,0.00289816,,48,0.500115,0,276,False,131,10,230
A:UCHbwIx9pmQuf7i-4_xO2EpA,UCHbwIx9pmQuf7i-4_xO2EpA,author,@caminoseternos752,@caminoseternos752,,,,,,1,1,1,48,0.145015,48,0.0,0.0,0.355326,142.9833,0.431974,0.00289816,,48,0.500115,0,276,False,131,10,230
A:UCNpt5CQlTzNjlAKY6CJtClQ,UCNpt5CQlTzNjlAKY6CJtClQ,author,@eustaquiogomez9975,@eustaquiogomez9975,,,,,,1,1,1,48,0.145015,48,0.0,0.0,0.355326,142.9833,0.431974,0.00289816,,48,0.500115,0,276,False,131,10,230
A:UCOcUI5XkTYNMSFhZNMIPpGg,UCOcUI5XkTYNMSFhZNMIPpGg,author,@hendersonlopez3864,@hendersonlopez3864,,,,,,1,1,1,48,0.145015,48,0.0,0.0,0.355326,142.9833,0.431974,0.00289816,,48,0.500115,0,276,False,131,10,230
A:UCQqlPPUGqAfWjd-FSh_qn7Q,UCQqlPPUGqAfWjd-FSh_qn7Q,author,@estuardoargueta137,@estuardoargueta137,,,,,,1,1,1,48,0.145015,48,0.0,0.0,0.355326,142.9833,0.431974,0.00289816,,48,0.500115,0,276,False,131,10,230
A:UCQyOePccUP-fIJYzchAgZYw,UCQyOePccUP-fIJYzchAgZYw,author,@aguilar4254,@aguilar4254,,,,,,1,1,1,48,0.145015,48,0.0,0.0,0.355326,142.9833,0.431974,0.00289816,,48,0.500115,0,276,False,131,10,230
A:UCRAquv8el-tQ30bN7MlmySQ,UCRAquv8el-tQ30bN7MlmySQ,author,@iamjimalesssa,@iamjimalesssa,,,,,,1,1,1,48,0.145015,48,0.0,0.0,0.355326,142.9833,0.431974,0.00289816,,48,0.500115,0,276,False,131,10,230
A:UCRvPToDkkumha7WJAfCDk1A,UCRvPToDkkumha7WJAfCDk1A,author,@ligiaguerra3057,@ligiaguerra3057,,,,,,1,1,1,48,0.145015,48,0.0,0.0,0.355326,142.9833,0.431974,0.00289816,,48,0.500115,0,276,False,131,10,230
A:UCUoYsrx1oZnCZ0usbBJn4fA,UCUoYsrx1oZnCZ0usbBJn4fA,author,@AnaDiaz-re9sq,@AnaDiaz-re9sq,,,,,,1,1,1,48,0.145015,48,0.0,0.0,0.355326,142.9833,0.431974,0.00289816,,48,0.500115,0,276,False,131,10,230
A:UCV0lM03g5fg5pbPj97-sAtA,UCV0lM03g5fg5pbPj97-sAtA,author,@genarodelgado3929,@genarodelgado3929,,,,,,1,1,1,48,0.145015,48,0.0,0.0,0.355326,142.9833,0.431974,0.00289816,,48,0.500115,0,276,False,131,10,230
A:UCW-JC6lebVmf2P1dmY_L94g,UCW-JC6lebVmf2P1dmY_L94g,author,@dinoraoroxon5771,@dinoraoroxon5771,,,,,,1,1,1,48,0.145015,48,0.0,0.0,0.355326,142.9833,0.431974,0.00289816,,48,0.500115,0,276,False,131,10,230
A:UCW80DaMjQlEUibC98Cot-Dg,UCW80DaMjQlEUibC98Cot-Dg,author,@rogeraldana4289,@rogeraldana4289,,,,,,1,1,1,48,0.145015,48,0.0,0.0,0.355326,142.9833,0.431974,0.00289816,,48,0.500115,0,276,False,131,10,230
A:UCWoAVGVqCn4xtINCMOTM4jg,UCWoAVGVqCn4xtINCMOTM4jg,author,@OmarMartinez-vv8re,@OmarMartinez-vv8re,,,,,,1,1,1,48,0.145015,48,0.0,0.0,0.355326,142.9833,0.431974,0.00289816,,48,0.500115,0,276,False,131,10,230
A:UCZeIIQrGAedW8tCbKWmGY-A,UCZeIIQrGAedW8tCbKWmGY-A,author,@mariocordon8873,@mariocordon8873,,,,,,1,1,1,48,0.145015,48,0.0,0.0,0.355326,142.9833,0.431974,0.00289816,,48,0.500115,0,276,False,131,10,230
A:UC_LYoGs5C3mbZKZuKuqYCvw,UC_LYoGs5C3mbZKZuKuqYCvw,author,@javiercifuentesarchila6041,@javiercifuentesarchila6041,,,,,,1,1,1,48,0.145015,48,0.0,0.0,0.355326,142.9833,0.431974,0.00289816,,48,0.500115,0,276,False,131,10,230
A:UCaKAjTW9MVub_clgr4DRYjQ,UCaKAjTW9MVub_clgr4DRYjQ,author,@josecastillo4390,@josecastillo4390,,,,,,1,1,1,48,0.145015,48,0.0,0.0,0.355326,142.9833,0.431974,0.00289816,,48,0.500115,0,276,False,131,10,230
A:UCe8JZoYkX5oKUZyivHYdXhw,UCe8JZoYkX5oKUZyivHYdXhw,author,@FernandoGarcia-jg1fj,@FernandoGarcia-jg1fj,,,,,,1,1,1,48,0.145015,48,0.0,0.0,0.355326,142.9833,0.431974,0.00289816,,48,0.500115,0,276,False,131,10,230
A:UCeDNEtI8_a42bZ47wJiJMwQ,UCeDNEtI8_a42bZ47wJiJMwQ,author,@EdgarcalderonCalderong,@EdgarcalderonCalderong,,,,,,1,1,1,48,0.145015,48,0.0,0.0,0.355326,142.9833,0.431974,0.00289816,,48,0.500115,0,276,False,131,10,230
A:UCgJNFj5dnxXpcMvmuhZDPxA,UCgJNFj5dnxXpcMvmuhZDPxA,author,@NataliaRodriguez-rx5mr,@NataliaRodriguez-rx5mr,,,,,,1,1,1,48,0.145015,48,0.0,0.0,0.355326,142.9833,0.431974,0.00289816,,48,0.500115,0,276,False,131,10,230
A:UCgQw_Sbq3ugruDUKsq1e0-A,UCgQw_Sbq3ugruDUKsq1e0-A,author,@marlenareano-h4t,@marlenareano-h4t,,,,,,1,1,1,48,0.145015,48,0.0,0.0,0.355326,142.9833,0.431974,0.00289816,,48,0.500115,0,276,False,131,10,230
A:UCiC-Jn7wdgyQV4_Urk0DkWQ,UCiC-Jn7wdgyQV4_Urk0DkWQ,author,@pedroros6358,@pedroros6358,,,,,,1,1,1,48,0.145015,48,0.0,0.0,0.355326,142.9833,0.431974,0.00289816,,48,0.500115,0,276,False,131,10,230
A:UCkVtmkK07b2zaVVNssX4lOg,UCkVtmkK07b2zaVVNssX4lOg,author,@HectorElias-u2l,@HectorElias-u2l,,,,,,1,1,1,48,0.145015,48,0.0,0.0,0.355326,142.9833,0.431974,0.00289816,,48,0.500115,0,276,False,131,10,230
A:UCkbsS_3D-pvg1iHOld9uvIg,UCkbsS_3D-pvg1iHOld9uvIg,author,@gonzalo6075,@gonzalo6075,,,,,,1,1,1,48,0.145015,48,0.0,0.0,0.355326,142.9833,0.431974,0.00289816,,48,0.500115,0,276,False,131,10,230
A:UClhMWQ7XKWywYvbRnuf8QsA,UClhMWQ7XKWywYvbRnuf8QsA,author,@EcPerez-zz9oh,@EcPerez-zz9oh,,,,,,1,1,1,48,0.145015,48,0.0,0.0,0.355326,142.9833,0.431974,0.00289816,,48,0.500115,0,276,False,131,10,230
A:UClqA491Xa5fQcXcJJa-vTWw,UClqA491Xa5fQcXcJJa-vTWw,author,@AndresLemus-k2d,@AndresLemus-k2d,,,,,,1,1,1,48,0.145015,48,0.0,0.0,0.355326,142.9833,0.431974,0.00289816,,48,0.500115,0,276,False,131,10,230
A:UColMq7LmaoY3MT6aIDGrGvA,UColMq7LmaoY3MT6aIDGrGvA,author,@quijotachapina1,@quijotachapina1,,,,,,1,1,1,48,0.145015,48,0.0,0.0,0.355326,142.9833,0.431974,0.00289816,,48,0.500115,0,276,False,131,10,230
A:UCpe5jW3MIqkgTJ-PgkzvM6Q,UCpe5jW3MIqkgTJ-PgkzvM6Q,author,@carloslam5333,@carloslam5333,,,,,,1,1,1,48,0.145015,48,0.0,0.0,0.355326,142.9833,0.431974,0.00289816,,48,0.500115,0,276,False,131,10,230
A:UCqCrvuoJpC-aVb0f4logQRQ,UCqCrvuoJpC-aVb0f4logQRQ,author,@Lyrics_GT,@Lyrics_GT,,,,,,1,1,1,48,0.145015,48,0.0,0.0,0.355326,142.9833,0.431974,0.00289816,,48,0.500115,0,276,False,131,10,230
A:UCsGoJEvb-cFPZ2rWoJcXzEQ,UCsGoJEvb-cFPZ2rWoJcXzEQ,author,@sergiohinestroza9709,@sergiohinestroza9709,,,,,,1,1,1,48,0.145015,48,0.0,0.0,0.355326,142.9833,0.431974,0.00289816,,48,0.500115,0,276,False,131,10,230
A:UCu8_3-Wg-YzNyvHYQDEscfw,UCu8_3-Wg-YzNyvHYQDEscfw,author,@RolandoCastroPérez-d7y,@RolandoCastroPérez-d7y,,,,,,1,1,1,48,0.145015,48,0.0,0.0,0.355326,142.9833,0.431974,0.00289816,,48,0.500115,0,276,False,131,10,230
A:UCuXmOjxC-htcprLgeVXz6Tg,UCuXmOjxC-htcprLgeVXz6Tg,author,@jorgeaguilar-bq3uj,@jorgeaguilar-bq3uj,,,,,,1,1,1,48,0.145015,48,0.0,0.0,0.355326,142.9833,0.431974,0.00289816,,48,0.500115,0,276,False,131,10,230
A:UCwgCc9Jd_gG-uLE_SY-FfPg,UCwgCc9Jd_gG-uLE_SY-FfPg,author,@armindapenados2841,@armindapenados2841,,,,,,1,1,1,48,0.145015,48,0.0,0.0,0.355326,142.9833,0.431974,0.00289816,,48,0.500115,0,276,False,131,10,230
A:UCwjUvRseNtJoItylIyIez7Q,UCwjUvRseNtJoItylIyIez7Q,author,@Silviazea,@Silviazea,,,,,,1,1,1,48,0.145015,48,0.0,0.0,0.355326,142.9833,0.431974,0.00289816,,48,0.500115,0,276,False,131,10,230
A:UC-HeUTT6_g-VoiWds2a4H-w,UC-HeUTT6_g-VoiWds2a4H-w,author,@JorgeMunoz-gd9et,@JorgeMunoz-gd9et,,,,,,1,1,1,31,0.093656,31,0.0,0.0,0.270384,108.8333,0.328802,0.0031738,,31,0.5,0,276,False,178,10,134
A:UC-Iul5tDYH_oiAMXQH-KaaQ,UC-Iul5tDYH_oiAMXQH-KaaQ,author,@AlbertoMancilla-p9h,@AlbertoMancilla-p9h,,,,,,1,1,1,31,0.093656,31,0.0,0.0,0.270384,108.8333,0.328802,0.0031738,,31,0.5,0,276,False,178,10,134
A:UC0HvfEWozTHbwl_iEmJNvVA,UC0HvfEWozTHbwl_iEmJNvVA,author,@OttoPalencia-b7r,@OttoPalencia-b7r,,,,,,1,1,1,31,0.093656,31,0.0,0.0,0.270384,108.8333,0.328802,0.0031738,,31,0.5,0,276,False,178,10,134
A:UC14qlobYKqD-DO0j6b75lcA,UC14qlobYKqD-DO0j6b75lcA,author,@megavision4488,@megavision4488,,,,,,1,1,1,31,0.093656,31,0.0,0.0,0.270384,108.8333,0.328802,0.0031738,,31,0.5,0,276,False,178,10,134
A:UC1NiEdJ7gk6FlDexIalWnGg,UC1NiEdJ7gk6FlDexIalWnGg,author,@BorisTebalán,@BorisTebalán,,,,,,1,1,1,31,0.093656,31,0.0,0.0,0.270384,108.8333,0.328802,0.0031738,,31,0.5,0,276,False,178,10,134
A:UC3YpzAr7pcdKC7BVFEpYzog,UC3YpzAr7pcdKC7BVFEpYzog,author,@carmenfigueroa1232,@carmenfigueroa1232,,,,,,1,1,1,31,0.093656,31,0.0,0.0,0.270384,108.8333,0.328802,0.0031738,,31,0.5,0,276,False,178,10,134
A:UC63tFvbQ_hJhGDi2nbjssjw,UC63tFvbQ_hJhGDi2nbjssjw,author,@AbigailRodas-w2r,@AbigailRodas-w2r,,,,,,1,1,1,31,0.093656,31,0.0,0.0,0.270384,108.8333,0.328802,0.0031738,,31,0.5,0,276,False,178,10,134
A:UCEHXl4VvvVpq-_4xC5tsbhg,UCEHXl4VvvVpq-_4xC5tsbhg,author,@anibalg47,@anibalg47,,,,,,1,1,1,31,0.093656,31,0.0,0.0,0.270384,108.8333,0.328802,0.0031738,,31,0.5,0,276,False,178,10,134
A:UCFybmWapGvBKcQod7cPPH9w,UCFybmWapGvBKcQod7cPPH9w,author,@vitalianochavez8382,@vitalianochavez8382,,,,,,1,1,1,31,0.093656,31,0.0,0.0,0.270384,108.8333,0.328802,0.0031738,,31,0.5,0,276,False,178,10,134
A:UCRfkkatKrNtAARnXMMYBGlA,UCRfkkatKrNtAARnXMMYBGlA,author,@BernerSoza-mg3vx,@BernerSoza-mg3vx,,,,,,1,1,1,31,0.093656,31,0.0,0.0,0.270384,108.8333,0.328802,0.0031738,,31,0.5,0,276,False,178,10,134
A:UCV3fr-YOixFKCZBbJP1-X4w,UCV3fr-YOixFKCZBbJP1-X4w,author,@albertoshernandez5251,@albertoshernandez5251,,,,,,5,1,1,31,0.093656,31,0.0,0.0,0.270384,108.8333,0.328802,0.0031738,,31,0.5,0,276,False,178,10,134
A:UCWaRixDdpgllTBf4V0jPnKQ,UCWaRixDdpgllTBf4V0jPnKQ,author,@hectormaaz5523,@hectormaaz5523,,,,,,2,1,1,31,0.093656,31,0.0,0.0,0.270384,108.8333,0.328802,0.0031738,,31,0.5,0,276,False,178,10,134
A:UCWvntqPQx99k_Z_skWKqNSA,UCWvntqPQx99k_Z_skWKqNSA,author,@AntonioChiyal-x5s,@AntonioChiyal-x5s,,,,,,1,1,1,31,0.093656,31,0.0,0.0,0.270384,108.8333,0.328802,0.0031738,,31,0.5,0,276,False,178,10,134
A:UCZFQwqh90apuL8eFhvRBkUg,UCZFQwqh90apuL8eFhvRBkUg,author,@luisricardo9671,@luisricardo9671,,,,,,1,1,1,31,0.093656,31,0.0,0.0,0.270384,108.8333,0.328802,0.0031738,,31,0.5,0,276,False,178,10,134
A:UCa36MjQLoPAmgJo-R3G8WQA,UCa36MjQLoPAmgJo-R3G8WQA,author,@elsasalguero6914,@elsasalguero6914,,,,,,1,1,1,31,0.093656,31,0.0,0.0,0.270384,108.8333,0.328802,0.0031738,,31,0.5,0,276,False,178,10,134
A:UCaT4saRcyqCLE657Rq2hhZQ,UCaT4saRcyqCLE657Rq2hhZQ,author,@elmilenial4064,@elmilenial4064,,,,,,1,1,1,31,0.093656,31,0.0,0.0,0.270384,108.8333,0.328802,0.0031738,,31,0.5,0,276,False,178,10,134
A:UCeQk-WfEA-cJRq4EKeE7TOw,UCeQk-WfEA-cJRq4EKeE7TOw,author,@franciscojuarez9223,@franciscojuarez9223,,,,,,1,1,1,31,0.093656,31,0.0,0.0,0.270384,108.8333,0.328802,0.0031738,,31,0.5,0,276,False,178,10,134
A:UCfo_yUPzy1f1POwwZxhZ06Q,UCfo_yUPzy1f1POwwZxhZ06Q,author,@lara11roberto,@lara11roberto,,,,,,1,1,1,31,0.093656,31,0.0,0.0,0.270384,108.8333,0.328802,0.0031738,,31,0.5,0,276,False,178,10,134
A:UCgGqw4aqMdMVSGkKiMgrJRQ,UCgGqw4aqMdMVSGkKiMgrJRQ,author,@pattyfigueroa5609,@pattyfigueroa5609,,,,,,1,1,1,31,0.093656,31,0.0,0.0,0.270384,108.8333,0.328802,0.0031738,,31,0.5,0,276,False,178,10,134
A:UCheEJ5GZuIvV0fj-nXyVwXw,UCheEJ5GZuIvV0fj-nXyVwXw,author,@rosaoliva9389,@rosaoliva9389,,,,,,1,1,1,31,0.093656,31,0.0,0.0,0.270384,108.8333,0.328802,0.0031738,,31,0.5,0,276,False,178,10,134
A:UChyps3dqY-VY1_wLeq-2lhw,UChyps3dqY-VY1_wLeq-2lhw,author,@maydamorales4395,@maydamorales4395,,,,,,1,1,1,31,0.093656,31,0.0,0.0,0.270384,108.8333,0.328802,0.0031738,,31,0.5,0,276,False,178,10,134
A:UCiOZX__1gahg1ypIj0_XG_w,UCiOZX__1gahg1ypIj0_XG_w,author,@mariogonzalezorellana8956,@mariogonzalezorellana8956,,,,,,1,1,1,31,0.093656,31,0.0,0.0,0.270384,108.8333,0.328802,0.0031738,,31,0.5,0,276,False,178,10,134
A:UCoGdCoJg2Lh0OX_jv6cG16g,UCoGdCoJg2Lh0OX_jv6cG16g,author,@Israel-u5i7i,@Israel-u5i7i,,,,,,2,1,1,31,0.093656,31,0.0,0.0,0.270384,108.8333,0.328802,0.0031738,,31,0.5,0,276,False,178,10,134
A:UCp29O_C7cchZV8IxV7Crdag,UCp29O_C7cchZV8IxV7Crdag,author,@robertoescobar5507,@robertoescobar5507,,,,,,2,1,1,31,0.093656,31,0.0,0.0,0.270384,108.8333,0.328802,0.0031738,,31,0.5,0,276,False,178,10,134
A:UCql1n3Ey6ULMSOACjMe-fxQ,UCql1n3Ey6ULMSOACjMe-fxQ,author,@RolandoGonzalez-o7g,@RolandoGonzalez-o7g,,,,,,1,1,1,31,0.093656,31,0.0,0.0,0.270384,108.8333,0.328802,0.0031738,,31,0.5,0,276,False,178,10,134
A:UCtCtts20bW6F9CSohau51Iw,UCtCtts20bW6F9CSohau51Iw,author,@carlosgranados9875,@carlosgranados9875,,,,,,2,1,1,31,0.093656,31,0.0,0.0,0.270384,108.8333,0.328802,0.0031738,,31,0.5,0,276,False,178,10,134
A:UCtsxPYw8VUsH_FfnKg-0lmw,UCtsxPYw8VUsH_FfnKg-0lmw,author,@AlejandroPérez-b6r,@AlejandroPérez-b6r,,,,,,1,1,1,31,0.093656,31,0.0,0.0,0.270384,108.8333,0.328802,0.0031738,,31,0.5,0,276,False,178,10,134
A:UCvDwJBBY1mHK70aTEYl6rsA,UCvDwJBBY1mHK70aTEYl6rsA,author,@cristianescobedo8296,@cristianescobedo8296,,,,,,1,1,1,31,0.093656,31,0.0,0.0,0.270384,108.8333,0.328802,0.0031738,,31,0.5,0,276,False,178,10,134
A:UCwxoKK59nGCeBqB2sXfDBIw,UCwxoKK59nGCeBqB2sXfDBIw,author,@vic-bonivideos,@vic-bonivideos,,,,,,1,1,1,31,0.093656,31,0.0,0.0,0.270384,108.8333,0.328802,0.0031738,,31,0.5,0,276,False,178,10,134
A:UCyJhqmMbsvjpoarBBStA2kg,UCyJhqmMbsvjpoarBBStA2kg,author,@Murmullodelbarrio,@Murmullodelbarrio,,,,,,6,1,1,31,0.093656,31,0.0,0.0,0.270384,108.8333,0.328802,0.0031738,,31,0.5,0,276,False,178,10,134
A:UC0RpuMwkDKJYqgKHtsJRuWQ,UC0RpuMwkDKJYqgKHtsJRuWQ,author,@sabinamarinaguerra3248,@sabinamarinaguerra3248,,,,,,1,1,1,24,0.072508,24,0.0,0.0,0.072508,24.0,0.072508,0.00304321,,24,0.5,1,25,False,209,10,164
A:UC0aEyakBPqcBkVJiErfSupQ,UC0aEyakBPqcBkVJiErfSupQ,author,@jhonymanuel9891,@jhonymanuel9891,,,,,,1,1,1,24,0.072508,24,0.0,0.0,0.072508,24.0,0.072508,0.00304321,,24,0.5,1,25,False,209,10,164
A:UC5PyGvSfFM--OVKmQ3COu6g,UC5PyGvSfFM--OVKmQ3COu6g,author,@FreddyGmez,@FreddyGmez,,,,,,1,1,1,24,0.072508,24,0.0,0.0,0.072508,24.0,0.072508,0.00304321,,24,0.5,1,25,False,209,10,164
A:UC5fvhAfm89JH8eDFdvc0xYw,UC5fvhAfm89JH8eDFdvc0xYw,author,@isaidiaz2388,@isaidiaz2388,,,,,,1,1,1,24,0.072508,24,0.0,0.0,0.072508,24.0,0.072508,0.00304321,,24,0.5,1,25,False,209,10,164
A:UCFOxCyF926Y9eHhMeVoWLzw,UCFOxCyF926Y9eHhMeVoWLzw,author,@arielsarc09,@arielsarc09,,,,,,1,1,1,24,0.072508,24,0.0,0.0,0.072508,24.0,0.072508,0.00304321,,24,0.5,1,25,False,209,10,164
A:UCGqKxQS-z3NZzZF-2w338AA,UCGqKxQS-z3NZzZF-2w338AA,author,@samuelaguilar529,@samuelaguilar529,,,,,,1,1,1,24,0.072508,24,0.0,0.0,0.072508,24.0,0.072508,0.00304321,,24,0.5,1,25,False,209,10,164
A:UCHMQ_lDhibZ-XZ_3fo6oxwg,UCHMQ_lDhibZ-XZ_3fo6oxwg,author,@crislexrubi4387,@crislexrubi4387,,,,,,1,1,1,24,0.072508,24,0.0,0.0,0.072508,24.0,0.072508,0.00304321,,24,0.5,1,25,False,209,10,164
A:UCIUhbSCy3-SGRe5UtqM4fzQ,UCIUhbSCy3-SGRe5UtqM4fzQ,author,@jeanmorales1677,@jeanmorales1677,,,,,,1,1,1,24,0.072508,24,0.0,0.0,0.072508,24.0,0.072508,0.00304321,,24,0.5,1,25,False,209,10,164
A:UCIp19h9igblA2YKfSLPDAug,UCIp19h9igblA2YKfSLPDAug,author,@JoseReyes-rn6sh,@JoseReyes-rn6sh,,,,,,1,1,1,24,0.072508,24,0.0,0.0,0.072508,24.0,0.072508,0.00304321,,24,0.5,1,25,False,209,10,164
A:UCRcSR3Lvn9DZAmJpVPANfZQ,UCRcSR3Lvn9DZAmJpVPANfZQ,author,@WalksandSuch,@WalksandSuch,,,,,,1,1,1,24,0.072508,24,0.0,0.0,0.072508,24.0,0.072508,0.00304321,,24,0.5,1,25,False,209,10,164
A:UCRznz9-N3Qc1w-qNdLSIY2Q,UCRznz9-N3Qc1w-qNdLSIY2Q,author,@jimmygomez724,@jimmygomez724,,,,,,1,1,1,24,0.072508,24,0.0,0.0,0.072508,24.0,0.072508,0.00304321,,24,0.5,1,25,False,209,10,164
A:UCSTAUWVc1_82DHYeqOsqEFA,UCSTAUWVc1_82DHYeqOsqEFA,author,@TheAlexX_C,@TheAlexX_C,,,,,,1,1,1,24,0.072508,24,0.0,0.0,0.072508,24.0,0.072508,0.00304321,,24,0.5,1,25,False,209,10,164
A:UCXmrpc6Li0spcKxtS0Q_ptg,UCXmrpc6Li0spcKxtS0Q_ptg,author,@melvinperez6710,@melvinperez6710,,,,,,1,1,1,24,0.072508,24,0.0,0.0,0.072508,24.0,0.072508,0.00304321,,24,0.5,1,25,False,209,10,164
A:UCY7Hq7F9Lnucf-Yr6JkHZNw,UCY7Hq7F9Lnucf-Yr6JkHZNw,author,@maynorcalel1442,@maynorcalel1442,,,,,,1,1,1,24,0.072508,24,0.0,0.0,0.072508,24.0,0.072508,0.00304321,,24,0.5,1,25,False,209,10,164
A:UC_ljZ1hZXR9pzexFz87P5ZA,UC_ljZ1hZXR9pzexFz87P5ZA,author,@ChRiStOpHeR7969,@ChRiStOpHeR7969,,,,,,1,1,1,24,0.072508,24,0.0,0.0,0.072508,24.0,0.072508,0.00304321,,24,0.5,1,25,False,209,10,164
A:UCaT6M2zp7X6r6Whd8Vv3kHQ,UCaT6M2zp7X6r6Whd8Vv3kHQ,author,@alexarcos8349,@alexarcos8349,,,,,,1,1,1,24,0.072508,24,0.0,0.0,0.072508,24.0,0.072508,0.00304321,,24,0.5,1,25,False,209,10,164
A:UCgLrWFdYitoP-b7-PxtUr-w,UCgLrWFdYitoP-b7-PxtUr-w,author,@zetag,@zetag,,,,,,1,1,1,24,0.072508,24,0.0,0.0,0.072508,24.0,0.072508,0.00304321,,24,0.5,1,25,False,209,10,164
A:UCgLurCo-e019HGODcjXHWCw,UCgLurCo-e019HGODcjXHWCw,author,@perritojuega1,@perritojuega1,,,,,,1,1,1,24,0.072508,24,0.0,0.0,0.072508,24.0,0.072508,0.00304321,,24,0.5,1,25,False,209,10,164
A:UCi-vPdnpQreC7BkFs40mJGA,UCi-vPdnpQreC7BkFs40mJGA,author,@bryansicasales4280,@bryansicasales4280,,,,,,1,1,1,24,0.072508,24,0.0,0.0,0.072508,24.0,0.072508,0.00304321,,24,0.5,1,25,False,209,10,164
A:UCqilIa8r7iek5sGYg_q6ofA,UCqilIa8r7iek5sGYg_q6ofA,author,@rolandojuchuna484,@rolandojuchuna484,,,,,,1,1,1,24,0.072508,24,0.0,0.0,0.072508,24.0,0.072508,0.00304321,,24,0.5,1,25,False,209,10,164
A:UCs_5qeqdku9tGAq22y3OcuQ,UCs_5qeqdku9tGAq22y3OcuQ,author,@alexandrevasquez4135,@alexandrevasquez4135,,,,,,1,1,1,24,0.072508,24,0.0,0.0,0.072508,24.0,0.072508,0.00304321,,24,0.5,1,25,False,209,10,164
A:UCtMBF_1O2jY2INlb_luuB_A,UCtMBF_1O2jY2INlb_luuB_A,author,@mynorgudiel8646,@mynorgudiel8646,,,,,,1,1,1,24,0.072508,24,0.0,0.0,0.072508,24.0,0.072508,0.00304321,,24,0.5,1,25,False,209,10,164
A:UCwUAv3_LpWVtTIi7lkmTL7A,UCwUAv3_LpWVtTIi7lkmTL7A,author,@kingr4706,@kingr4706,,,,,,1,1,1,24,0.072508,24,0.0,0.0,0.072508,24.0,0.072508,0.00304321,,24,0.5,1,25,False,209,10,164
A:UCxKR3RA8T-kxMgq_2WWhRcQ,UCxKR3RA8T-kxMgq_2WWhRcQ,author,@elenaluarca9377,@elenaluarca9377,,,,,,1,1,1,24,0.072508,24,0.0,0.0,0.072508,24.0,0.072508,0.00304321,,24,0.5,1,25,False,209,10,164
A:UCyzf29IYjNw67gGIfsjgtxA,UCyzf29IYjNw67gGIfsjgtxA,author,@carlosoliva9249,@carlosoliva9249,,,,,,1,1,1,24,0.072508,24,0.0,0.0,0.072508,24.0,0.072508,0.00304321,,24,0.5,1,25,False,209,10,164
A:UC1Y7x3h0c95Z8kUhi-Tzaeg,UC1Y7x3h0c95Z8kUhi-Tzaeg,author,@rosadiaz9235,@rosadiaz9235,,,,,,1,1,1,18,0.054381,18,0.0,0.0,0.348284,127.9167,0.386455,0.00235905,,18,0.5,0,276,False,235,10,288
A:UC7IMsCxfZyWN7YQo8-JYa6Q,UC7IMsCxfZyWN7YQo8-JYa6Q,author,@Burgos68,@Burgos68,,,,,,2,1,1,18,0.054381,18,0.0,0.0,0.348284,127.9167,0.386455,0.00235905,,18,0.5,0,276,False,235,10,288
A:UC8xlJWNHz1V_W6q3fbuQH8g,UC8xlJWNHz1V_W6q3fbuQH8g,author,@NormaLópez-v7e,@NormaLópez-v7e,,,,,,1,1,1,18,0.054381,18,0.0,0.0,0.348284,127.9167,0.386455,0.00235905,,18,0.5,0,276,False,235,10,288
A:UCAV7QIjYhbDJaycQycM_0eQ,UCAV7QIjYhbDJaycQycM_0eQ,author,@mariavail8998,@mariavail8998,,,,,,1,1,1,18,0.054381,18,0.0,0.0,0.348284,127.9167,0.386455,0.00235905,,18,0.5,0,276,False,235,10,288
A:UCGX_UbAQOXGZknv5iqklwTA,UCGX_UbAQOXGZknv5iqklwTA,author,@ronaldgarcia8522,@ronaldgarcia8522,,,,,,1,1,1,18,0.054381,18,0.0,0.0,0.348284,127.9167,0.386455,0.00235905,,18,0.5,0,276,False,235,10,288
A:UCN2N_wYOw6fMwCeSzdXLPIw,UCN2N_wYOw6fMwCeSzdXLPIw,author,@danielantoniogonzalezflore4901,@danielantoniogonzalezflore4901,,,,,,1,1,1,18,0.054381,18,0.0,0.0,0.348284,127.9167,0.386455,0.00235905,,18,0.5,0,276,False,235,10,288
A:UCNIeXbV_mEwpa412h1aqUWw,UCNIeXbV_mEwpa412h1aqUWw,author,@juandeleon9060,@juandeleon9060,,,,,,3,1,1,18,0.054381,18,0.0,0.0,0.348284,127.9167,0.386455,0.00235905,,18,0.5,0,276,False,235,10,288
A:UCPZueDLrCS4BmTBRMA4q0fA,UCPZueDLrCS4BmTBRMA4q0fA,author,@kevinochoa3695,@kevinochoa3695,,,,,,1,1,1,18,0.054381,18,0.0,0.0,0.348284,127.9167,0.386455,0.00235905,,18,0.5,0,276,False,235,10,288
A:UCVQf0tzL7xRzFJsABVVULpg,UCVQf0tzL7xRzFJsABVVULpg,author,@DennisseLopetegi,@DennisseLopetegi,,,,,,1,1,1,18,0.054381,18,0.0,0.0,0.348284,127.9167,0.386455,0.00235905,,18,0.5,0,276,False,235,10,288
A:UCbYoNG5J3Au5BqtbXogfEFw,UCbYoNG5J3Au5BqtbXogfEFw,author,@Luis-gn3fj,@Luis-gn3fj,,,,,,1,1,1,18,0.054381,18,0.0,0.0,0.348284,127.9167,0.386455,0.00235905,,18,0.5,0,276,False,235,10,288
A:UCf5lnNZF7Qrtli9v4N_23WQ,UCf5lnNZF7Qrtli9v4N_23WQ,author,@CarlosCortez-v5r,@CarlosCortez-v5r,,,,,,1,1,1,18,0.054381,18,0.0,0.0,0.348284,127.9167,0.386455,0.00235905,,18,0.5,0,276,False,235,10,288
A:UCg3eIfd7BrsLEqS0BLkftHA,UCg3eIfd7BrsLEqS0BLkftHA,author,@ErmePérez-q4s,@ErmePérez-q4s,,,,,,3,1,1,18,0.054381,18,0.0,0.0,0.348284,127.9167,0.386455,0.00235905,,18,0.5,0,276,False,235,10,288
A:UCgQJgI9vu1FI2dnC9mrFthw,UCgQJgI9vu1FI2dnC9mrFthw,author,@srms70,@srms70,,,,,,1,1,1,18,0.054381,18,0.0,0.0,0.348284,127.9167,0.386455,0.00235905,,18,0.5,0,276,False,235,10,288
A:UClsrFGJKWPxxw7MiaEdKLXw,UClsrFGJKWPxxw7MiaEdKLXw,author,@ericapaz5406,@ericapaz5406,,,,,,1,1,1,18,0.054381,18,0.0,0.0,0.348284,127.9167,0.386455,0.00235905,,18,0.5,0,276,False,235,10,288
A:UCtNyHmRZtvGF2hSvI2dUBWw,UCtNyHmRZtvGF2hSvI2dUBWw,author,@aureliomaldonado4793,@aureliomaldonado4793,,,,,,2,1,1,18,0.054381,18,0.0,0.0,0.348284,127.9167,0.386455,0.00235905,,18,0.5,0,276,False,235,10,288
A:UCuP4UK33HKtJE_S39ksmaTw,UCuP4UK33HKtJE_S39ksmaTw,author,@herbertaguilar1387,@herbertaguilar1387,,,,,,1,1,1,18,0.054381,18,0.0,0.0,0.348284,127.9167,0.386455,0.00235905,,18,0.5,0,276,False,235,10,288
A:UCusjriFsDHEc2AOjqk-p5ig,UCusjriFsDHEc2AOjqk-p5ig,author,@pablobarrios7931,@pablobarrios7931,,,,,,1,1,1,18,0.054381,18,0.0,0.0,0.348284,127.9167,0.386455,0.00235905,,18,0.5,0,276,False,235,10,288
A:UC-QOpE7GOxlXcHZ8b7HbQKA,UC-QOpE7GOxlXcHZ8b7HbQKA,author,@mariaalexander427,@mariaalexander427,,,,,,2,1,1,17,0.05136,17,0.0,0.0,0.05136,17.0,0.05136,0.00304321,,17,0.5,2,18,False,252,10,164
A:UC1WlJfQmaIskYhP4gmWoamw,UC1WlJfQmaIskYhP4gmWoamw,author,@marthareiss5434,@marthareiss5434,,,,,,1,1,1,17,0.05136,17,0.0,0.0,0.05136,17.0,0.05136,0.00304321,,17,0.5,2,18,False,252,10,164
A:UCBlm80VQ4YoV3bUJR_XhkaQ,UCBlm80VQ4YoV3bUJR_XhkaQ,author,@rosadiaz6945,@rosadiaz6945,,,,,,2,1,1,17,0.05136,17,0.0,0.0,0.05136,17.0,0.05136,0.00304321,,17,0.5,2,18,False,252,10,164
A:UCGZMgmM92E3njyXNe9-kjAQ,UCGZMgmM92E3njyXNe9-kjAQ,author,@pasionpornada,@pasionpornada,,,,,,1,1,1,17,0.05136,17,0.0,0.0,0.05136,17.0,0.05136,0.00304321,,17,0.5,2,18,False,252,10,164
A:UCIgoiXdIKJyUGmUoH2Lxdzg,UCIgoiXdIKJyUGmUoH2Lxdzg,author,@susievidal4134,@susievidal4134,,,,,,1,1,1,17,0.05136,17,0.0,0.0,0.05136,17.0,0.05136,0.00304321,,17,0.5,2,18,False,252,10,164
A:UCOLHH4ZpMxPYF-Q6e6wvn5A,UCOLHH4ZpMxPYF-Q6e6wvn5A,author,@luisroldan7374,@luisroldan7374,,,,,,1,1,1,17,0.05136,17,0.0,0.0,0.05136,17.0,0.05136,0.00304321,,17,0.5,2,18,False,252,10,164
A:UCPNXmbOBVeC4HS-xemvcPtQ,UCPNXmbOBVeC4HS-xemvcPtQ,author,@BelkisRodriguezRamirez,@BelkisRodriguezRamirez,,,,,,1,1,1,17,0.05136,17,0.0,0.0,0.05136,17.0,0.05136,0.00304321,,17,0.5,2,18,False,252,10,164
A:UCQMMuADgqWUOcJpLwHOzC-g,UCQMMuADgqWUOcJpLwHOzC-g,author,@Ripped-Yoda,@Ripped-Yoda,,,,,,1,1,1,17,0.05136,17,0.0,0.0,0.05136,17.0,0.05136,0.00304321,,17,0.5,2,18,False,252,10,164
A:UCVdjCrh4tQoX3haNAZv-n5A,UCVdjCrh4tQoX3haNAZv-n5A,author,@aurahernandez5646,@aurahernandez5646,,,,,,1,1,1,17,0.05136,17,0.0,0.0,0.05136,17.0,0.05136,0.00304321,,17,0.5,2,18,False,252,10,164
A:UCZjm6U576nX8WOiLhmMR3bw,UCZjm6U576nX8WOiLhmMR3bw,author,@MariaNavarroYT,@MariaNavarroYT,,,,,,1,1,1,17,0.05136,17,0.0,0.0,0.05136,17.0,0.05136,0.00304321,,17,0.5,2,18,False,252,10,164
A:UCat2qkYvqmtDNEmo2PVuhXw,UCat2qkYvqmtDNEmo2PVuhXw,author,@DoraSalas-j5o,@DoraSalas-j5o,,,,,,1,1,1,17,0.05136,17,0.0,0.0,0.05136,17.0,0.05136,0.00304321,,17,0.5,2,18,False,252,10,164
A:UCbNanjFI51cwGqMAb2rOrBw,UCbNanjFI51cwGqMAb2rOrBw,author,@RosaMontesdeOca777,@RosaMontesdeOca777,,,,,,1,1,1,17,0.05136,17,0.0,0.0,0.05136,17.0,0.05136,0.00304321,,17,0.5,2,18,False,252,10,164
A:UCi2KiZq63sRq8Mfbcp-MelQ,UCi2KiZq63sRq8Mfbcp-MelQ,author,@eugeneramirez4405,@eugeneramirez4405,,,,,,6,1,1,17,0.05136,17,0.0,0.0,0.05136,17.0,0.05136,0.00304321,,17,0.5,2,18,False,252,10,164
A:UCozFYHN0e_-vlQbX3wQGOug,UCozFYHN0e_-vlQbX3wQGOug,author,@jesusguzman2321,@jesusguzman2321,,,,,,1,1,1,17,0.05136,17,0.0,0.0,0.05136,17.0,0.05136,0.00304321,,17,0.5,2,18,False,252,10,164
A:UCp_dAUfv8i3LW3zWc24dLaQ,UCp_dAUfv8i3LW3zWc24dLaQ,author,@MarioCortez-o6v,@MarioCortez-o6v,,,,,,1,1,1,17,0.05136,17,0.0,0.0,0.05136,17.0,0.05136,0.00304321,,17,0.5,2,18,False,252,10,164
A:UCrqXyRsg-_hTosURZ-uvoKg,UCrqXyRsg-_hTosURZ-uvoKg,author,@flornolberto2425,@flornolberto2425,,,,,,1,1,1,17,0.05136,17,0.0,0.0,0.05136,17.0,0.05136,0.00304321,,17,0.5,2,18,False,252,10,164
A:UCtiHFjFu7d5v2XxHnKFUYig,UCtiHFjFu7d5v2XxHnKFUYig,author,@Paul-gf7ec,@Paul-gf7ec,,,,,,1,1,1,17,0.05136,17,0.0,0.0,0.05136,17.0,0.05136,0.00304321,,17,0.5,2,18,False,252,10,164
A:UCxhtlxPV8AYWaNNyU6S9H8Q,UCxhtlxPV8AYWaNNyU6S9H8Q,author,@WilR-s8r,@WilR-s8r,,,,,,1,1,1,17,0.05136,17,0.0,0.0,0.05136,17.0,0.05136,0.00304321,,17,0.5,2,18,False,252,10,164
A:UCCUmP4PlbwgikVFpYwbtRTg,UCCUmP4PlbwgikVFpYwbtRTg,author,@alhvi,@alhvi,,,,,,1,1,1,15,0.045317,15,0.0,0.0,0.251209,95.2667,0.287815,0.00303865,,15,0.501238,0,276,False,270,10,216
A:UCOY3XpD9qMCRSA8AA8c4CAw,UCOY3XpD9qMCRSA8AA8c4CAw,author,@franciscorodas9686,@franciscorodas9686,,,,,,1,1,1,15,0.045317,15,0.0,0.0,0.251209,95.2667,0.287815,0.00303865,,15,0.501238,0,276,False,270,10,216
A:UCTTILH6QCIxbTnEWxwRqs1g,UCTTILH6QCIxbTnEWxwRqs1g,author,@3762Jorge,@3762Jorge,,,,,,1,1,1,15,0.045317,15,0.0,0.0,0.251209,95.2667,0.287815,0.00303865,,15,0.501238,0,276,False,270,10,216
A:UCXO1BBohNWXkK9SBDAG2ySg,UCXO1BBohNWXkK9SBDAG2ySg,author,@JBFlute92,@JBFlute92,,,,,,1,1,1,15,0.045317,15,0.0,0.0,0.251209,95.2667,0.287815,0.00303865,,15,0.501238,0,276,False,270,10,216
A:UCXVLc8CmAO813ubM-fLvCDw,UCXVLc8CmAO813ubM-fLvCDw,author,@herminiasaquimux7565,@herminiasaquimux7565,,,,,,1,1,1,15,0.045317,15,0.0,0.0,0.251209,95.2667,0.287815,0.00303865,,15,0.501238,0,276,False,270,10,216
A:UCXl30Y_upRqbti52fmjK4YA,UCXl30Y_upRqbti52fmjK4YA,author,@capitanfrans,@capitanfrans,,,,,,1,1,1,15,0.045317,15,0.0,0.0,0.251209,95.2667,0.287815,0.00303865,,15,0.501238,0,276,False,270,10,216
A:UCcFIBN-rtC3d3hXeuN5TfWw,UCcFIBN-rtC3d3hXeuN5TfWw,author,@DenisRMC,@DenisRMC,,,,,,1,1,1,15,0.045317,15,0.0,0.0,0.251209,95.2667,0.287815,0.00303865,,15,0.501238,0,276,False,270,10,216
A:UCc_F88PzGWtA1OPNUEASulA,UCc_F88PzGWtA1OPNUEASulA,author,@rockyscarlet,@rockyscarlet,,,,,,1,1,1,15,0.045317,15,0.0,0.0,0.251209,95.2667,0.287815,0.00303865,,15,0.501238,0,276,False,270,10,216
A:UCdQAuWwyC99MB7Y02Umj26Q,UCdQAuWwyC99MB7Y02Umj26Q,author,@miguelbran1268,@miguelbran1268,,,,,,1,1,1,15,0.045317,15,0.0,0.0,0.251209,95.2667,0.287815,0.00303865,,15,0.501238,0,276,False,270,10,216
A:UCefAH1MbvADWUjE9WVcB9EQ,UCefAH1MbvADWUjE9WVcB9EQ,author,@jabriz8152,@jabriz8152,,,,,,1,1,1,15,0.045317,15,0.0,0.0,0.251209,95.2667,0.287815,0.00303865,,15,0.501238,0,276,False,270,10,216
A:UChT7pzGytNd92Nmvi-zuWog,UChT7pzGytNd92Nmvi-zuWog,author,@sparkvalkov,@sparkvalkov,,,,,,1,1,1,15,0.045317,15,0.0,0.0,0.251209,95.2667,0.287815,0.00303865,,15,0.501238,0,276,False,270,10,216
A:UCkxdJ_yGN2gghOMo2ybQtXQ,UCkxdJ_yGN2gghOMo2ybQtXQ,author,@11223344An,@11223344An,,,,,,1,1,1,15,0.045317,15,0.0,0.0,0.251209,95.2667,0.287815,0.00303865,,15,0.501238,0,276,False,270,10,216
A:UCwEe1RKlEv1UpNWmWYfSh4w,UCwEe1RKlEv1UpNWmWYfSh4w,author,@marioramirez299,@marioramirez299,,,,,,1,1,1,15,0.045317,15,0.0,0.0,0.251209,95.2667,0.287815,0.00303865,,15,0.501238,0,276,False,270,10,216
A:UCxcoDvP-g2_KTZDmVZtvb3w,UCxcoDvP-g2_KTZDmVZtvb3w,author,@angelmartinez9523,@angelmartinez9523,,,,,,1,1,1,15,0.045317,15,0.0,0.0,0.251209,95.2667,0.287815,0.00303865,,15,0.501238,0,276,False,270,10,216
A:UC2ngpd8UBQu4gcUYy0goAtg,UC2ngpd8UBQu4gcUYy0goAtg,author,@juliohernandez7438,@juliohernandez7438,,,,,,1,1,1,12,0.036254,12,0.0,0.0,0.208462,81.8167,0.24718,0.00254861,,12,0.5,0,276,False,284,10,276
A:UCAxvOOHQk7dYPOajzFEVtbA,UCAxvOOHQk7dYPOajzFEVtbA,author,@ruddydepaz322,@ruddydepaz322,,,,,,2,1,1,12,0.036254,12,0.0,0.0,0.208462,81.8167,0.24718,0.00254861,,12,0.5,0,276,False,284,10,276
A:UCIXLDYqR_syskKRJy_x9W9Q,UCIXLDYqR_syskKRJy_x9W9Q,author,@carlitosramirez4739,@carlitosramirez4739,,,,,,1,1,1,12,0.036254,12,0.0,0.0,0.208462,81.8167,0.24718,0.00254861,,12,0.5,0,276,False,284,10,276
A:UCLXYp1Cvc5DLtq5UQL5D9vw,UCLXYp1Cvc5DLtq5UQL5D9vw,author,@jorgecifuentes-m5g,@jorgecifuentes-m5g,,,,,,1,1,1,12,0.036254,12,0.0,0.0,0.208462,81.8167,0.24718,0.00254861,,12,0.5,0,276,False,284,10,276
A:UCO0zwwLWGyDgQmWPJ5Qrr1w,UCO0zwwLWGyDgQmWPJ5Qrr1w,author,@elsalvador3605,@elsalvador3605,,,,,,1,1,1,12,0.036254,12,0.0,0.0,0.208462,81.8167,0.24718,0.00254861,,12,0.5,0,276,False,284,10,276
A:UCXN2s7DwTJm33xO-pNkAdaA,UCXN2s7DwTJm33xO-pNkAdaA,author,@edithsan7688,@edithsan7688,,,,,,1,1,1,12,0.036254,12,0.0,0.0,0.208462,81.8167,0.24718,0.00254861,,12,0.5,0,276,False,284,10,276
A:UC_3xuTXvMIWU5MYP9HkJ3vQ,UC_3xuTXvMIWU5MYP9HkJ3vQ,author,@Historia-wm4os,@Historia-wm4os,,,,,,1,1,1,12,0.036254,12,0.0,0.0,0.208462,81.8167,0.24718,0.00254861,,12,0.5,0,276,False,284,10,276
A:UCfXykdbSU97rj987LDUGfvg,UCfXykdbSU97rj987LDUGfvg,author,@MariaSantos-c8y3h,@MariaSantos-c8y3h,,,,,,1,1,1,12,0.036254,12,0.0,0.0,0.208462,81.8167,0.24718,0.00254861,,12,0.5,0,276,False,284,10,276
A:UCfjhejO7LZy4doXURa7LZCQ,UCfjhejO7LZy4doXURa7LZCQ,author,@HonwayLee-z5g,@HonwayLee-z5g,,,,,,1,1,1,12,0.036254,12,0.0,0.0,0.208462,81.8167,0.24718,0.00254861,,12,0.5,0,276,False,284,10,276
A:UCq3mDTTRZnUybct5M9OSXbg,UCq3mDTTRZnUybct5M9OSXbg,author,@MacoMorales-i2i2d,@MacoMorales-i2i2d,,,,,,1,1,1,12,0.036254,12,0.0,0.0,0.208462,81.8167,0.24718,0.00254861,,12,0.5,0,276,False,284,10,276
A:UCvl1tzQeBeGy6efPTRJXSCw,UCvl1tzQeBeGy6efPTRJXSCw,author,@RaulPerez-cw2vi,@RaulPerez-cw2vi,,,,,,1,1,1,12,0.036254,12,0.0,0.0,0.208462,81.8167,0.24718,0.00254861,,12,0.5,0,276,False,284,10,276
A:UCwCfs-2zbD5k0lG-UVg_JBw,UCwCfs-2zbD5k0lG-UVg_JBw,author,@JessicaHuaz-96,@JessicaHuaz-96,,,,,,1,1,1,12,0.036254,12,0.0,0.0,0.208462,81.8167,0.24718,0.00254861,,12,0.5,0,276,False,284,10,276
A:UC5wuDq3U3vRAhOQI3D7gNdw,UC5wuDq3U3vRAhOQI3D7gNdw,author,@allanreneramirezgonzalez534,@allanreneramirezgonzalez534,,,,,,1,1,1,9,0.02719,9,0.0,0.0,0.341772,125.8167,0.380111,0.00192283,,9,0.50361,0,276,False,296,10,310
A:UCJp3OrVYcBorC94sKwdch_A,UCJp3OrVYcBorC94sKwdch_A,author,@ULJoshmg2011,@ULJoshmg2011,,,,,,1,1,1,9,0.02719,9,0.0,0.0,0.341772,125.8167,0.380111,0.00192283,,9,0.50361,0,276,False,296,10,310
A:UCVC2QugcI1G4RvlCiUqd1aQ,UCVC2QugcI1G4RvlCiUqd1aQ,author,@rwdm76,@rwdm76,,,,,,2,1,1,9,0.02719,9,0.0,0.0,0.341772,125.8167,0.380111,0.00192283,,9,0.50361,0,276,False,296,10,310
A:UCZOmq6MwFDVoCaEl99BRRaw,UCZOmq6MwFDVoCaEl99BRRaw,author,@daniloarevalo3170,@daniloarevalo3170,,,,,,1,1,1,9,0.02719,9,0.0,0.0,0.341772,125.8167,0.380111,0.00192283,,9,0.50361,0,276,False,296,10,310
A:UC_6KbBY1bsYXz9fwFS0eQRg,UC_6KbBY1bsYXz9fwFS0eQRg,author,@imrcp5694,@imrcp5694,,,,,,1,1,1,9,0.02719,9,0.0,0.0,0.341772,125.8167,0.380111,0.00192283,,9,0.50361,0,276,False,296,10,310
A:UCjJf-AJKRFFWtiN-CSwkDmA,UCjJf-AJKRFFWtiN-CSwkDmA,author,@2jose82,@2jose82,,,,,,1,1,1,9,0.02719,9,0.0,0.0,0.341772,125.8167,0.380111,0.00192283,,9,0.50361,0,276,False,296,10,310
A:UCnU8wO1OurAmGstDw6VGjgQ,UCnU8wO1OurAmGstDw6VGjgQ,author,@cmorera21,@cmorera21,,,,,,1,1,1,9,0.02719,9,0.0,0.0,0.341772,125.8167,0.380111,0.00192283,,9,0.50361,0,276,False,296,10,310
A:UC094EFEmMSdwVa8NQjjYBXg,UC094EFEmMSdwVa8NQjjYBXg,author,@CelestinoQuej-j7k,@CelestinoQuej-j7k,,,,,,1,1,1,6,0.018127,6,0.0,0.0,0.298269,110.5667,0.334038,0.00166976,,6,0.5,0,276,False,303,10,323
A:UC3iIU62XKUOWuqL8BqBzj9A,UC3iIU62XKUOWuqL8BqBzj9A,author,@antonioduarte2288,@antonioduarte2288,,,,,,1,1,1,6,0.018127,6,0.0,0.0,0.298269,110.5667,0.334038,0.00166976,,6,0.5,0,276,False,303,10,323
A:UC4kg7zuTfqQKLd2bkZrSYBA,UC4kg7zuTfqQKLd2bkZrSYBA,author,@zoilagarcia9019,@zoilagarcia9019,,,,,,1,1,1,6,0.018127,6,0.0,0.0,0.252179,93.95,0.283837,0.00180638,,6,0.5,0,276,False,303,10,317
A:UC5PrBbmUlQolwqmiru7yZhw,UC5PrBbmUlQolwqmiru7yZhw,author,@lazarochavez8269,@lazarochavez8269,,,,,,1,1,1,6,0.018127,6,0.0,0.0,0.298269,110.5667,0.334038,0.00166976,,6,0.5,0,276,False,303,10,323
A:UC9Wp6vL5oCU37qC3Aj94WZA,UC9Wp6vL5oCU37qC3Aj94WZA,author,@ManuelSanchez-b8q2z,@ManuelSanchez-b8q2z,,,,,,1,1,1,6,0.018127,6,0.0,0.0,0.298269,110.5667,0.334038,0.00166976,,6,0.5,0,276,False,303,10,323
A:UCBtB5dIyx-C16UN8ClUD2UA,UCBtB5dIyx-C16UN8ClUD2UA,author,@alexmonzon4257,@alexmonzon4257,,,,,,1,1,1,6,0.018127,6,0.0,0.0,0.252179,93.95,0.283837,0.00180638,,6,0.5,0,276,False,303,10,317
A:UCFFrEmn6lPYiWyElpfzTy5Q,UCFFrEmn6lPYiWyElpfzTy5Q,author,@denilsonlopez4083,@denilsonlopez4083,,,,,,1,1,1,6,0.018127,6,0.0,0.0,0.252179,93.95,0.283837,0.00180638,,6,0.5,0,276,False,303,10,317
A:UCGm3gRBEHGRJYmtCryZLtDw,UCGm3gRBEHGRJYmtCryZLtDw,author,@JoséLopez-g6k,@JoséLopez-g6k,,,,,,1,1,1,6,0.018127,6,0.0,0.0,0.298269,110.5667,0.334038,0.00166976,,6,0.5,0,276,False,303,10,323
A:UCHu8x4MVkayU6VgwVKd--MQ,UCHu8x4MVkayU6VgwVKd--MQ,author,@Hernandez-i1o,@Hernandez-i1o,,,,,,1,1,1,6,0.018127,6,0.0,0.0,0.298269,110.5667,0.334038,0.00166976,,6,0.5,0,276,False,303,10,323
A:UCLh1Kde4_vI1sTZBkTNP7RQ,UCLh1Kde4_vI1sTZBkTNP7RQ,author,@JoelReynoso-d4r,@JoelReynoso-d4r,,,,,,1,1,1,6,0.018127,6,0.0,0.0,0.252179,93.95,0.283837,0.00180638,,6,0.5,0,276,False,303,10,317
A:UCfRqgt2O-vjzUDMZY_tnxQw,UCfRqgt2O-vjzUDMZY_tnxQw,author,@Williams-Garcia67E,@Williams-Garcia67E,,,,,,1,1,1,6,0.018127,6,0.0,0.0,0.252179,93.95,0.283837,0.00180638,,6,0.5,0,276,False,303,10,317
A:UCk4O-J1BhoqPmig1KLGJePA,UCk4O-J1BhoqPmig1KLGJePA,author,@lazarobarillas3575,@lazarobarillas3575,,,,,,1,1,1,6,0.018127,6,0.0,0.0,0.252179,93.95,0.283837,0.00180638,,6,0.5,0,276,False,303,10,317
A:UCGj2v6Gl5bN8NSrzJMXS-CA,UCGj2v6Gl5bN8NSrzJMXS-CA,author,@juliogutierrez492,@juliogutierrez492,,,,,,1,1,1,5,0.015106,5,0.0,0.0,0.248612,90.4333,0.273212,0.00199645,,5,0.5,0,276,False,315,10,305
A:UCOARn3hnfkB7-_Rwa8Hoqcw,UCOARn3hnfkB7-_Rwa8Hoqcw,author,@nicelol5241,@nicelol5241,,,,,,1,1,1,5,0.015106,5,0.0,0.0,0.248612,90.4333,0.273212,0.00199645,,5,0.5,0,276,False,315,10,305
A:UCVhif9eV0f8plICen2DnpKA,UCVhif9eV0f8plICen2DnpKA,author,@blogarteplus,@blogarteplus,,,,,,1,1,1,5,0.015106,5,0.0,0.0,0.248612,90.4333,0.273212,0.00199645,,5,0.5,0,276,False,315,10,305
A:UCZIQnb1fkwe39Iw2TAu-bGA,UCZIQnb1fkwe39Iw2TAu-bGA,author,@jorgegomez2237,@jorgegomez2237,,,,,,1,1,1,5,0.015106,5,0.0,0.0,0.248612,90.4333,0.273212,0.00199645,,5,0.5,0,276,False,315,10,305
A:UCyW68EGZey4ao_Vf2cR5Ztg,UCyW68EGZey4ao_Vf2cR5Ztg,author,@ZabalaXabier,@ZabalaXabier,,,,,,1,1,1,5,0.015106,5,0.0,0.0,0.248612,90.4333,0.273212,0.00199645,,5,0.5,0,276,False,315,10,305
A:UCKVzDUqbtdSMBcexaEtMmzQ,UCKVzDUqbtdSMBcexaEtMmzQ,author,@rotorairgroup8409,@rotorairgroup8409,,,,,,1,1,1,3,0.009063,3,0.0,0.0,0.009063,3.0,0.009063,0.00304321,,3,0.5,3,4,False,320,10,164
A:UCNiMNUJvaRJb0_QLClqwVnA,UCNiMNUJvaRJb0_QLClqwVnA,author,@Santiago.Nolasco,@Santiago.Nolasco,,,,,,1,1,1,3,0.009063,3,0.0,0.0,0.009063,3.0,0.009063,0.00304321,,3,0.5,3,4,False,320,10,164
A:UCld2stqxaVSk0QdGncM224A,UCld2stqxaVSk0QdGncM224A,author,@sarahernandez3873,@sarahernandez3873,,,,,,1,1,1,3,0.009063,3,0.0,0.0,0.009063,3.0,0.009063,0.00304321,,3,0.5,3,4,False,320,10,164
A:UCtowGNY2lnlg6O2CkwDgkLg,UCtowGNY2lnlg6O2CkwDgkLg,author,@taniagabrielacelis8434,@taniagabrielacelis8434,,,,,,1,1,1,3,0.009063,3,0.0,0.0,0.009063,3.0,0.009063,0.00304321,,3,0.5,3,4,False,320,10,164
A:UCHGd14aYuZZShLD73dkk6mg,UCHGd14aYuZZShLD73dkk6mg,author,@noemiherrera3152,@noemiherrera3152,,,,,,1,1,1,2,0.006042,2,0.0,0.0,0.006042,2.0,0.006042,0.00304321,,2,0.5,4,3,False,324,10,164
A:UCQIdKuZ-OzuFqy0KjGrgesg,UCQIdKuZ-OzuFqy0KjGrgesg,author,@lyacausa,@lyacausa,,,,,,1,1,1,2,0.006042,2,0.0,0.0,0.006042,2.0,0.006042,0.00304321,,2,0.5,4,3,False,324,10,164
A:UCWWkebAekppaL5b5CNlppuw,UCWWkebAekppaL5b5CNlppuw,author,@ninettmartinez425,@ninettmartinez425,,,,,,1,1,1,2,0.006042,2,0.0,0.0,0.006042,2.0,0.006042,0.00304321,,2,0.5,4,3,False,324,10,164
A:UCJxJC56BSAX-ArD0NAb9qnQ,UCJxJC56BSAX-ArD0NAb9qnQ,author,@alfonsowilian9157,@alfonsowilian9157,,,,,,1,1,1,1,0.003021,1,0.0,0.0,0.003021,1.0,0.003021,0.00304321,,1,0.0,5,2,False,327,10,164
A:UCyor0Mmm0ivLX2jIdyGp84Q,UCyor0Mmm0ivLX2jIdyGp84Q,author,@MiguelJordan-n3g,@MiguelJordan-n3g,,,,,,1,1,1,1,0.003021,1,0.0,0.0,0.003021,1.0,0.003021,0.00304321,,1,0.0,5,2,False,327,10,164
A:UC6xI_MOaxajIWpoP8BH6E_Q,UC6xI_MOaxajIWpoP8BH6E_Q,author,@jahirdiaz5862,@jahirdiaz5862,,,,,,1,1,1,0,0.0,0,0.0,0.0,0.0,0.0,0.0,0.00045648,,0,0.0,6,1,False,329,10,329
A:UCPLW0HE3siElqCgXfgWxMqg,UCPLW0HE3siElqCgXfgWxMqg,author,@elizabethmonterroso7719,@elizabethmonterroso7719,,,,,,1,1,1,0,0.0,0,0.0,0.0,0.0,0.0,0.0,0.00045648,,0,0.0,7,1,False,329,10,329
A:UCQM2tCKRRytVDRxNUfCDqQQ,UCQM2tCKRRytVDRxNUfCDqQQ,author,@elioelias7267,@elioelias7267,,,,,,1,1,1,0,0.0,0,0.0,0.0,0.0,0.0,0.0,0.00045648,,0,0.0,8,1,False,329,10,329
A:UC_NRVt2UP88ZNTwzrZ66JSg,UC_NRVt2UP88ZNTwzrZ66JSg,author,@aditalissethevasquezrojas8039,@aditalissethevasquezrojas8039,,,,,,1,1,1,0,0.0,0,0.0,0.0,0.0,0.0,0.0,0.00045648,,0,0.0,9,1,False,329,10,329
