source,target,source_type,target_type,source_raw_id,target_raw_id,weight,significado_peso,me_gusta_en_esos_comentarios,respuestas_recibidas_en_esos_comentarios,comment_ids,source_label,target_label
A:UCi2KiZq63sRq8Mfbcp-MelQ,V:OkXlHx0hx-8,author,video,UCi2KiZq63sRq8Mfbcp-MelQ,OkXlHx0hx-8,6,numero de comentarios observados del autor en el video,1,0,Ugw1ZzA21njWhaqQQTh4AaABAg.Aa9Tf29tBouAaB_XZQglTL|Ugx90cmhNaRBNDou1BR4AaABAg.AaA5Ej9IqgQAaBaWPRQg7K|Ugx90cmhNaRBNDou1BR4AaABAg.AaA5Ej9IqgQAaCz3GqqPAJ|UgxWzoHDeFfVC7jrjzF4AaABAg.Aa9DdH5avRRAaB_gLYRAuw|UgzRlz8OqalaHh8EnUl4AaABAg.Aa9hqaKl_ywAaB_OUjpKKh|Ugzfc9D5wlSKYgY5Jrh4AaABAg.Aa9bbFyRF_AAaB_C3DtL_L,@eugeneramirez4405,EE.UU. envía a mexicanos deportados a Guatemala antes de su regreso a México | Noticias Telemundo
A:UCyJhqmMbsvjpoarBBStA2kg,V:6W4u8sGEnGM,author,video,UCyJhqmMbsvjpoarBBStA2kg,6W4u8sGEnGM,6,numero de comentarios observados del autor en el video,14,0,UgxEsAK7q3l34wFdZ414AaABAg.A_zCnf5bSajA_zX0eQk5DZ|UgxEsAK7q3l34wFdZ414AaABAg.A_zCnf5bSajA_zXHoAX3hj|UgxEsAK7q3l34wFdZ414AaABAg.A_zCnf5bSajA_zXUuRIq0q|UgyHIuxG8A2lYDRB6vh4AaABAg.A_zEyCTHfWFA_zWovudn2B|UgzMXsCXt9Lh-tk3fZd4AaABAg.A_zGMKwFBhPA_zWhjiGKb7|UgzpHaLJJjoD9FnKO6p4AaABAg,@Murmullodelbarrio,Inician los trabajos de recuperación del Puente Belice II.
A:UC5H8ASmMC9WrURmzeB4ySog,V:n8iP75gIpmw,author,video,UC5H8ASmMC9WrURmzeB4ySog,n8iP75gIpmw,5,numero de comentarios observados del autor en el video,6,0,UgwJMFYT7I9czw_oa0V4AaABAg|Ugx2LwWBVc3mFGJAinB4AaABAg|Ugx7ezRwB-DpY3VQt754AaABAg|UgyisqlInC7oBNbU95Z4AaABAg|UgzaTUgOy4ekC0xQoFt4AaABAg,@ManuelEdran,Qué rico come tu diputado
A:UCV3fr-YOixFKCZBbJP1-X4w,V:6W4u8sGEnGM,author,video,UCV3fr-YOixFKCZBbJP1-X4w,6W4u8sGEnGM,5,numero de comentarios observados del autor en el video,17,0,Ugwc0TMrFYylioxh_Sh4AaABAg|UgwgSP2G2qKwGGl5CSp4AaABAg|UgxPHo503SIH-EmlR-t4AaABAg|UgxdfjiT5_VBaeADj7h4AaABAg|Ugy6Qii72nfxIpYyuCR4AaABAg,@albertoshernandez5251,Inician los trabajos de recuperación del Puente Belice II.
A:UC9vMq1YF-e7C-VO0SHkbUTA,V:n8iP75gIpmw,author,video,UC9vMq1YF-e7C-VO0SHkbUTA,n8iP75gIpmw,4,numero de comentarios observados del autor en el video,0,0,UgwiGxmosawIyTVTjnB4AaABAg|UgyfMf4MkQsDKavjbLV4AaABAg|Ugyyx5lXrgFXsraCIMh4AaABAg|UgzSu6dFpC7PrEYl7AF4AaABAg,@ErvinLeonardoCarreraLatín,Qué rico come tu diputado
A:UC3XTwHxygNCgjndsg-UiCQA,V:n8iP75gIpmw,author,video,UC3XTwHxygNCgjndsg-UiCQA,n8iP75gIpmw,3,numero de comentarios observados del autor en el video,2,0,UgwpY9PE_PBfwa2_g_N4AaABAg|Ugy4utoHlyokVSeSi5h4AaABAg|UgzcJTEHjaN8bEV8Hfd4AaABAg,@marioajset4283,Qué rico come tu diputado
A:UC72gBAtyb_VXQlYDcFrh6oQ,V:n8iP75gIpmw,author,video,UC72gBAtyb_VXQlYDcFrh6oQ,n8iP75gIpmw,3,numero de comentarios observados del autor en el video,19,0,Ugx7j6oWhgfonHPJCdR4AaABAg|UgxR0AXNH_3DGn-T1494AaABAg|UgzmBKXDgncBFsDjRwd4AaABAg,@osmanmorales3012,Qué rico come tu diputado
A:UCFjudnPLoaSL1BaRuLahyHg,V:n8iP75gIpmw,author,video,UCFjudnPLoaSL1BaRuLahyHg,n8iP75gIpmw,3,numero de comentarios observados del autor en el video,3,0,UgwYTL5-XYvmQxsC3Bt4AaABAg|Ugx74OPnWkWaFjpFuA94AaABAg.A7ki-1ED5b2A7nIcG2_svP|Ugy__nsWCBggw9EzOUd4AaABAg.A7lbRpGUZoHA7nJxaD37u-,@HaroldoCastillo-rh9iw,Qué rico come tu diputado
A:UCNIeXbV_mEwpa412h1aqUWw,V:PjmxCj-a9Hg,author,video,UCNIeXbV_mEwpa412h1aqUWw,PjmxCj-a9Hg,3,numero de comentarios observados del autor en el video,3,1,UgxNgFkGSE6nct4PF3V4AaABAg|UgxvxNmPMdRuRDptJQN4AaABAg|Ugz26waEPWK6VtsenFZ4AaABAg,@juandeleon9060,Conferencia de Prensa del Gobierno de Guatemala. #LaRondaGt
A:UCg3eIfd7BrsLEqS0BLkftHA,V:PjmxCj-a9Hg,author,video,UCg3eIfd7BrsLEqS0BLkftHA,PjmxCj-a9Hg,3,numero de comentarios observados del autor en el video,0,0,UgyC45vItnUiq1QrUtd4AaABAg.ALgn-KZ7p47ALgvLAMzZ1A|UgyC45vItnUiq1QrUtd4AaABAg.ALgn-KZ7p47ALgwtbYMM1u|UgyC45vItnUiq1QrUtd4AaABAg.ALgn-KZ7p47ALgx6SmnMen,@ErmePérez-q4s,Conferencia de Prensa del Gobierno de Guatemala. #LaRondaGt
A:UCh5ESQvtzyHDhCA7XyekCFA,V:n8iP75gIpmw,author,video,UCh5ESQvtzyHDhCA7XyekCFA,n8iP75gIpmw,3,numero de comentarios observados del autor en el video,4,0,Ugw5E402-fn52PLXFIJ4AaABAg|Ugy7Dk5SDB_d3RFlHU94AaABAg|Ugyuk_4Gq9tbJjGZVRl4AaABAg,@andyB5280,Qué rico come tu diputado
A:UChs3tU2BcKOT0CezykvAsGw,V:n8iP75gIpmw,author,video,UChs3tU2BcKOT0CezykvAsGw,n8iP75gIpmw,3,numero de comentarios observados del autor en el video,4,0,UgwGm1V-_GN1ZPcijdl4AaABAg|Ugwjtq_DUb6ISU-ppsh4AaABAg|Ugyeb8_nptWKXnFXH8F4AaABAg,@byronpontaza,Qué rico come tu diputado
A:UC-QOpE7GOxlXcHZ8b7HbQKA,V:OkXlHx0hx-8,author,video,UC-QOpE7GOxlXcHZ8b7HbQKA,OkXlHx0hx-8,2,numero de comentarios observados del autor en el video,0,0,UgxiEgXuexKPtHEwAQJ4AaABAg.Aa9HLCNywwKAa9ZeEQh7n7|Ugzk5XnOVKoVj8FiOCB4AaABAg,@mariaalexander427,EE.UU. envía a mexicanos deportados a Guatemala antes de su regreso a México | Noticias Telemundo
A:UC7IMsCxfZyWN7YQo8-JYa6Q,V:PjmxCj-a9Hg,author,video,UC7IMsCxfZyWN7YQo8-JYa6Q,PjmxCj-a9Hg,2,numero de comentarios observados del autor en el video,1,0,Ugwvm2HYh08HI1HkcXV4AaABAg|UgySlQlmZmrLAq5JsLx4AaABAg.ALh5XYlqNufALhOuUP3UYB,@Burgos68,Conferencia de Prensa del Gobierno de Guatemala. #LaRondaGt
A:UCAxvOOHQk7dYPOajzFEVtbA,V:06mFNPU0aB8,author,video,UCAxvOOHQk7dYPOajzFEVtbA,06mFNPU0aB8,2,numero de comentarios observados del autor en el video,0,0,Ugw9_Qw_QaSdggWuKJt4AaABAg|UgyC9HUMcvW-e_nFJK14AaABAg,@ruddydepaz322,Capturan a presuntos delincuentes disfrazados de mujer señalados de cometer asalto
A:UCBlm80VQ4YoV3bUJR_XhkaQ,V:OkXlHx0hx-8,author,video,UCBlm80VQ4YoV3bUJR_XhkaQ,OkXlHx0hx-8,2,numero de comentarios observados del autor en el video,0,3,Ugx90cmhNaRBNDou1BR4AaABAg|Ugx90cmhNaRBNDou1BR4AaABAg.AaA5Ej9IqgQAaCnVqXU5cy,@rosadiaz6945,EE.UU. envía a mexicanos deportados a Guatemala antes de su regreso a México | Noticias Telemundo
A:UCHTGCgY2l-DQJIvlA_cpa_Q,V:n8iP75gIpmw,author,video,UCHTGCgY2l-DQJIvlA_cpa_Q,n8iP75gIpmw,2,numero de comentarios observados del autor en el video,13,0,UgxxNu7QTJHuAgFaEYN4AaABAg|Ugy4ex02KEXL5UFGjw14AaABAg,@virgiliogarcia3039,Qué rico come tu diputado
A:UCHhHUjaMAZ8SiXdCUCj9DkQ,V:n8iP75gIpmw,author,video,UCHhHUjaMAZ8SiXdCUCj9DkQ,n8iP75gIpmw,2,numero de comentarios observados del autor en el video,3,0,UgwJN55EmMcKPRb_AfB4AaABAg|UgxqSfWMWvqMX8tiC5x4AaABAg,@fredymendez1786,Qué rico come tu diputado
A:UCL13XhnRzbGokEkCkEOb0-g,V:n8iP75gIpmw,author,video,UCL13XhnRzbGokEkCkEOb0-g,n8iP75gIpmw,2,numero de comentarios observados del autor en el video,8,0,UgwrIvqGid-S983oU9J4AaABAg|UgycKHbiLBi0WcSs8sh4AaABAg,@raquelprado3643,Qué rico come tu diputado
A:UCLFdHr9BEbXHkoJopbEPLZw,V:n8iP75gIpmw,author,video,UCLFdHr9BEbXHkoJopbEPLZw,n8iP75gIpmw,2,numero de comentarios observados del autor en el video,24,0,UgwwH4OIcVCCN6SbBX14AaABAg|UgzpzyaFY6F6IdFxzk14AaABAg,@kanterra4584,Qué rico come tu diputado
A:UCLggDc_a5HriXv7I1h02sOA,V:n8iP75gIpmw,author,video,UCLggDc_a5HriXv7I1h02sOA,n8iP75gIpmw,2,numero de comentarios observados del autor en el video,7,0,Ugx2ApaAMqe4ca4SCYx4AaABAg|UgzGYzecKVZyDzajKPV4AaABAg,@guillermogonzalez5153,Qué rico come tu diputado
A:UCNBnKqWf4d-rS4HwJRQljmQ,V:n8iP75gIpmw,author,video,UCNBnKqWf4d-rS4HwJRQljmQ,n8iP75gIpmw,2,numero de comentarios observados del autor en el video,1,0,Ugx-G2kCu5aSwh3IR5l4AaABAg|UgzOGr7KGQ9pa-CJdgN4AaABAg,@LE_A22,Qué rico come tu diputado
A:UCOLGv5Pf6BF2wFcwUzgcvHg,V:n8iP75gIpmw,author,video,UCOLGv5Pf6BF2wFcwUzgcvHg,n8iP75gIpmw,2,numero de comentarios observados del autor en el video,4,0,Ugw8pyxscJNUQpfoKuF4AaABAg|Ugz8pKFUmjVv-zF8lvJ4AaABAg,@welfrealdana5559,Qué rico come tu diputado
A:UCQ_-LPP8JAbfkc-b1Q6NvWw,V:n8iP75gIpmw,author,video,UCQ_-LPP8JAbfkc-b1Q6NvWw,n8iP75gIpmw,2,numero de comentarios observados del autor en el video,31,0,Ugw9eye2GML6RHRSu-14AaABAg|Ugzd2CVlJWOmHWBPSkN4AaABAg,@MegaKristenstewart,Qué rico come tu diputado
A:UCQtICyzWmhC5woCtbNgaSmg,V:n8iP75gIpmw,author,video,UCQtICyzWmhC5woCtbNgaSmg,n8iP75gIpmw,2,numero de comentarios observados del autor en el video,5,0,UgxpFKbiejsVGSNIcTh4AaABAg|UgymHZwhYtsW9EYkxdl4AaABAg,@nestormendez6216,Qué rico come tu diputado
A:UCVC2QugcI1G4RvlCiUqd1aQ,V:ndAZjHqzzT8,author,video,UCVC2QugcI1G4RvlCiUqd1aQ,ndAZjHqzzT8,2,numero de comentarios observados del autor en el video,0,0,UgwovhZaCiV0r6XOH_R4AaABAg|UgyIteBIiYe7DjUN3554AaABAg,@rwdm76,Internet: escoger el menos malo
A:UCWaRixDdpgllTBf4V0jPnKQ,V:6W4u8sGEnGM,author,video,UCWaRixDdpgllTBf4V0jPnKQ,6W4u8sGEnGM,2,numero de comentarios observados del autor en el video,0,0,UgwIB06iEQnFOFLc9et4AaABAg.Aa-0m2jDJt2Aa42DVzs9Zy|UgxEsAK7q3l34wFdZ414AaABAg.A_zCnf5bSajAa41uU3Anhg,@hectormaaz5523,Inician los trabajos de recuperación del Puente Belice II.
A:UCXXh7yg5KUFIWylTiKVEFKQ,V:n8iP75gIpmw,author,video,UCXXh7yg5KUFIWylTiKVEFKQ,n8iP75gIpmw,2,numero de comentarios observados del autor en el video,2,0,UgyihMW-pXKI2cEDqWx4AaABAg|Ugzb66mq9Rv0T7aalfJ4AaABAg,@MrDuenderojo,Qué rico come tu diputado
A:UCi1b_TRQfgO1Z9O2gNGGWNA,V:n8iP75gIpmw,author,video,UCi1b_TRQfgO1Z9O2gNGGWNA,n8iP75gIpmw,2,numero de comentarios observados del autor en el video,0,0,Ugx8FxDKPAY-M_JhRgd4AaABAg|Ugz7WPxTOQEwmZpnx_V4AaABAg,@davidisraelesquitsaquil,Qué rico come tu diputado
A:UCkd9W714-947dEE6ZOEBATA,V:n8iP75gIpmw,author,video,UCkd9W714-947dEE6ZOEBATA,n8iP75gIpmw,2,numero de comentarios observados del autor en el video,3,0,UgxTjz0jSJkZW5dGnSp4AaABAg|Ugy5j8gzaawBk-mw5et4AaABAg,@ARGELIATELON,Qué rico come tu diputado
A:UCoGdCoJg2Lh0OX_jv6cG16g,V:6W4u8sGEnGM,author,video,UCoGdCoJg2Lh0OX_jv6cG16g,6W4u8sGEnGM,2,numero de comentarios observados del autor en el video,2,0,UgwSt406Q1HWBWCewI14AaABAg.Aa-KmSVE5UgAa-M7iXQwik|UgxEsAK7q3l34wFdZ414AaABAg.A_zCnf5bSajA_zMcZPgoSk,@Israel-u5i7i,Inician los trabajos de recuperación del Puente Belice II.
A:UCp29O_C7cchZV8IxV7Crdag,V:6W4u8sGEnGM,author,video,UCp29O_C7cchZV8IxV7Crdag,6W4u8sGEnGM,2,numero de comentarios observados del autor en el video,0,0,Ugwm9VajlW3ydbsf-BJ4AaABAg|UgzT_1dx4pvgJTFMsnZ4AaABAg,@robertoescobar5507,Inician los trabajos de recuperación del Puente Belice II.
A:UCrJn_rbo_ENAdeqneS-RmRw,V:n8iP75gIpmw,author,video,UCrJn_rbo_ENAdeqneS-RmRw,n8iP75gIpmw,2,numero de comentarios observados del autor en el video,1,0,UgyX06qZFc3cNK6223J4AaABAg|UgzTqBd3og9IPuVu3o94AaABAg,@josecarrera9623,Qué rico come tu diputado
A:UCtCtts20bW6F9CSohau51Iw,V:6W4u8sGEnGM,author,video,UCtCtts20bW6F9CSohau51Iw,6W4u8sGEnGM,2,numero de comentarios observados del autor en el video,0,0,UgxEsAK7q3l34wFdZ414AaABAg.A_zCnf5bSajAa0q77b9a3F|UgxEsAK7q3l34wFdZ414AaABAg.A_zCnf5bSajAa0qEPC8tJc,@carlosgranados9875,Inician los trabajos de recuperación del Puente Belice II.
A:UCtNyHmRZtvGF2hSvI2dUBWw,V:PjmxCj-a9Hg,author,video,UCtNyHmRZtvGF2hSvI2dUBWw,PjmxCj-a9Hg,2,numero de comentarios observados del autor en el video,1,0,UgzJ85lM1ogkB4KOk2d4AaABAg|UgzuugQO6qMSbkVsdGp4AaABAg,@aureliomaldonado4793,Conferencia de Prensa del Gobierno de Guatemala. #LaRondaGt
A:UCut6b9S98nv84cVX89PmKzA,V:n8iP75gIpmw,author,video,UCut6b9S98nv84cVX89PmKzA,n8iP75gIpmw,2,numero de comentarios observados del autor en el video,1,0,Ugw86zOgTwKzYotlT9l4AaABAg|UgxctiUZJriWwsE0a6J4AaABAg,@yeniferaguirre4498,Qué rico come tu diputado
A:UCvcu1kR8xMYy_I1Ty-2mV2Q,V:ndAZjHqzzT8,author,video,UCvcu1kR8xMYy_I1Ty-2mV2Q,ndAZjHqzzT8,2,numero de comentarios observados del autor en el video,0,0,UgxXy9CurqMBEjFnVwF4AaABAg|UgzaWev1Ju6338Y7Ehl4AaABAg.A3Wof66r37mA3WrEtkJyep,@hashojea7348,Internet: escoger el menos malo
A:UCwW2OFy95P7ZBkOPxWkpvYg,V:n8iP75gIpmw,author,video,UCwW2OFy95P7ZBkOPxWkpvYg,n8iP75gIpmw,2,numero de comentarios observados del autor en el video,2,0,Ugwp1SacIqA0qS_netd4AaABAg|Ugxoc10_rBva4f6IW2N4AaABAg,@TeresaLucero-b5o,Qué rico come tu diputado
A:UCylqlpsh8ENNM1LqgQ1KbxA,V:j43HgwYFKfk,author,video,UCylqlpsh8ENNM1LqgQ1KbxA,j43HgwYFKfk,2,numero de comentarios observados del autor en el video,1,0,UgyRmKHMG-ygpot6nY14AaABAg|UgyoRKhs1yP8oKoD3uh4AaABAg,@Jel.Awesh.M,La cooptación de Walter Mazariegos en la USAC
A:UCz3gu01bmjNv0DpRq-K3XYg,V:n8iP75gIpmw,author,video,UCz3gu01bmjNv0DpRq-K3XYg,n8iP75gIpmw,2,numero de comentarios observados del autor en el video,2,0,UgxvmbFNm6tYRX6yfLN4AaABAg|Ugzx7TTfRu5S-pT0LuZ4AaABAg,@eusebiovasquez4385,Qué rico come tu diputado
A:UC-HeUTT6_g-VoiWds2a4H-w,V:6W4u8sGEnGM,author,video,UC-HeUTT6_g-VoiWds2a4H-w,6W4u8sGEnGM,1,numero de comentarios observados del autor en el video,0,0,UgxkcFai5KbeHyhGbnF4AaABAg,@JorgeMunoz-gd9et,Inician los trabajos de recuperación del Puente Belice II.
A:UC-Iul5tDYH_oiAMXQH-KaaQ,V:6W4u8sGEnGM,author,video,UC-Iul5tDYH_oiAMXQH-KaaQ,6W4u8sGEnGM,1,numero de comentarios observados del autor en el video,1,0,UgzfLTatI6lJD6Z_u_94AaABAg,@AlbertoMancilla-p9h,Inician los trabajos de recuperación del Puente Belice II.
A:UC-fiZBS5Gp1eCJd9ucgWnCg,V:j43HgwYFKfk,author,video,UC-fiZBS5Gp1eCJd9ucgWnCg,j43HgwYFKfk,1,numero de comentarios observados del autor en el video,6,0,UgzYz6n8mPI0dBWsP2h4AaABAg,@Tommii.10,La cooptación de Walter Mazariegos en la USAC
A:UC-hfX8J5JPJ-dfuakzegMLA,V:n8iP75gIpmw,author,video,UC-hfX8J5JPJ-dfuakzegMLA,n8iP75gIpmw,1,numero de comentarios observados del autor en el video,6,0,UgzzpE27HS1dmWfyATJ4AaABAg,@normaleticiaorozcojuarez2418,Qué rico come tu diputado
A:UC-jS_kA9w-OmpupXDx156Rg,V:n8iP75gIpmw,author,video,UC-jS_kA9w-OmpupXDx156Rg,n8iP75gIpmw,1,numero de comentarios observados del autor en el video,2,0,UgyypM6Ts6Ut_EuFcdN4AaABAg,@simoncreyesc7579,Qué rico come tu diputado
A:UC-pNP6RMFuLg_-x7Ah_0kEA,V:n8iP75gIpmw,author,video,UC-pNP6RMFuLg_-x7Ah_0kEA,n8iP75gIpmw,1,numero de comentarios observados del autor en el video,5,0,UgwYaHf9EYIl5Pf-y514AaABAg,@almacatalan2717,Qué rico come tu diputado
A:UC094EFEmMSdwVa8NQjjYBXg,V:b_Hkrkl3adA,author,video,UC094EFEmMSdwVa8NQjjYBXg,b_Hkrkl3adA,1,numero de comentarios observados del autor en el video,0,0,UgzZMPOIKJlwEpgh7zd4AaABAg.AaB6SZj2UadAaBRkGrUAJI,@CelestinoQuej-j7k,Bloqueos en Guatemala este 31 de agosto por alza en combustibles afectan rutas principales
A:UC0HvfEWozTHbwl_iEmJNvVA,V:6W4u8sGEnGM,author,video,UC0HvfEWozTHbwl_iEmJNvVA,6W4u8sGEnGM,1,numero de comentarios observados del autor en el video,3,0,UgyD5CIXnbXNiM-a4VF4AaABAg,@OttoPalencia-b7r,Inician los trabajos de recuperación del Puente Belice II.
A:UC0RpuMwkDKJYqgKHtsJRuWQ,V:lj983NWyAQY,author,video,UC0RpuMwkDKJYqgKHtsJRuWQ,lj983NWyAQY,1,numero de comentarios observados del autor en el video,113,1,Ugxj76_NAyOnh_vsgMV4AaABAg,@sabinamarinaguerra3248,Plan 2032 Ciudad de Guatemala
A:UC0aEyakBPqcBkVJiErfSupQ,V:lj983NWyAQY,author,video,UC0aEyakBPqcBkVJiErfSupQ,lj983NWyAQY,1,numero de comentarios observados del autor en el video,70,0,UgyeTw07aydjDqK4crN4AaABAg,@jhonymanuel9891,Plan 2032 Ciudad de Guatemala
A:UC14qlobYKqD-DO0j6b75lcA,V:6W4u8sGEnGM,author,video,UC14qlobYKqD-DO0j6b75lcA,6W4u8sGEnGM,1,numero de comentarios observados del autor en el video,0,0,UgyE6hk1g9jR7zB67lV4AaABAg,@megavision4488,Inician los trabajos de recuperación del Puente Belice II.
A:UC1DpqK6vaPEkBOMNvypsKYg,V:j43HgwYFKfk,author,video,UC1DpqK6vaPEkBOMNvypsKYg,j43HgwYFKfk,1,numero de comentarios observados del autor en el video,0,0,UgxJQfg5iHA6vRWS0El4AaABAg,@HectorCarranza-u4j4o,La cooptación de Walter Mazariegos en la USAC
A:UC1NiEdJ7gk6FlDexIalWnGg,V:6W4u8sGEnGM,author,video,UC1NiEdJ7gk6FlDexIalWnGg,6W4u8sGEnGM,1,numero de comentarios observados del autor en el video,0,0,UgyNuIQ1W1M3g8ut6314AaABAg,@BorisTebalán,Inician los trabajos de recuperación del Puente Belice II.
A:UC1WlJfQmaIskYhP4gmWoamw,V:OkXlHx0hx-8,author,video,UC1WlJfQmaIskYhP4gmWoamw,OkXlHx0hx-8,1,numero de comentarios observados del autor en el video,2,1,Ugw_g00Bv3m-cnSxhMp4AaABAg,@marthareiss5434,EE.UU. envía a mexicanos deportados a Guatemala antes de su regreso a México | Noticias Telemundo
A:UC1Y7x3h0c95Z8kUhi-Tzaeg,V:PjmxCj-a9Hg,author,video,UC1Y7x3h0c95Z8kUhi-Tzaeg,PjmxCj-a9Hg,1,numero de comentarios observados del autor en el video,0,0,UgwZw9X6DpxCIJ6YkXZ4AaABAg,@rosadiaz9235,Conferencia de Prensa del Gobierno de Guatemala. #LaRondaGt
A:UC1vr9aaMI2crB0NvwFHUeoQ,V:n8iP75gIpmw,author,video,UC1vr9aaMI2crB0NvwFHUeoQ,n8iP75gIpmw,1,numero de comentarios observados del autor en el video,0,0,UgxfUxJfY_pjvu9318Z4AaABAg,@JoseSimilox-p6e,Qué rico come tu diputado
A:UC2Y_EHWQKevubk4vOEBBFxw,V:n8iP75gIpmw,author,video,UC2Y_EHWQKevubk4vOEBBFxw,n8iP75gIpmw,1,numero de comentarios observados del autor en el video,1,0,Ugxl5bLZ1llR9fV0V0l4AaABAg,@alfonsomorales2653,Qué rico come tu diputado
A:UC2ngpd8UBQu4gcUYy0goAtg,V:06mFNPU0aB8,author,video,UC2ngpd8UBQu4gcUYy0goAtg,06mFNPU0aB8,1,numero de comentarios observados del autor en el video,0,0,UgwtcR5U0FAkeZsiVVt4AaABAg,@juliohernandez7438,Capturan a presuntos delincuentes disfrazados de mujer señalados de cometer asalto
A:UC2weSE8rpqkGMOp6StYtVfg,V:n8iP75gIpmw,author,video,UC2weSE8rpqkGMOp6StYtVfg,n8iP75gIpmw,1,numero de comentarios observados del autor en el video,1,0,UgzBpiHQkRpqfeyCDwd4AaABAg,@katerynsantiago2907,Qué rico come tu diputado
A:UC32oozucwCF3q8d4m8fyOUg,V:j43HgwYFKfk,author,video,UC32oozucwCF3q8d4m8fyOUg,j43HgwYFKfk,1,numero de comentarios observados del autor en el video,0,0,UgzWNBqTQMz8ba4pbUd4AaABAg,@RauldejesusOlivagonzalez,La cooptación de Walter Mazariegos en la USAC
A:UC3E9mAgP7VoAE5mZoAexl5g,V:n8iP75gIpmw,author,video,UC3E9mAgP7VoAE5mZoAexl5g,n8iP75gIpmw,1,numero de comentarios observados del autor en el video,0,0,UgyMRj1sNq6Xkrqepst4AaABAg,@EnnioAroche,Qué rico come tu diputado
A:UC3MYTqpQqlWBuCB7Th0e0PA,V:n8iP75gIpmw,author,video,UC3MYTqpQqlWBuCB7Th0e0PA,n8iP75gIpmw,1,numero de comentarios observados del autor en el video,4,0,Ugw_wfk-1nUcdyG3muZ4AaABAg,@isaaclopez7220,Qué rico come tu diputado
A:UC3NMzdMYryaw82kPTnsaljg,V:n8iP75gIpmw,author,video,UC3NMzdMYryaw82kPTnsaljg,n8iP75gIpmw,1,numero de comentarios observados del autor en el video,0,0,UgzFOdujc0-cy9W1Uv14AaABAg,@marisosa7832,Qué rico come tu diputado
A:UC3UVO7pTbeYvZ3ILEyRDskQ,V:j43HgwYFKfk,author,video,UC3UVO7pTbeYvZ3ILEyRDskQ,j43HgwYFKfk,1,numero de comentarios observados del autor en el video,1,0,UgyB52GZe4-PXJ2TqYB4AaABAg,@rosaelenaargueta79,La cooptación de Walter Mazariegos en la USAC
A:UC3YpzAr7pcdKC7BVFEpYzog,V:6W4u8sGEnGM,author,video,UC3YpzAr7pcdKC7BVFEpYzog,6W4u8sGEnGM,1,numero de comentarios observados del autor en el video,4,1,UgyHIuxG8A2lYDRB6vh4AaABAg,@carmenfigueroa1232,Inician los trabajos de recuperación del Puente Belice II.
A:UC3iIU62XKUOWuqL8BqBzj9A,V:b_Hkrkl3adA,author,video,UC3iIU62XKUOWuqL8BqBzj9A,b_Hkrkl3adA,1,numero de comentarios observados del autor en el video,0,0,Ugwbnz3tRoBa7Vs3A3d4AaABAg,@antonioduarte2288,Bloqueos en Guatemala este 31 de agosto por alza en combustibles afectan rutas principales
A:UC3qn1yJA5PeW9rkGPatQxiw,V:n8iP75gIpmw,author,video,UC3qn1yJA5PeW9rkGPatQxiw,n8iP75gIpmw,1,numero de comentarios observados del autor en el video,7,0,Ugx3yIUZXGeiOVESIEl4AaABAg,@VICTOREST19,Qué rico come tu diputado
A:UC4Avya4kmR4Q0FrfFdBozSQ,V:j43HgwYFKfk,author,video,UC4Avya4kmR4Q0FrfFdBozSQ,j43HgwYFKfk,1,numero de comentarios observados del autor en el video,11,0,Ugxb1xcC9SSJ_5vSArF4AaABAg,@davidlima1348,La cooptación de Walter Mazariegos en la USAC
A:UC4cXueR2bKGFJV0Fk76gwmA,V:n8iP75gIpmw,author,video,UC4cXueR2bKGFJV0Fk76gwmA,n8iP75gIpmw,1,numero de comentarios observados del autor en el video,0,0,UgzOB-KAGGElQGAPxEZ4AaABAg,@aluxdel4792,Qué rico come tu diputado
A:UC4kg7zuTfqQKLd2bkZrSYBA,V:is3Mk5oC19g,author,video,UC4kg7zuTfqQKLd2bkZrSYBA,is3Mk5oC19g,1,numero de comentarios observados del autor en el video,0,0,Ugz8hBV9j2KQGtMhPUR4AaABAg,@zoilagarcia9019,Capturan a ladrón que había quedado grabado mientras robaba en una parroquia de Retalhuleu
A:UC4wq3DcbfaG6dtCqn8Oyu3w,V:n8iP75gIpmw,author,video,UC4wq3DcbfaG6dtCqn8Oyu3w,n8iP75gIpmw,1,numero de comentarios observados del autor en el video,1,0,UgwopmNYOXxE5kyT7fF4AaABAg,@hugoasencio7764,Qué rico come tu diputado
A:UC5PrBbmUlQolwqmiru7yZhw,V:b_Hkrkl3adA,author,video,UC5PrBbmUlQolwqmiru7yZhw,b_Hkrkl3adA,1,numero de comentarios observados del autor en el video,0,1,UgzZMPOIKJlwEpgh7zd4AaABAg,@lazarochavez8269,Bloqueos en Guatemala este 31 de agosto por alza en combustibles afectan rutas principales
A:UC5PyGvSfFM--OVKmQ3COu6g,V:lj983NWyAQY,author,video,UC5PyGvSfFM--OVKmQ3COu6g,lj983NWyAQY,1,numero de comentarios observados del autor en el video,3,0,UgwdC_aDdYB1wpgGNAt4AaABAg,@FreddyGmez,Plan 2032 Ciudad de Guatemala
A:UC5bG9nc_JV3FsNP2KseQiYw,V:n8iP75gIpmw,author,video,UC5bG9nc_JV3FsNP2KseQiYw,n8iP75gIpmw,1,numero de comentarios observados del autor en el video,2,0,Ugz1kbHjtN-jQUk3sWd4AaABAg,@giovannirodas4836,Qué rico come tu diputado
A:UC5fvhAfm89JH8eDFdvc0xYw,V:lj983NWyAQY,author,video,UC5fvhAfm89JH8eDFdvc0xYw,lj983NWyAQY,1,numero de comentarios observados del autor en el video,0,0,UgyJ7QRY-X3DsJC-t-p4AaABAg,@isaidiaz2388,Plan 2032 Ciudad de Guatemala
A:UC5hvEnRUzI4Kfvwnyi4QxqQ,V:j43HgwYFKfk,author,video,UC5hvEnRUzI4Kfvwnyi4QxqQ,j43HgwYFKfk,1,numero de comentarios observados del autor en el video,2,0,UgxeJQgzDc124jVv7Fx4AaABAg,@leonelsantizo5281,La cooptación de Walter Mazariegos en la USAC
A:UC5wuDq3U3vRAhOQI3D7gNdw,V:ndAZjHqzzT8,author,video,UC5wuDq3U3vRAhOQI3D7gNdw,ndAZjHqzzT8,1,numero de comentarios observados del autor en el video,2,1,UgzaWev1Ju6338Y7Ehl4AaABAg,@allanreneramirezgonzalez534,Internet: escoger el menos malo
A:UC63tFvbQ_hJhGDi2nbjssjw,V:6W4u8sGEnGM,author,video,UC63tFvbQ_hJhGDi2nbjssjw,6W4u8sGEnGM,1,numero de comentarios observados del autor en el video,2,0,UgxEsAK7q3l34wFdZ414AaABAg.A_zCnf5bSajA_znUL05zze,@AbigailRodas-w2r,Inician los trabajos de recuperación del Puente Belice II.
A:UC650pRT-OYzny3GwOH8Cgfw,V:n8iP75gIpmw,author,video,UC650pRT-OYzny3GwOH8Cgfw,n8iP75gIpmw,1,numero de comentarios observados del autor en el video,1,0,Ugyejets0FNr0Zh-VuZ4AaABAg,@edvinparedesherrera7632,Qué rico come tu diputado
A:UC6PvO1_k5lHKGdAPo5_C6TA,V:n8iP75gIpmw,author,video,UC6PvO1_k5lHKGdAPo5_C6TA,n8iP75gIpmw,1,numero de comentarios observados del autor en el video,1,0,UgwHY5LtTiQ0lBONp8N4AaABAg,@johnmejia992,Qué rico come tu diputado
A:UC6Uj1FT5JjDSF8vudvDxPAA,V:j43HgwYFKfk,author,video,UC6Uj1FT5JjDSF8vudvDxPAA,j43HgwYFKfk,1,numero de comentarios observados del autor en el video,1,0,UgxFzCyhju6zPSl4zwZ4AaABAg,@alfredoortega9264,La cooptación de Walter Mazariegos en la USAC
A:UC6YSZqL0vEcI-niPKIMUGfw,V:n8iP75gIpmw,author,video,UC6YSZqL0vEcI-niPKIMUGfw,n8iP75gIpmw,1,numero de comentarios observados del autor en el video,2,0,Ugwz_6qtdDTbTWEUQQ94AaABAg,@maxwellsales885,Qué rico come tu diputado
A:UC6xI_MOaxajIWpoP8BH6E_Q,V:s0eco-BofOs,author,video,UC6xI_MOaxajIWpoP8BH6E_Q,s0eco-BofOs,1,numero de comentarios observados del autor en el video,0,0,UgzOeIbOqa0dhaWyj_B4AaABAg,@jahirdiaz5862,¿Quiénes pagan más en Centroamérica?
A:UC7VUuJr9cGh845CmTvf7TlQ,V:n8iP75gIpmw,author,video,UC7VUuJr9cGh845CmTvf7TlQ,n8iP75gIpmw,1,numero de comentarios observados del autor en el video,1,0,Ugy0dVAcWghuyCdAVS54AaABAg,@LuisCastillo-oz4df,Qué rico come tu diputado
A:UC7dadZG7kkGYnsNu6td0FbA,V:j43HgwYFKfk,author,video,UC7dadZG7kkGYnsNu6td0FbA,j43HgwYFKfk,1,numero de comentarios observados del autor en el video,18,0,UgyWzgDknElvfn9oFJZ4AaABAg,@lesolorzano,La cooptación de Walter Mazariegos en la USAC
A:UC816IGbFCZinfYS1LRDaaHg,V:j43HgwYFKfk,author,video,UC816IGbFCZinfYS1LRDaaHg,j43HgwYFKfk,1,numero de comentarios observados del autor en el video,1,0,Ugx3uDgmZQhx3Z3VOzt4AaABAg,@ingenieroar,La cooptación de Walter Mazariegos en la USAC
A:UC8F2V63KZ4ZEay6opX2hAQw,V:n8iP75gIpmw,author,video,UC8F2V63KZ4ZEay6opX2hAQw,n8iP75gIpmw,1,numero de comentarios observados del autor en el video,0,0,Ugwih8O9PeaJ_zd7FWV4AaABAg,@carmenr6311,Qué rico come tu diputado
A:UC8G5cJONY8L9voMyBW8Eoug,V:n8iP75gIpmw,author,video,UC8G5cJONY8L9voMyBW8Eoug,n8iP75gIpmw,1,numero de comentarios observados del autor en el video,0,0,Ugy0LbKWrqUFhWPRoKN4AaABAg.A7epXgDRFjZA7f-Z-rKQOV,@luisparedes-pw6qt,Qué rico come tu diputado
A:UC8r11yOugM2NuRfitQOxLLg,V:n8iP75gIpmw,author,video,UC8r11yOugM2NuRfitQOxLLg,n8iP75gIpmw,1,numero de comentarios observados del autor en el video,1,0,UgyIX1zx3bbc9DsK8VR4AaABAg,@cesaraugustomoralesmonroy6907,Qué rico come tu diputado
A:UC8xlJWNHz1V_W6q3fbuQH8g,V:PjmxCj-a9Hg,author,video,UC8xlJWNHz1V_W6q3fbuQH8g,PjmxCj-a9Hg,1,numero de comentarios observados del autor en el video,1,0,UgzmBVMoFVO53-_ZZ-54AaABAg,@NormaLópez-v7e,Conferencia de Prensa del Gobierno de Guatemala. #LaRondaGt
A:UC95PSMouTx2N5CbSq0hIyrQ,V:j43HgwYFKfk,author,video,UC95PSMouTx2N5CbSq0hIyrQ,j43HgwYFKfk,1,numero de comentarios observados del autor en el video,0,0,UgwIlv8gtF3WKYfHSJJ4AaABAg,@lisss1908,La cooptación de Walter Mazariegos en la USAC
A:UC9Wp6vL5oCU37qC3Aj94WZA,V:b_Hkrkl3adA,author,video,UC9Wp6vL5oCU37qC3Aj94WZA,b_Hkrkl3adA,1,numero de comentarios observados del autor en el video,0,0,Ugz-XNtfLx0lzcoHUXN4AaABAg,@ManuelSanchez-b8q2z,Bloqueos en Guatemala este 31 de agosto por alza en combustibles afectan rutas principales
A:UC9xr9QvIcDvoZNUX5f-jaZw,V:n8iP75gIpmw,author,video,UC9xr9QvIcDvoZNUX5f-jaZw,n8iP75gIpmw,1,numero de comentarios observados del autor en el video,0,0,Ugz76M4X7jXyiAqAC_d4AaABAg.A7j4tx1RMDbA7oQQlZnZR4,@MariaaliciaColonmorales,Qué rico come tu diputado
A:UCA93ym2TXs_Ibyxb4Vcn-6Q,V:n8iP75gIpmw,author,video,UCA93ym2TXs_Ibyxb4Vcn-6Q,n8iP75gIpmw,1,numero de comentarios observados del autor en el video,0,0,UgzhtSisQXcyX7bqkzB4AaABAg,@oswaldosolis8728,Qué rico come tu diputado
A:UCAKuKvcbfnBD3kF5njNu-IA,V:j43HgwYFKfk,author,video,UCAKuKvcbfnBD3kF5njNu-IA,j43HgwYFKfk,1,numero de comentarios observados del autor en el video,0,0,UgysslM7dkNnQ1JT7Mh4AaABAg,@melvinlopez7096,La cooptación de Walter Mazariegos en la USAC
A:UCAV7QIjYhbDJaycQycM_0eQ,V:PjmxCj-a9Hg,author,video,UCAV7QIjYhbDJaycQycM_0eQ,PjmxCj-a9Hg,1,numero de comentarios observados del autor en el video,3,0,UgyJnStLEHxVNbAfd0p4AaABAg,@mariavail8998,Conferencia de Prensa del Gobierno de Guatemala. #LaRondaGt
A:UCAlzM_N6xBlMYmM8EBzX86Q,V:n8iP75gIpmw,author,video,UCAlzM_N6xBlMYmM8EBzX86Q,n8iP75gIpmw,1,numero de comentarios observados del autor en el video,3,0,Ugy2FaeBadbmVJj7F714AaABAg,@carlossoto3252,Qué rico come tu diputado
A:UCAmtbUiIrUIhikru0ZoTFig,V:n8iP75gIpmw,author,video,UCAmtbUiIrUIhikru0ZoTFig,n8iP75gIpmw,1,numero de comentarios observados del autor en el video,7,0,Ugzi82q6lRyjtKUL5lV4AaABAg,@Aura-vf6dm,Qué rico come tu diputado
A:UCB5p8a5gklc80jJItP6xTHg,V:n8iP75gIpmw,author,video,UCB5p8a5gklc80jJItP6xTHg,n8iP75gIpmw,1,numero de comentarios observados del autor en el video,6,0,UgyN-BmjI1Qyr5moi-x4AaABAg,@ernestogamboa8737,Qué rico come tu diputado
A:UCBtB5dIyx-C16UN8ClUD2UA,V:is3Mk5oC19g,author,video,UCBtB5dIyx-C16UN8ClUD2UA,is3Mk5oC19g,1,numero de comentarios observados del autor en el video,0,0,UgzVRaRar_M-cPPi92x4AaABAg,@alexmonzon4257,Capturan a ladrón que había quedado grabado mientras robaba en una parroquia de Retalhuleu
A:UCCBYcToQ2dwkd6TJh0FSyDg,V:j43HgwYFKfk,author,video,UCCBYcToQ2dwkd6TJh0FSyDg,j43HgwYFKfk,1,numero de comentarios observados del autor en el video,0,0,UgyYaWYhDStGYWDGkb94AaABAg,@lidiarodriguez3493,La cooptación de Walter Mazariegos en la USAC
A:UCCUmP4PlbwgikVFpYwbtRTg,V:yLZS3JiEBg8,author,video,UCCUmP4PlbwgikVFpYwbtRTg,yLZS3JiEBg8,1,numero de comentarios observados del autor en el video,3,0,Ugx_gjcVH5SlIKBNTGh4AaABAg,@alhvi,Arroz con pollo a la MONOPOLIO
A:UCCaYwkkbQGcvFoUmothVdQQ,V:n8iP75gIpmw,author,video,UCCaYwkkbQGcvFoUmothVdQQ,n8iP75gIpmw,1,numero de comentarios observados del autor en el video,0,0,UgwgoKatyznihVvDVVd4AaABAg,@OsvaldoAguirre-l3i,Qué rico come tu diputado
A:UCDIMztpVm7G27qBuiWuT6oQ,V:n8iP75gIpmw,author,video,UCDIMztpVm7G27qBuiWuT6oQ,n8iP75gIpmw,1,numero de comentarios observados del autor en el video,0,0,Ugw4C1ijI36l6LAiSZh4AaABAg,@lizardomorataya8274,Qué rico come tu diputado
A:UCDPWkUX3sNNaCx-m1dV4glA,V:n8iP75gIpmw,author,video,UCDPWkUX3sNNaCx-m1dV4glA,n8iP75gIpmw,1,numero de comentarios observados del autor en el video,0,0,UgyiGiWPuiTR2hkzmVd4AaABAg,@hectoroliva949,Qué rico come tu diputado
A:UCDQaQv0hr2SS_PO-CMEwVHg,V:n8iP75gIpmw,author,video,UCDQaQv0hr2SS_PO-CMEwVHg,n8iP75gIpmw,1,numero de comentarios observados del autor en el video,1,0,UgxPRaGm9MdlK4U6VPt4AaABAg,@federicosaquimux1933,Qué rico come tu diputado
A:UCDUffaruH6dyUnUGwsTKpgg,V:n8iP75gIpmw,author,video,UCDUffaruH6dyUnUGwsTKpgg,n8iP75gIpmw,1,numero de comentarios observados del autor en el video,2,0,UgzVSZ19e2Cc28bFi-94AaABAg,@luisletona2842,Qué rico come tu diputado
A:UCDftMWXQoJ6nONfY7GVOVjg,V:n8iP75gIpmw,author,video,UCDftMWXQoJ6nONfY7GVOVjg,n8iP75gIpmw,1,numero de comentarios observados del autor en el video,0,0,UgxKfM_nJMsGTkKkM8V4AaABAg,@luisgpacheco5858,Qué rico come tu diputado
A:UCDlr1VadSucIZgZ171pRBjQ,V:n8iP75gIpmw,author,video,UCDlr1VadSucIZgZ171pRBjQ,n8iP75gIpmw,1,numero de comentarios observados del autor en el video,0,0,UgxqEChOyWebtVaqy-V4AaABAg,@cuabatzjj5924,Qué rico come tu diputado
A:UCDrmf9y9nLgFY5wnA2hTuGA,V:j43HgwYFKfk,author,video,UCDrmf9y9nLgFY5wnA2hTuGA,j43HgwYFKfk,1,numero de comentarios observados del autor en el video,1,0,UgyciTatiqHr2BpFTqJ4AaABAg,@laboratorio5528,La cooptación de Walter Mazariegos en la USAC
A:UCEHXl4VvvVpq-_4xC5tsbhg,V:6W4u8sGEnGM,author,video,UCEHXl4VvvVpq-_4xC5tsbhg,6W4u8sGEnGM,1,numero de comentarios observados del autor en el video,7,0,UgxR1eqvFSEtPNShD8x4AaABAg,@anibalg47,Inician los trabajos de recuperación del Puente Belice II.
A:UCEgEQmRbtL5fwr9_DqAC--g,V:n8iP75gIpmw,author,video,UCEgEQmRbtL5fwr9_DqAC--g,n8iP75gIpmw,1,numero de comentarios observados del autor en el video,2,0,UgxfnbtuhVQuDILnXj14AaABAg,@ArielRodas-g5y,Qué rico come tu diputado
A:UCErZPJpHmLCsXs8ZWkAUupQ,V:n8iP75gIpmw,author,video,UCErZPJpHmLCsXs8ZWkAUupQ,n8iP75gIpmw,1,numero de comentarios observados del autor en el video,2,1,Ugx74OPnWkWaFjpFuA94AaABAg,@dorisl.garciaroche7763,Qué rico come tu diputado
A:UCFFrEmn6lPYiWyElpfzTy5Q,V:is3Mk5oC19g,author,video,UCFFrEmn6lPYiWyElpfzTy5Q,is3Mk5oC19g,1,numero de comentarios observados del autor en el video,0,0,UgyXTA5oFwzI70TKCUd4AaABAg,@denilsonlopez4083,Capturan a ladrón que había quedado grabado mientras robaba en una parroquia de Retalhuleu
A:UCFOxCyF926Y9eHhMeVoWLzw,V:lj983NWyAQY,author,video,UCFOxCyF926Y9eHhMeVoWLzw,lj983NWyAQY,1,numero de comentarios observados del autor en el video,3,0,Ugx7Gvgflw7nQKqoR094AaABAg,@arielsarc09,Plan 2032 Ciudad de Guatemala
A:UCFUuDARXdmmIrLppEqf-rFg,V:n8iP75gIpmw,author,video,UCFUuDARXdmmIrLppEqf-rFg,n8iP75gIpmw,1,numero de comentarios observados del autor en el video,0,0,UgxZFzh6jzOX7Avhk1h4AaABAg,@allanmunoz7410,Qué rico come tu diputado
A:UCFhxtoeARHPnXXPcDrOU3Xg,V:n8iP75gIpmw,author,video,UCFhxtoeARHPnXXPcDrOU3Xg,n8iP75gIpmw,1,numero de comentarios observados del autor en el video,2,0,Ugy1neHHTJYO0umhgLt4AaABAg,@diegoalejandrolopezmendez205,Qué rico come tu diputado
A:UCFoIAE8k82D6AV-8gjjKaNg,V:n8iP75gIpmw,author,video,UCFoIAE8k82D6AV-8gjjKaNg,n8iP75gIpmw,1,numero de comentarios observados del autor en el video,1,1,Ugy__nsWCBggw9EzOUd4AaABAg,@eddymunoz9789,Qué rico come tu diputado
A:UCFxE8GbokBrBsPEKM1xrOjQ,V:n8iP75gIpmw,author,video,UCFxE8GbokBrBsPEKM1xrOjQ,n8iP75gIpmw,1,numero de comentarios observados del autor en el video,10,0,UgyuZ00FMdgmao7sNMx4AaABAg,@JuanDavila-qd7qj,Qué rico come tu diputado
A:UCFybmWapGvBKcQod7cPPH9w,V:6W4u8sGEnGM,author,video,UCFybmWapGvBKcQod7cPPH9w,6W4u8sGEnGM,1,numero de comentarios observados del autor en el video,1,0,Ugw4ccnmIWJaE6VNRWN4AaABAg,@vitalianochavez8382,Inician los trabajos de recuperación del Puente Belice II.
A:UCGGHbtfbbe0o68etrOf0qxw,V:j43HgwYFKfk,author,video,UCGGHbtfbbe0o68etrOf0qxw,j43HgwYFKfk,1,numero de comentarios observados del autor en el video,0,0,UgxW0ZnTohConSPgOpp4AaABAg,@karensussetteleonvargas9794,La cooptación de Walter Mazariegos en la USAC
A:UCGX_UbAQOXGZknv5iqklwTA,V:PjmxCj-a9Hg,author,video,UCGX_UbAQOXGZknv5iqklwTA,PjmxCj-a9Hg,1,numero de comentarios observados del autor en el video,1,0,UgzxhrnRAMNePfy6u7J4AaABAg,@ronaldgarcia8522,Conferencia de Prensa del Gobierno de Guatemala. #LaRondaGt
A:UCGZMgmM92E3njyXNe9-kjAQ,V:OkXlHx0hx-8,author,video,UCGZMgmM92E3njyXNe9-kjAQ,OkXlHx0hx-8,1,numero de comentarios observados del autor en el video,2,1,UgzRlz8OqalaHh8EnUl4AaABAg,@pasionpornada,EE.UU. envía a mexicanos deportados a Guatemala antes de su regreso a México | Noticias Telemundo
A:UCGj2v6Gl5bN8NSrzJMXS-CA,V:WIUZtitfLRw,author,video,UCGj2v6Gl5bN8NSrzJMXS-CA,WIUZtitfLRw,1,numero de comentarios observados del autor en el video,0,0,Ugxz9vnSvQJNt4YNbYV4AaABAg,@juliogutierrez492,Caminar en una ciudad hecha para carros
A:UCGm3gRBEHGRJYmtCryZLtDw,V:b_Hkrkl3adA,author,video,UCGm3gRBEHGRJYmtCryZLtDw,b_Hkrkl3adA,1,numero de comentarios observados del autor en el video,0,0,UgzZMPOIKJlwEpgh7zd4AaABAg.AaB6SZj2UadAaCH5adXxCo,@JoséLopez-g6k,Bloqueos en Guatemala este 31 de agosto por alza en combustibles afectan rutas principales
A:UCGqKxQS-z3NZzZF-2w338AA,V:lj983NWyAQY,author,video,UCGqKxQS-z3NZzZF-2w338AA,lj983NWyAQY,1,numero de comentarios observados del autor en el video,211,3,UgzKcy6Zr6Ele2EAo6J4AaABAg,@samuelaguilar529,Plan 2032 Ciudad de Guatemala
A:UCGzXwyCzMzGmjmCbH3Hg01Q,V:n8iP75gIpmw,author,video,UCGzXwyCzMzGmjmCbH3Hg01Q,n8iP75gIpmw,1,numero de comentarios observados del autor en el video,2,0,UgyCoulSuwV8jBnjbtN4AaABAg,@FidelZacarias-ph7dy,Qué rico come tu diputado
A:UCHGd14aYuZZShLD73dkk6mg,V:JkpVO1hx2f8,author,video,UCHGd14aYuZZShLD73dkk6mg,JkpVO1hx2f8,1,numero de comentarios observados del autor en el video,0,0,UgzWs20muY6Ghm9Z7094AaABAg,@noemiherrera3152,10 Preguntas a un año del Paro Nacional
A:UCHMQ_lDhibZ-XZ_3fo6oxwg,V:lj983NWyAQY,author,video,UCHMQ_lDhibZ-XZ_3fo6oxwg,lj983NWyAQY,1,numero de comentarios observados del autor en el video,16,0,UgySttznhywvGXZyF-N4AaABAg,@crislexrubi4387,Plan 2032 Ciudad de Guatemala
A:UCHTGCgY2l-DQJIvlA_cpa_Q,V:PjmxCj-a9Hg,author,video,UCHTGCgY2l-DQJIvlA_cpa_Q,PjmxCj-a9Hg,1,numero de comentarios observados del autor en el video,1,0,UgztKpwRx20oET8wGLJ4AaABAg,@virgiliogarcia3039,Conferencia de Prensa del Gobierno de Guatemala. #LaRondaGt
A:UCHbwIx9pmQuf7i-4_xO2EpA,V:j43HgwYFKfk,author,video,UCHbwIx9pmQuf7i-4_xO2EpA,j43HgwYFKfk,1,numero de comentarios observados del autor en el video,0,0,UgyoglGwyV2PhIAvHdt4AaABAg,@caminoseternos752,La cooptación de Walter Mazariegos en la USAC
A:UCHu8x4MVkayU6VgwVKd--MQ,V:b_Hkrkl3adA,author,video,UCHu8x4MVkayU6VgwVKd--MQ,b_Hkrkl3adA,1,numero de comentarios observados del autor en el video,1,0,UgyxvyPVCur3jgc_1mx4AaABAg,@Hernandez-i1o,Bloqueos en Guatemala este 31 de agosto por alza en combustibles afectan rutas principales
A:UCIUhbSCy3-SGRe5UtqM4fzQ,V:lj983NWyAQY,author,video,UCIUhbSCy3-SGRe5UtqM4fzQ,lj983NWyAQY,1,numero de comentarios observados del autor en el video,1,0,Ugxgxziq7k4s9WwmauB4AaABAg,@jeanmorales1677,Plan 2032 Ciudad de Guatemala
A:UCIXLDYqR_syskKRJy_x9W9Q,V:06mFNPU0aB8,author,video,UCIXLDYqR_syskKRJy_x9W9Q,06mFNPU0aB8,1,numero de comentarios observados del autor en el video,0,0,Ugz158DoUO_zyZlglG14AaABAg,@carlitosramirez4739,Capturan a presuntos delincuentes disfrazados de mujer señalados de cometer asalto
A:UCIgoiXdIKJyUGmUoH2Lxdzg,V:OkXlHx0hx-8,author,video,UCIgoiXdIKJyUGmUoH2Lxdzg,OkXlHx0hx-8,1,numero de comentarios observados del autor en el video,3,0,Ugyr_-OfFbHlc9uWhg94AaABAg,@susievidal4134,EE.UU. envía a mexicanos deportados a Guatemala antes de su regreso a México | Noticias Telemundo
A:UCIp19h9igblA2YKfSLPDAug,V:lj983NWyAQY,author,video,UCIp19h9igblA2YKfSLPDAug,lj983NWyAQY,1,numero de comentarios observados del autor en el video,14,1,UgymHCpILRINq5oT_7B4AaABAg,@JoseReyes-rn6sh,Plan 2032 Ciudad de Guatemala
A:UCJp3OrVYcBorC94sKwdch_A,V:ndAZjHqzzT8,author,video,UCJp3OrVYcBorC94sKwdch_A,ndAZjHqzzT8,1,numero de comentarios observados del autor en el video,0,0,UgwwPrhCy2levkb6TRd4AaABAg,@ULJoshmg2011,Internet: escoger el menos malo
A:UCJxJC56BSAX-ArD0NAb9qnQ,V:3Nfp9h5avBI,author,video,UCJxJC56BSAX-ArD0NAb9qnQ,3Nfp9h5avBI,1,numero de comentarios observados del autor en el video,0,0,UgxswojCyw1a0RuHVEp4AaABAg,@alfonsowilian9157,"Noticiero en Directo 1 pm, 28 de Agosto de 2026"
A:UCKDR0f2fu2UzWL8mBv5-BHw,V:n8iP75gIpmw,author,video,UCKDR0f2fu2UzWL8mBv5-BHw,n8iP75gIpmw,1,numero de comentarios observados del autor en el video,0,0,Ugz200h27x5RIAnswQd4AaABAg,@mireyamorales6595,Qué rico come tu diputado
A:UCKVzDUqbtdSMBcexaEtMmzQ,V:TT4qJ5FXHYE,author,video,UCKVzDUqbtdSMBcexaEtMmzQ,TT4qJ5FXHYE,1,numero de comentarios observados del autor en el video,0,0,Ugw6cfXYfV4H-asKlDR4AaABAg,@rotorairgroup8409,"I’x K’at: el primer equipo guatemalteco de pelota maya, conformado únicamente por mujeres."
A:UCL1MT278vSaQ83ZDkVWn1gw,V:n8iP75gIpmw,author,video,UCL1MT278vSaQ83ZDkVWn1gw,n8iP75gIpmw,1,numero de comentarios observados del autor en el video,20,0,Ugy0LbKWrqUFhWPRoKN4AaABAg,@elmorodriguez6978,Qué rico come tu diputado
A:UCLXYp1Cvc5DLtq5UQL5D9vw,V:06mFNPU0aB8,author,video,UCLXYp1Cvc5DLtq5UQL5D9vw,06mFNPU0aB8,1,numero de comentarios observados del autor en el video,3,1,UgxEE17R1iQyuDZebVF4AaABAg,@jorgecifuentes-m5g,Capturan a presuntos delincuentes disfrazados de mujer señalados de cometer asalto
A:UCLh1Kde4_vI1sTZBkTNP7RQ,V:is3Mk5oC19g,author,video,UCLh1Kde4_vI1sTZBkTNP7RQ,is3Mk5oC19g,1,numero de comentarios observados del autor en el video,0,0,UgwxjmtBoAozs0ZUAcd4AaABAg.AaAbqoGVGipAaAjNG9oPRN,@JoelReynoso-d4r,Capturan a ladrón que había quedado grabado mientras robaba en una parroquia de Retalhuleu
A:UCN2N_wYOw6fMwCeSzdXLPIw,V:PjmxCj-a9Hg,author,video,UCN2N_wYOw6fMwCeSzdXLPIw,PjmxCj-a9Hg,1,numero de comentarios observados del autor en el video,0,0,UgwhphOY9n46ofElDut4AaABAg,@danielantoniogonzalezflore4901,Conferencia de Prensa del Gobierno de Guatemala. #LaRondaGt
A:UCN6qbfPSzFtjhqUDZ3Cv3CQ,V:n8iP75gIpmw,author,video,UCN6qbfPSzFtjhqUDZ3Cv3CQ,n8iP75gIpmw,1,numero de comentarios observados del autor en el video,2,0,UgwIiqrp6EYNoFmnBAR4AaABAg,@carlosmedranovelasquez6380,Qué rico come tu diputado
A:UCNiMNUJvaRJb0_QLClqwVnA,V:TT4qJ5FXHYE,author,video,UCNiMNUJvaRJb0_QLClqwVnA,TT4qJ5FXHYE,1,numero de comentarios observados del autor en el video,2,0,UgyYPJkzW5rbOUI_vcd4AaABAg,@Santiago.Nolasco,"I’x K’at: el primer equipo guatemalteco de pelota maya, conformado únicamente por mujeres."
A:UCNkcuy42zEwddwEcOd_HpnA,V:n8iP75gIpmw,author,video,UCNkcuy42zEwddwEcOd_HpnA,n8iP75gIpmw,1,numero de comentarios observados del autor en el video,3,0,UgwwKfLmhHVU-Oxzqtl4AaABAg,@vanigomez492,Qué rico come tu diputado
A:UCNpt5CQlTzNjlAKY6CJtClQ,V:j43HgwYFKfk,author,video,UCNpt5CQlTzNjlAKY6CJtClQ,j43HgwYFKfk,1,numero de comentarios observados del autor en el video,0,0,Ugw74asIfir0_SVC6OB4AaABAg,@eustaquiogomez9975,La cooptación de Walter Mazariegos en la USAC
A:UCO0zwwLWGyDgQmWPJ5Qrr1w,V:06mFNPU0aB8,author,video,UCO0zwwLWGyDgQmWPJ5Qrr1w,06mFNPU0aB8,1,numero de comentarios observados del autor en el video,3,0,Ugx-cQ3Wf3whk_hssDR4AaABAg,@elsalvador3605,Capturan a presuntos delincuentes disfrazados de mujer señalados de cometer asalto
A:UCOARn3hnfkB7-_Rwa8Hoqcw,V:WIUZtitfLRw,author,video,UCOARn3hnfkB7-_Rwa8Hoqcw,WIUZtitfLRw,1,numero de comentarios observados del autor en el video,0,0,UgyzzIxBoO0_7kX1EWJ4AaABAg,@nicelol5241,Caminar en una ciudad hecha para carros
A:UCOLHH4ZpMxPYF-Q6e6wvn5A,V:OkXlHx0hx-8,author,video,UCOLHH4ZpMxPYF-Q6e6wvn5A,OkXlHx0hx-8,1,numero de comentarios observados del autor en el video,2,1,Ugw1ZzA21njWhaqQQTh4AaABAg,@luisroldan7374,EE.UU. envía a mexicanos deportados a Guatemala antes de su regreso a México | Noticias Telemundo
A:UCOS8ViEkccrTZx2w2ccxotA,V:n8iP75gIpmw,author,video,UCOS8ViEkccrTZx2w2ccxotA,n8iP75gIpmw,1,numero de comentarios observados del autor en el video,4,0,UgwaokeDKlLgSdqHpW94AaABAg,@OscarHernandez-q8y,Qué rico come tu diputado
A:UCOY3XpD9qMCRSA8AA8c4CAw,V:yLZS3JiEBg8,author,video,UCOY3XpD9qMCRSA8AA8c4CAw,yLZS3JiEBg8,1,numero de comentarios observados del autor en el video,1,0,UgzRyWsi9Ed1wsXKgwd4AaABAg,@franciscorodas9686,Arroz con pollo a la MONOPOLIO
A:UCOcUI5XkTYNMSFhZNMIPpGg,V:j43HgwYFKfk,author,video,UCOcUI5XkTYNMSFhZNMIPpGg,j43HgwYFKfk,1,numero de comentarios observados del autor en el video,3,0,UgwaGYcI3FekgL1PZct4AaABAg,@hendersonlopez3864,La cooptación de Walter Mazariegos en la USAC
A:UCOh6DaZC_x9HASnlRylEMfw,V:n8iP75gIpmw,author,video,UCOh6DaZC_x9HASnlRylEMfw,n8iP75gIpmw,1,numero de comentarios observados del autor en el video,0,0,UgxzN9_I9vkDCdX_8dN4AaABAg,@AndresMedina-v1s,Qué rico come tu diputado
A:UCPLW0HE3siElqCgXfgWxMqg,V:X_FAIef8qlE,author,video,UCPLW0HE3siElqCgXfgWxMqg,X_FAIef8qlE,1,numero de comentarios observados del autor en el video,0,0,UgwBIwUPLGxEWAu3Mh14AaABAg,@elizabethmonterroso7719,Cruzando la ciudad a puro Transmetro
A:UCPNXmbOBVeC4HS-xemvcPtQ,V:OkXlHx0hx-8,author,video,UCPNXmbOBVeC4HS-xemvcPtQ,OkXlHx0hx-8,1,numero de comentarios observados del autor en el video,2,3,UgxxdDS3FUc53KWN3KF4AaABAg,@BelkisRodriguezRamirez,EE.UU. envía a mexicanos deportados a Guatemala antes de su regreso a México | Noticias Telemundo
A:UCPZueDLrCS4BmTBRMA4q0fA,V:PjmxCj-a9Hg,author,video,UCPZueDLrCS4BmTBRMA4q0fA,PjmxCj-a9Hg,1,numero de comentarios observados del autor en el video,1,1,UgySlQlmZmrLAq5JsLx4AaABAg,@kevinochoa3695,Conferencia de Prensa del Gobierno de Guatemala. #LaRondaGt
A:UCQIdKuZ-OzuFqy0KjGrgesg,V:JkpVO1hx2f8,author,video,UCQIdKuZ-OzuFqy0KjGrgesg,JkpVO1hx2f8,1,numero de comentarios observados del autor en el video,1,0,UgwXm2HjtCzRKiDHflJ4AaABAg,@lyacausa,10 Preguntas a un año del Paro Nacional
A:UCQM2tCKRRytVDRxNUfCDqQQ,V:zweosulrwA8,author,video,UCQM2tCKRRytVDRxNUfCDqQQ,zweosulrwA8,1,numero de comentarios observados del autor en el video,0,0,UgwSDn5aIUEZwOlx9c94AaABAg,@elioelias7267,Edén por Salud: empleo inclusivo para personas con discapacidad en Antigua | Super - Episodio 2
A:UCQMMuADgqWUOcJpLwHOzC-g,V:OkXlHx0hx-8,author,video,UCQMMuADgqWUOcJpLwHOzC-g,OkXlHx0hx-8,1,numero de comentarios observados del autor en el video,0,0,UgxiEgXuexKPtHEwAQJ4AaABAg.Aa9HLCNywwKAa9OgyseDes,@Ripped-Yoda,EE.UU. envía a mexicanos deportados a Guatemala antes de su regreso a México | Noticias Telemundo
A:UCQgYjVngJRfPHDLGB5X6ZjA,V:n8iP75gIpmw,author,video,UCQgYjVngJRfPHDLGB5X6ZjA,n8iP75gIpmw,1,numero de comentarios observados del autor en el video,0,0,UgwguqWom06c5opgpiF4AaABAg,@oscarnavas9996,Qué rico come tu diputado
A:UCQqetiwzzmRNTM5OWuXarGQ,V:n8iP75gIpmw,author,video,UCQqetiwzzmRNTM5OWuXarGQ,n8iP75gIpmw,1,numero de comentarios observados del autor en el video,1,0,Ugwe0V0ssRP-r167Lzh4AaABAg,@isaiaslopezvelasquez1539,Qué rico come tu diputado
A:UCQqlPPUGqAfWjd-FSh_qn7Q,V:j43HgwYFKfk,author,video,UCQqlPPUGqAfWjd-FSh_qn7Q,j43HgwYFKfk,1,numero de comentarios observados del autor en el video,0,0,UgyHcSyWHx2SKCg6db14AaABAg,@estuardoargueta137,La cooptación de Walter Mazariegos en la USAC
A:UCQtSFINs1h6GHkpg9o5kMvg,V:n8iP75gIpmw,author,video,UCQtSFINs1h6GHkpg9o5kMvg,n8iP75gIpmw,1,numero de comentarios observados del autor en el video,12,0,UgwsCWap2Jq1pNrLOWl4AaABAg,@MacarioMartinezruiz,Qué rico come tu diputado
A:UCQyOePccUP-fIJYzchAgZYw,V:j43HgwYFKfk,author,video,UCQyOePccUP-fIJYzchAgZYw,j43HgwYFKfk,1,numero de comentarios observados del autor en el video,0,0,Ugw8iZ_G2Cwq-9ZYctt4AaABAg,@aguilar4254,La cooptación de Walter Mazariegos en la USAC
A:UCRAquv8el-tQ30bN7MlmySQ,V:j43HgwYFKfk,author,video,UCRAquv8el-tQ30bN7MlmySQ,j43HgwYFKfk,1,numero de comentarios observados del autor en el video,4,0,Ugw0xaOb2CYXXoudtwJ4AaABAg,@iamjimalesssa,La cooptación de Walter Mazariegos en la USAC
A:UCRETAiYdh2dL5ZxB0_N1zDA,V:n8iP75gIpmw,author,video,UCRETAiYdh2dL5ZxB0_N1zDA,n8iP75gIpmw,1,numero de comentarios observados del autor en el video,0,0,UgzrrbkpudLqNqr7s6R4AaABAg,@Joseroland21,Qué rico come tu diputado
A:UCRcSR3Lvn9DZAmJpVPANfZQ,V:lj983NWyAQY,author,video,UCRcSR3Lvn9DZAmJpVPANfZQ,lj983NWyAQY,1,numero de comentarios observados del autor en el video,68,0,UgzwvEpQc3M_AWvNDad4AaABAg,@WalksandSuch,Plan 2032 Ciudad de Guatemala
A:UCRelkU8JiZBytTzebJxaa-w,V:n8iP75gIpmw,author,video,UCRelkU8JiZBytTzebJxaa-w,n8iP75gIpmw,1,numero de comentarios observados del autor en el video,3,0,Ugw2bSVOoNn2pc8ZcUl4AaABAg,@danyraymundo2942,Qué rico come tu diputado
A:UCRfkkatKrNtAARnXMMYBGlA,V:6W4u8sGEnGM,author,video,UCRfkkatKrNtAARnXMMYBGlA,6W4u8sGEnGM,1,numero de comentarios observados del autor en el video,0,0,UgzhjFXjeUslGQMZ7KB4AaABAg,@BernerSoza-mg3vx,Inician los trabajos de recuperación del Puente Belice II.
A:UCRlCV9zSn7avAWh-9_XFWqQ,V:n8iP75gIpmw,author,video,UCRlCV9zSn7avAWh-9_XFWqQ,n8iP75gIpmw,1,numero de comentarios observados del autor en el video,1,0,UgxcGV8-rD83ACvM0954AaABAg,@ronyarana8849,Qué rico come tu diputado
A:UCRvPToDkkumha7WJAfCDk1A,V:j43HgwYFKfk,author,video,UCRvPToDkkumha7WJAfCDk1A,j43HgwYFKfk,1,numero de comentarios observados del autor en el video,0,0,UgyS31-ujtXB5VmjBRV4AaABAg,@ligiaguerra3057,La cooptación de Walter Mazariegos en la USAC
A:UCRznz9-N3Qc1w-qNdLSIY2Q,V:lj983NWyAQY,author,video,UCRznz9-N3Qc1w-qNdLSIY2Q,lj983NWyAQY,1,numero de comentarios observados del autor en el video,14,0,UgzjFGboqNxQ7BcH0bZ4AaABAg,@jimmygomez724,Plan 2032 Ciudad de Guatemala
A:UCSTAUWVc1_82DHYeqOsqEFA,V:lj983NWyAQY,author,video,UCSTAUWVc1_82DHYeqOsqEFA,lj983NWyAQY,1,numero de comentarios observados del autor en el video,191,2,UgxCjFHfuFk1jUGvoIB4AaABAg,@TheAlexX_C,Plan 2032 Ciudad de Guatemala
A:UCSou6a2OuYGSvPjm5psquyA,V:n8iP75gIpmw,author,video,UCSou6a2OuYGSvPjm5psquyA,n8iP75gIpmw,1,numero de comentarios observados del autor en el video,0,0,UgzH_SOr2gGO_dDna5J4AaABAg,@FranciscoRivera-sf7ne,Qué rico come tu diputado
A:UCTD6q1nyIe3Y7HhqjaMj72w,V:n8iP75gIpmw,author,video,UCTD6q1nyIe3Y7HhqjaMj72w,n8iP75gIpmw,1,numero de comentarios observados del autor en el video,8,0,UgydkbyzemdvsBJrYxt4AaABAg,@JuanChang-r6k,Qué rico come tu diputado
A:UCTP3O0rMnc8z8v8jaDQwL0w,V:n8iP75gIpmw,author,video,UCTP3O0rMnc8z8v8jaDQwL0w,n8iP75gIpmw,1,numero de comentarios observados del autor en el video,1,0,Ugy8csktFvR0eUZN4cp4AaABAg,@RobertoZelaya-x1v,Qué rico come tu diputado
A:UCTTILH6QCIxbTnEWxwRqs1g,V:yLZS3JiEBg8,author,video,UCTTILH6QCIxbTnEWxwRqs1g,yLZS3JiEBg8,1,numero de comentarios observados del autor en el video,0,0,Ugz1VUKAy1iuwk_x2jN4AaABAg,@3762Jorge,Arroz con pollo a la MONOPOLIO
A:UCThW2XNsAaBKme5PUt7n-Zg,V:n8iP75gIpmw,author,video,UCThW2XNsAaBKme5PUt7n-Zg,n8iP75gIpmw,1,numero de comentarios observados del autor en el video,0,0,UgwypjUeZBU45DrrW0d4AaABAg,@thelmamoran8565,Qué rico come tu diputado
A:UCTwSut16JyAg3mX6LVUNGqA,V:n8iP75gIpmw,author,video,UCTwSut16JyAg3mX6LVUNGqA,n8iP75gIpmw,1,numero de comentarios observados del autor en el video,0,0,Ugx1reCoIQcnK3ii2GR4AaABAg,@SuperVictor2005,Qué rico come tu diputado
A:UCTylKrsqkrBKIqubMu_5N0Q,V:n8iP75gIpmw,author,video,UCTylKrsqkrBKIqubMu_5N0Q,n8iP75gIpmw,1,numero de comentarios observados del autor en el video,1,0,Ugxe0MXeW4ziwUMTfF54AaABAg,@edwingeovanymarroquinmarro6684,Qué rico come tu diputado
A:UCUIIIPTVDVHAXqhC_5V6lPA,V:n8iP75gIpmw,author,video,UCUIIIPTVDVHAXqhC_5V6lPA,n8iP75gIpmw,1,numero de comentarios observados del autor en el video,0,0,UgxLSZD8ZrNFmd10RKR4AaABAg,@gorrarota,Qué rico come tu diputado
A:UCUoYsrx1oZnCZ0usbBJn4fA,V:j43HgwYFKfk,author,video,UCUoYsrx1oZnCZ0usbBJn4fA,j43HgwYFKfk,1,numero de comentarios observados del autor en el video,1,0,UgyvSxtnuw9xRiNU5tl4AaABAg,@AnaDiaz-re9sq,La cooptación de Walter Mazariegos en la USAC
A:UCV0iizTBoOfdAFX_thfI9BA,V:n8iP75gIpmw,author,video,UCV0iizTBoOfdAFX_thfI9BA,n8iP75gIpmw,1,numero de comentarios observados del autor en el video,0,0,UgwkiP4fW1xfpXbZcV14AaABAg,@BenjaminLarios-jd8nk,Qué rico come tu diputado
A:UCV0lM03g5fg5pbPj97-sAtA,V:j43HgwYFKfk,author,video,UCV0lM03g5fg5pbPj97-sAtA,j43HgwYFKfk,1,numero de comentarios observados del autor en el video,1,0,UgxDBhcq11EK83DqrSZ4AaABAg,@genarodelgado3929,La cooptación de Walter Mazariegos en la USAC
A:UCVQf0tzL7xRzFJsABVVULpg,V:PjmxCj-a9Hg,author,video,UCVQf0tzL7xRzFJsABVVULpg,PjmxCj-a9Hg,1,numero de comentarios observados del autor en el video,0,0,Ugz5OziU6YjREVjZJUZ4AaABAg,@DennisseLopetegi,Conferencia de Prensa del Gobierno de Guatemala. #LaRondaGt
A:UCVdjCrh4tQoX3haNAZv-n5A,V:OkXlHx0hx-8,author,video,UCVdjCrh4tQoX3haNAZv-n5A,OkXlHx0hx-8,1,numero de comentarios observados del autor en el video,3,1,UgxWzoHDeFfVC7jrjzF4AaABAg,@aurahernandez5646,EE.UU. envía a mexicanos deportados a Guatemala antes de su regreso a México | Noticias Telemundo
A:UCVhif9eV0f8plICen2DnpKA,V:WIUZtitfLRw,author,video,UCVhif9eV0f8plICen2DnpKA,WIUZtitfLRw,1,numero de comentarios observados del autor en el video,0,0,Ugxf6gnAtXKqV1Q_zRd4AaABAg,@blogarteplus,Caminar en una ciudad hecha para carros
A:UCW-JC6lebVmf2P1dmY_L94g,V:j43HgwYFKfk,author,video,UCW-JC6lebVmf2P1dmY_L94g,j43HgwYFKfk,1,numero de comentarios observados del autor en el video,0,0,UgyZ2zEvW_CClk8k15F4AaABAg,@dinoraoroxon5771,La cooptación de Walter Mazariegos en la USAC
A:UCW80DaMjQlEUibC98Cot-Dg,V:j43HgwYFKfk,author,video,UCW80DaMjQlEUibC98Cot-Dg,j43HgwYFKfk,1,numero de comentarios observados del autor en el video,0,0,Ugyb2uIeZGcNljNqap94AaABAg,@rogeraldana4289,La cooptación de Walter Mazariegos en la USAC
A:UCWIZUtKJ636y-4TYrNvok0g,V:n8iP75gIpmw,author,video,UCWIZUtKJ636y-4TYrNvok0g,n8iP75gIpmw,1,numero de comentarios observados del autor en el video,5,0,Ugw5URsiAF9QVoniY-l4AaABAg,@cesarandreas7824,Qué rico come tu diputado
A:UCWWkebAekppaL5b5CNlppuw,V:JkpVO1hx2f8,author,video,UCWWkebAekppaL5b5CNlppuw,JkpVO1hx2f8,1,numero de comentarios observados del autor en el video,3,0,Ugy6isIL3n6cvYbJG-94AaABAg,@ninettmartinez425,10 Preguntas a un año del Paro Nacional
A:UCWoAVGVqCn4xtINCMOTM4jg,V:j43HgwYFKfk,author,video,UCWoAVGVqCn4xtINCMOTM4jg,j43HgwYFKfk,1,numero de comentarios observados del autor en el video,0,0,UgyhYgz2ilvm1-T5IW94AaABAg,@OmarMartinez-vv8re,La cooptación de Walter Mazariegos en la USAC
A:UCWvntqPQx99k_Z_skWKqNSA,V:6W4u8sGEnGM,author,video,UCWvntqPQx99k_Z_skWKqNSA,6W4u8sGEnGM,1,numero de comentarios observados del autor en el video,2,1,UgwSt406Q1HWBWCewI14AaABAg,@AntonioChiyal-x5s,Inician los trabajos de recuperación del Puente Belice II.
A:UCXN2s7DwTJm33xO-pNkAdaA,V:06mFNPU0aB8,author,video,UCXN2s7DwTJm33xO-pNkAdaA,06mFNPU0aB8,1,numero de comentarios observados del autor en el video,0,0,UgysnIFZt6-_f2iGbid4AaABAg,@edithsan7688,Capturan a presuntos delincuentes disfrazados de mujer señalados de cometer asalto
A:UCXO1BBohNWXkK9SBDAG2ySg,V:yLZS3JiEBg8,author,video,UCXO1BBohNWXkK9SBDAG2ySg,yLZS3JiEBg8,1,numero de comentarios observados del autor en el video,0,0,UgzL_lyzP1gwPdnVQ3Z4AaABAg,@JBFlute92,Arroz con pollo a la MONOPOLIO
A:UCXSkL3ejZ8qWYyF_M7s_QKA,V:n8iP75gIpmw,author,video,UCXSkL3ejZ8qWYyF_M7s_QKA,n8iP75gIpmw,1,numero de comentarios observados del autor en el video,0,0,UgwG3XiEgFlHKtrtTqd4AaABAg,@JacintaTzoy,Qué rico come tu diputado
A:UCXVLc8CmAO813ubM-fLvCDw,V:yLZS3JiEBg8,author,video,UCXVLc8CmAO813ubM-fLvCDw,yLZS3JiEBg8,1,numero de comentarios observados del autor en el video,7,0,UgwoyDvqZ6NlBCvXB7t4AaABAg,@herminiasaquimux7565,Arroz con pollo a la MONOPOLIO
A:UCXgr7vXlRrsaskPdo097kGA,V:n8iP75gIpmw,author,video,UCXgr7vXlRrsaskPdo097kGA,n8iP75gIpmw,1,numero de comentarios observados del autor en el video,0,0,UgzM_dw7xZDkJJ8eYQ94AaABAg,@Rogergh-nw4oj,Qué rico come tu diputado
A:UCXl30Y_upRqbti52fmjK4YA,V:yLZS3JiEBg8,author,video,UCXl30Y_upRqbti52fmjK4YA,yLZS3JiEBg8,1,numero de comentarios observados del autor en el video,0,0,Ugw2014OIYf336oytFt4AaABAg,@capitanfrans,Arroz con pollo a la MONOPOLIO
A:UCXmrpc6Li0spcKxtS0Q_ptg,V:lj983NWyAQY,author,video,UCXmrpc6Li0spcKxtS0Q_ptg,lj983NWyAQY,1,numero de comentarios observados del autor en el video,10,0,UgwA5aTmgACLCuTUT494AaABAg,@melvinperez6710,Plan 2032 Ciudad de Guatemala
A:UCXr8_5WtGeipe4haOoQDgyQ,V:n8iP75gIpmw,author,video,UCXr8_5WtGeipe4haOoQDgyQ,n8iP75gIpmw,1,numero de comentarios observados del autor en el video,0,0,UgwY0wdDJRzHsTCnLbN4AaABAg,@amyherrera7352,Qué rico come tu diputado
A:UCY7Hq7F9Lnucf-Yr6JkHZNw,V:lj983NWyAQY,author,video,UCY7Hq7F9Lnucf-Yr6JkHZNw,lj983NWyAQY,1,numero de comentarios observados del autor en el video,79,0,UgzjqVqTKYeOrM1kW0F4AaABAg,@maynorcalel1442,Plan 2032 Ciudad de Guatemala
A:UCYN4wSQ1Sx4_LurxLlW7MPg,V:n8iP75gIpmw,author,video,UCYN4wSQ1Sx4_LurxLlW7MPg,n8iP75gIpmw,1,numero de comentarios observados del autor en el video,0,0,Ugz1TFgP101cP3SQAW94AaABAg,@belarminavillatoro6474,Qué rico come tu diputado
A:UCYwpX26TrCxq8TvbKGRYLXA,V:n8iP75gIpmw,author,video,UCYwpX26TrCxq8TvbKGRYLXA,n8iP75gIpmw,1,numero de comentarios observados del autor en el video,3,0,UgxLNf6Xy3xngPFLs594AaABAg,@beneficioelcaminovillacana8540,Qué rico come tu diputado
A:UCZ51R_9Q9C0c8I3pAWhtmjQ,V:n8iP75gIpmw,author,video,UCZ51R_9Q9C0c8I3pAWhtmjQ,n8iP75gIpmw,1,numero de comentarios observados del autor en el video,8,0,UgwARHTnVAzzPrHbNox4AaABAg,@belvettzapeta1251,Qué rico come tu diputado
A:UCZFQwqh90apuL8eFhvRBkUg,V:6W4u8sGEnGM,author,video,UCZFQwqh90apuL8eFhvRBkUg,6W4u8sGEnGM,1,numero de comentarios observados del autor en el video,9,0,UgxEsAK7q3l34wFdZ414AaABAg.A_zCnf5bSajA_zKDdWQaaO,@luisricardo9671,Inician los trabajos de recuperación del Puente Belice II.
A:UCZIQnb1fkwe39Iw2TAu-bGA,V:WIUZtitfLRw,author,video,UCZIQnb1fkwe39Iw2TAu-bGA,WIUZtitfLRw,1,numero de comentarios observados del autor en el video,1,0,Ugy7b0JTkHodE4sTU_54AaABAg,@jorgegomez2237,Caminar en una ciudad hecha para carros
A:UCZLG9qH0tUjNhEGFIUt0CYw,V:n8iP75gIpmw,author,video,UCZLG9qH0tUjNhEGFIUt0CYw,n8iP75gIpmw,1,numero de comentarios observados del autor en el video,1,0,UgwEQHx8Ik7SbxBTQ914AaABAg,@SoniaMarroquin-y6e,Qué rico come tu diputado
A:UCZOmq6MwFDVoCaEl99BRRaw,V:ndAZjHqzzT8,author,video,UCZOmq6MwFDVoCaEl99BRRaw,ndAZjHqzzT8,1,numero de comentarios observados del autor en el video,0,0,Ugw4St_YnT9_Ya5xSPt4AaABAg,@daniloarevalo3170,Internet: escoger el menos malo
A:UCZeIIQrGAedW8tCbKWmGY-A,V:j43HgwYFKfk,author,video,UCZeIIQrGAedW8tCbKWmGY-A,j43HgwYFKfk,1,numero de comentarios observados del autor en el video,9,0,UgxXGkvxY-TdtPROWcV4AaABAg,@mariocordon8873,La cooptación de Walter Mazariegos en la USAC
A:UCZjm6U576nX8WOiLhmMR3bw,V:OkXlHx0hx-8,author,video,UCZjm6U576nX8WOiLhmMR3bw,OkXlHx0hx-8,1,numero de comentarios observados del autor en el video,3,1,Ugzfc9D5wlSKYgY5Jrh4AaABAg,@MariaNavarroYT,EE.UU. envía a mexicanos deportados a Guatemala antes de su regreso a México | Noticias Telemundo
A:UC_3xuTXvMIWU5MYP9HkJ3vQ,V:06mFNPU0aB8,author,video,UC_3xuTXvMIWU5MYP9HkJ3vQ,06mFNPU0aB8,1,numero de comentarios observados del autor en el video,4,0,UgwY2FW-3sBGV2CGxaJ4AaABAg,@Historia-wm4os,Capturan a presuntos delincuentes disfrazados de mujer señalados de cometer asalto
A:UC_6KbBY1bsYXz9fwFS0eQRg,V:ndAZjHqzzT8,author,video,UC_6KbBY1bsYXz9fwFS0eQRg,ndAZjHqzzT8,1,numero de comentarios observados del autor en el video,0,0,UgxOO0LIkZP1WvhR1U54AaABAg,@imrcp5694,Internet: escoger el menos malo
A:UC_LYoGs5C3mbZKZuKuqYCvw,V:j43HgwYFKfk,author,video,UC_LYoGs5C3mbZKZuKuqYCvw,j43HgwYFKfk,1,numero de comentarios observados del autor en el video,7,0,Ugzhc5zg6rDOR3ltTAZ4AaABAg,@javiercifuentesarchila6041,La cooptación de Walter Mazariegos en la USAC
A:UC_NRVt2UP88ZNTwzrZ66JSg,V:UhL9y3KUl8E,author,video,UC_NRVt2UP88ZNTwzrZ66JSg,UhL9y3KUl8E,1,numero de comentarios observados del autor en el video,2,0,UgyQxncw9dtHgZFgp014AaABAg,@aditalissethevasquezrojas8039,SHAI WA: la vecina queer de Casa Presidencial
A:UC_ljZ1hZXR9pzexFz87P5ZA,V:lj983NWyAQY,author,video,UC_ljZ1hZXR9pzexFz87P5ZA,lj983NWyAQY,1,numero de comentarios observados del autor en el video,0,0,UgxDFo35bUo0APtZcd94AaABAg,@ChRiStOpHeR7969,Plan 2032 Ciudad de Guatemala
A:UCa36MjQLoPAmgJo-R3G8WQA,V:6W4u8sGEnGM,author,video,UCa36MjQLoPAmgJo-R3G8WQA,6W4u8sGEnGM,1,numero de comentarios observados del autor en el video,3,0,UgyFSrjeDvPsB0fKUdp4AaABAg,@elsasalguero6914,Inician los trabajos de recuperación del Puente Belice II.
A:UCaKAjTW9MVub_clgr4DRYjQ,V:j43HgwYFKfk,author,video,UCaKAjTW9MVub_clgr4DRYjQ,j43HgwYFKfk,1,numero de comentarios observados del autor en el video,6,0,UgwCw9bhAw6suYQfCWx4AaABAg,@josecastillo4390,La cooptación de Walter Mazariegos en la USAC
A:UCaT4saRcyqCLE657Rq2hhZQ,V:6W4u8sGEnGM,author,video,UCaT4saRcyqCLE657Rq2hhZQ,6W4u8sGEnGM,1,numero de comentarios observados del autor en el video,0,0,Ugx4dn4xlUl9Jp9QJeJ4AaABAg,@elmilenial4064,Inician los trabajos de recuperación del Puente Belice II.
A:UCaT6M2zp7X6r6Whd8Vv3kHQ,V:lj983NWyAQY,author,video,UCaT6M2zp7X6r6Whd8Vv3kHQ,lj983NWyAQY,1,numero de comentarios observados del autor en el video,1,0,UgzESrzC3abcN60poBF4AaABAg,@alexarcos8349,Plan 2032 Ciudad de Guatemala
A:UCat2qkYvqmtDNEmo2PVuhXw,V:OkXlHx0hx-8,author,video,UCat2qkYvqmtDNEmo2PVuhXw,OkXlHx0hx-8,1,numero de comentarios observados del autor en el video,1,0,UgxCT5F3jO763e2aO-t4AaABAg,@DoraSalas-j5o,EE.UU. envía a mexicanos deportados a Guatemala antes de su regreso a México | Noticias Telemundo
A:UCbNanjFI51cwGqMAb2rOrBw,V:OkXlHx0hx-8,author,video,UCbNanjFI51cwGqMAb2rOrBw,OkXlHx0hx-8,1,numero de comentarios observados del autor en el video,0,0,UgzBnKyfiTTp9djPTh54AaABAg,@RosaMontesdeOca777,EE.UU. envía a mexicanos deportados a Guatemala antes de su regreso a México | Noticias Telemundo
A:UCbYoNG5J3Au5BqtbXogfEFw,V:PjmxCj-a9Hg,author,video,UCbYoNG5J3Au5BqtbXogfEFw,PjmxCj-a9Hg,1,numero de comentarios observados del autor en el video,1,0,Ugz26waEPWK6VtsenFZ4AaABAg.ALglV0O_2mtALgq1_mUSB_,@Luis-gn3fj,Conferencia de Prensa del Gobierno de Guatemala. #LaRondaGt
A:UCbrtvygfRT6QXqWDNrOf-cA,V:ndAZjHqzzT8,author,video,UCbrtvygfRT6QXqWDNrOf-cA,ndAZjHqzzT8,1,numero de comentarios observados del autor en el video,0,0,Ugy5lmf3RzzeJDUeqQd4AaABAg,@Alejandro00710,Internet: escoger el menos malo
A:UCbrtvygfRT6QXqWDNrOf-cA,V:yLZS3JiEBg8,author,video,UCbrtvygfRT6QXqWDNrOf-cA,yLZS3JiEBg8,1,numero de comentarios observados del autor en el video,0,0,UgxzETIqBajjXFTGd_R4AaABAg,@Alejandro00710,Arroz con pollo a la MONOPOLIO
A:UCcFIBN-rtC3d3hXeuN5TfWw,V:yLZS3JiEBg8,author,video,UCcFIBN-rtC3d3hXeuN5TfWw,yLZS3JiEBg8,1,numero de comentarios observados del autor en el video,0,0,UgxD16VX3BhREOtsuhJ4AaABAg,@DenisRMC,Arroz con pollo a la MONOPOLIO
A:UCc_F88PzGWtA1OPNUEASulA,V:yLZS3JiEBg8,author,video,UCc_F88PzGWtA1OPNUEASulA,yLZS3JiEBg8,1,numero de comentarios observados del autor en el video,0,0,Ugx6Wjc02tqpQUBf4NJ4AaABAg,@rockyscarlet,Arroz con pollo a la MONOPOLIO
A:UCcfdg8crmMJwEuLUsAhV7yg,V:n8iP75gIpmw,author,video,UCcfdg8crmMJwEuLUsAhV7yg,n8iP75gIpmw,1,numero de comentarios observados del autor en el video,1,0,UgxFOJmnMHqi2dpDaZd4AaABAg,@RolandoRaguay,Qué rico come tu diputado
A:UCdFlugHJJa4l3YqWuNRmvXw,V:is3Mk5oC19g,author,video,UCdFlugHJJa4l3YqWuNRmvXw,is3Mk5oC19g,1,numero de comentarios observados del autor en el video,0,1,UgwxjmtBoAozs0ZUAcd4AaABAg,@MarcosCarillo-b1r,Capturan a ladrón que había quedado grabado mientras robaba en una parroquia de Retalhuleu
A:UCdFlugHJJa4l3YqWuNRmvXw,V:j43HgwYFKfk,author,video,UCdFlugHJJa4l3YqWuNRmvXw,j43HgwYFKfk,1,numero de comentarios observados del autor en el video,0,0,Ugw-J65a1iYL9hqhELh4AaABAg,@MarcosCarillo-b1r,La cooptación de Walter Mazariegos en la USAC
A:UCdQAuWwyC99MB7Y02Umj26Q,V:yLZS3JiEBg8,author,video,UCdQAuWwyC99MB7Y02Umj26Q,yLZS3JiEBg8,1,numero de comentarios observados del autor en el video,0,0,UgyOyo4VyMiMOhqOkGd4AaABAg,@miguelbran1268,Arroz con pollo a la MONOPOLIO
A:UCe8JZoYkX5oKUZyivHYdXhw,V:j43HgwYFKfk,author,video,UCe8JZoYkX5oKUZyivHYdXhw,j43HgwYFKfk,1,numero de comentarios observados del autor en el video,0,0,Ugy_ejYOfCK6ERWL_dt4AaABAg,@FernandoGarcia-jg1fj,La cooptación de Walter Mazariegos en la USAC
A:UCeDNEtI8_a42bZ47wJiJMwQ,V:j43HgwYFKfk,author,video,UCeDNEtI8_a42bZ47wJiJMwQ,j43HgwYFKfk,1,numero de comentarios observados del autor en el video,0,0,UgwL_UlN82zRUeNgVDh4AaABAg,@EdgarcalderonCalderong,La cooptación de Walter Mazariegos en la USAC
A:UCeQk-WfEA-cJRq4EKeE7TOw,V:6W4u8sGEnGM,author,video,UCeQk-WfEA-cJRq4EKeE7TOw,6W4u8sGEnGM,1,numero de comentarios observados del autor en el video,0,0,UgxS0pN-vg0fjeNSLeJ4AaABAg,@franciscojuarez9223,Inician los trabajos de recuperación del Puente Belice II.
A:UCefAH1MbvADWUjE9WVcB9EQ,V:yLZS3JiEBg8,author,video,UCefAH1MbvADWUjE9WVcB9EQ,yLZS3JiEBg8,1,numero de comentarios observados del autor en el video,0,0,UgxQC-ejR063rkAb1VB4AaABAg,@jabriz8152,Arroz con pollo a la MONOPOLIO
A:UCf5lnNZF7Qrtli9v4N_23WQ,V:PjmxCj-a9Hg,author,video,UCf5lnNZF7Qrtli9v4N_23WQ,PjmxCj-a9Hg,1,numero de comentarios observados del autor en el video,0,0,Ugyav8Au2cT8yVfYgp54AaABAg,@CarlosCortez-v5r,Conferencia de Prensa del Gobierno de Guatemala. #LaRondaGt
A:UCfM3nrxtTQMY5jFx1v1J4Gg,V:n8iP75gIpmw,author,video,UCfM3nrxtTQMY5jFx1v1J4Gg,n8iP75gIpmw,1,numero de comentarios observados del autor en el video,0,0,Ugyk3PqfIuDEuXyeb494AaABAg,@edgarroldan5539,Qué rico come tu diputado
A:UCfRqgt2O-vjzUDMZY_tnxQw,V:is3Mk5oC19g,author,video,UCfRqgt2O-vjzUDMZY_tnxQw,is3Mk5oC19g,1,numero de comentarios observados del autor en el video,0,0,UgzSjpcAY2zvJ6i-poh4AaABAg,@Williams-Garcia67E,Capturan a ladrón que había quedado grabado mientras robaba en una parroquia de Retalhuleu
A:UCfXykdbSU97rj987LDUGfvg,V:06mFNPU0aB8,author,video,UCfXykdbSU97rj987LDUGfvg,06mFNPU0aB8,1,numero de comentarios observados del autor en el video,1,0,Ugxb-sknzjBr3wecCw94AaABAg,@MariaSantos-c8y3h,Capturan a presuntos delincuentes disfrazados de mujer señalados de cometer asalto
A:UCfjhejO7LZy4doXURa7LZCQ,V:06mFNPU0aB8,author,video,UCfjhejO7LZy4doXURa7LZCQ,06mFNPU0aB8,1,numero de comentarios observados del autor en el video,0,0,UgxEE17R1iQyuDZebVF4AaABAg.A_UFk_pMAbMA_VZ_0Vdu89,@HonwayLee-z5g,Capturan a presuntos delincuentes disfrazados de mujer señalados de cometer asalto
A:UCfo_yUPzy1f1POwwZxhZ06Q,V:6W4u8sGEnGM,author,video,UCfo_yUPzy1f1POwwZxhZ06Q,6W4u8sGEnGM,1,numero de comentarios observados del autor en el video,1,0,Ugxd8fn-MEnc3SKPtid4AaABAg,@lara11roberto,Inician los trabajos de recuperación del Puente Belice II.
A:UCgGqw4aqMdMVSGkKiMgrJRQ,V:6W4u8sGEnGM,author,video,UCgGqw4aqMdMVSGkKiMgrJRQ,6W4u8sGEnGM,1,numero de comentarios observados del autor en el video,0,0,UgzVsPOuFAogocL8wKB4AaABAg,@pattyfigueroa5609,Inician los trabajos de recuperación del Puente Belice II.
A:UCgJNFj5dnxXpcMvmuhZDPxA,V:j43HgwYFKfk,author,video,UCgJNFj5dnxXpcMvmuhZDPxA,j43HgwYFKfk,1,numero de comentarios observados del autor en el video,1,0,Ugy_6i8lJAd2eVIRNjx4AaABAg,@NataliaRodriguez-rx5mr,La cooptación de Walter Mazariegos en la USAC
A:UCgLrWFdYitoP-b7-PxtUr-w,V:lj983NWyAQY,author,video,UCgLrWFdYitoP-b7-PxtUr-w,lj983NWyAQY,1,numero de comentarios observados del autor en el video,405,3,UgysqnYM0p-_jyWisMJ4AaABAg,@zetag,Plan 2032 Ciudad de Guatemala
A:UCgLurCo-e019HGODcjXHWCw,V:lj983NWyAQY,author,video,UCgLurCo-e019HGODcjXHWCw,lj983NWyAQY,1,numero de comentarios observados del autor en el video,2,0,Ugw3gnUvLp6AqO0_odt4AaABAg,@perritojuega1,Plan 2032 Ciudad de Guatemala
A:UCgQJgI9vu1FI2dnC9mrFthw,V:PjmxCj-a9Hg,author,video,UCgQJgI9vu1FI2dnC9mrFthw,PjmxCj-a9Hg,1,numero de comentarios observados del autor en el video,2,0,UgzpdnDQDBV6UZ96GZh4AaABAg,@srms70,Conferencia de Prensa del Gobierno de Guatemala. #LaRondaGt
A:UCgQw_Sbq3ugruDUKsq1e0-A,V:j43HgwYFKfk,author,video,UCgQw_Sbq3ugruDUKsq1e0-A,j43HgwYFKfk,1,numero de comentarios observados del autor en el video,0,0,Ugwqsca_nj4eGguiyTJ4AaABAg,@marlenareano-h4t,La cooptación de Walter Mazariegos en la USAC
A:UCgvw7xIdGFupzpt1Y_BFkEA,V:n8iP75gIpmw,author,video,UCgvw7xIdGFupzpt1Y_BFkEA,n8iP75gIpmw,1,numero de comentarios observados del autor en el video,1,0,UgwKjHT5lyjLiqR9ym94AaABAg,@fredygarcia9151,Qué rico come tu diputado
A:UChT7pzGytNd92Nmvi-zuWog,V:yLZS3JiEBg8,author,video,UChT7pzGytNd92Nmvi-zuWog,yLZS3JiEBg8,1,numero de comentarios observados del autor en el video,1,0,UgyzKNq94Z4Y2GSth514AaABAg,@sparkvalkov,Arroz con pollo a la MONOPOLIO
A:UChZknRmJkeGeQk0-mQuhDOg,V:n8iP75gIpmw,author,video,UChZknRmJkeGeQk0-mQuhDOg,n8iP75gIpmw,1,numero de comentarios observados del autor en el video,1,0,Ugyzgy-Lqlq6CTb4GPB4AaABAg,@OdilioRodríguez-c5w,Qué rico come tu diputado
A:UCheEJ5GZuIvV0fj-nXyVwXw,V:6W4u8sGEnGM,author,video,UCheEJ5GZuIvV0fj-nXyVwXw,6W4u8sGEnGM,1,numero de comentarios observados del autor en el video,0,0,Ugwije36G_n35mshRfp4AaABAg,@rosaoliva9389,Inician los trabajos de recuperación del Puente Belice II.
A:UChep9kVb5gQmpodEEl10Xlg,V:n8iP75gIpmw,author,video,UChep9kVb5gQmpodEEl10Xlg,n8iP75gIpmw,1,numero de comentarios observados del autor en el video,0,0,Ugxbz7-04jLwadBMK_p4AaABAg,@carlosaguilar-kz7ml,Qué rico come tu diputado
A:UChgkn5Jt5tWKYMoEOuCjz3Q,V:n8iP75gIpmw,author,video,UChgkn5Jt5tWKYMoEOuCjz3Q,n8iP75gIpmw,1,numero de comentarios observados del autor en el video,2,0,UgwTyYcT2aNvGA5DK4J4AaABAg,@pablochitay46,Qué rico come tu diputado
A:UChyps3dqY-VY1_wLeq-2lhw,V:6W4u8sGEnGM,author,video,UChyps3dqY-VY1_wLeq-2lhw,6W4u8sGEnGM,1,numero de comentarios observados del autor en el video,14,1,UgzMXsCXt9Lh-tk3fZd4AaABAg,@maydamorales4395,Inician los trabajos de recuperación del Puente Belice II.
A:UCi-vPdnpQreC7BkFs40mJGA,V:lj983NWyAQY,author,video,UCi-vPdnpQreC7BkFs40mJGA,lj983NWyAQY,1,numero de comentarios observados del autor en el video,35,0,Ugzs8eXa8mdQ8wlS4FZ4AaABAg,@bryansicasales4280,Plan 2032 Ciudad de Guatemala
A:UCiC-Jn7wdgyQV4_Urk0DkWQ,V:j43HgwYFKfk,author,video,UCiC-Jn7wdgyQV4_Urk0DkWQ,j43HgwYFKfk,1,numero de comentarios observados del autor en el video,1,0,UgwUZL4XYbr2lbEi1r94AaABAg,@pedroros6358,La cooptación de Walter Mazariegos en la USAC
A:UCiGRBf2RNF0WRKhRVT7zFoA,V:n8iP75gIpmw,author,video,UCiGRBf2RNF0WRKhRVT7zFoA,n8iP75gIpmw,1,numero de comentarios observados del autor en el video,0,0,UgyEM7_iOGkWV0SbNuB4AaABAg,@edwinavila4876,Qué rico come tu diputado
A:UCiMythXHsw7eQEMykCdmMUA,V:n8iP75gIpmw,author,video,UCiMythXHsw7eQEMykCdmMUA,n8iP75gIpmw,1,numero de comentarios observados del autor en el video,2,0,UgzXDN6uNEworKy3uqZ4AaABAg,@JavierBecerra-h6x,Qué rico come tu diputado
A:UCiOZX__1gahg1ypIj0_XG_w,V:6W4u8sGEnGM,author,video,UCiOZX__1gahg1ypIj0_XG_w,6W4u8sGEnGM,1,numero de comentarios observados del autor en el video,1,0,UgwMfCTNaiukOxMqfON4AaABAg,@mariogonzalezorellana8956,Inician los trabajos de recuperación del Puente Belice II.
A:UCipetjeiWj4CZB6EbyYziZg,V:n8iP75gIpmw,author,video,UCipetjeiWj4CZB6EbyYziZg,n8iP75gIpmw,1,numero de comentarios observados del autor en el video,0,0,Ugy7-QbaMzLjAO_vJMB4AaABAg,@OseasSamayoa-ol5rz,Qué rico come tu diputado
A:UCj-LL25XJnjxepPKCc3NGog,V:n8iP75gIpmw,author,video,UCj-LL25XJnjxepPKCc3NGog,n8iP75gIpmw,1,numero de comentarios observados del autor en el video,1,0,UgxHqBlwo8Dpvv-2P5d4AaABAg,@anaaguirre8985,Qué rico come tu diputado
A:UCjJf-AJKRFFWtiN-CSwkDmA,V:ndAZjHqzzT8,author,video,UCjJf-AJKRFFWtiN-CSwkDmA,ndAZjHqzzT8,1,numero de comentarios observados del autor en el video,0,0,UgzU2eLo006-Cz6rYLZ4AaABAg,@2jose82,Internet: escoger el menos malo
A:UCjSKM9j0Q7HLDr1hD6D-TUw,V:n8iP75gIpmw,author,video,UCjSKM9j0Q7HLDr1hD6D-TUw,n8iP75gIpmw,1,numero de comentarios observados del autor en el video,2,0,UgzlqevYeQWpdUl_KON4AaABAg,@josehidalgo4875,Qué rico come tu diputado
A:UCjZgFEowMBrsjodqfovzdKw,V:06mFNPU0aB8,author,video,UCjZgFEowMBrsjodqfovzdKw,06mFNPU0aB8,1,numero de comentarios observados del autor en el video,0,0,UgyHHYcKhbzXr6xEjth4AaABAg,@franciscoflores3120,Capturan a presuntos delincuentes disfrazados de mujer señalados de cometer asalto
A:UCjZgFEowMBrsjodqfovzdKw,V:6W4u8sGEnGM,author,video,UCjZgFEowMBrsjodqfovzdKw,6W4u8sGEnGM,1,numero de comentarios observados del autor en el video,0,0,UgwnCwptihjhFCfQK_l4AaABAg,@franciscoflores3120,Inician los trabajos de recuperación del Puente Belice II.
A:UCjmPuazZJzscrwvk0QR9RVw,V:n8iP75gIpmw,author,video,UCjmPuazZJzscrwvk0QR9RVw,n8iP75gIpmw,1,numero de comentarios observados del autor en el video,2,0,Ugy6y6DL1AgyNzNpfMZ4AaABAg,@mynorrodas8591,Qué rico come tu diputado
A:UCk4O-J1BhoqPmig1KLGJePA,V:is3Mk5oC19g,author,video,UCk4O-J1BhoqPmig1KLGJePA,is3Mk5oC19g,1,numero de comentarios observados del autor en el video,0,0,UgyvMO5z1LjtvyRIIxd4AaABAg,@lazarobarillas3575,Capturan a ladrón que había quedado grabado mientras robaba en una parroquia de Retalhuleu
A:UCkVtmkK07b2zaVVNssX4lOg,V:j43HgwYFKfk,author,video,UCkVtmkK07b2zaVVNssX4lOg,j43HgwYFKfk,1,numero de comentarios observados del autor en el video,0,0,UgwIBBqN6fh6MURkwkN4AaABAg,@HectorElias-u2l,La cooptación de Walter Mazariegos en la USAC
A:UCkbsS_3D-pvg1iHOld9uvIg,V:j43HgwYFKfk,author,video,UCkbsS_3D-pvg1iHOld9uvIg,j43HgwYFKfk,1,numero de comentarios observados del autor en el video,0,0,Ugw0xgUc2ISpBr5_T654AaABAg,@gonzalo6075,La cooptación de Walter Mazariegos en la USAC
A:UCkxdJ_yGN2gghOMo2ybQtXQ,V:yLZS3JiEBg8,author,video,UCkxdJ_yGN2gghOMo2ybQtXQ,yLZS3JiEBg8,1,numero de comentarios observados del autor en el video,1,0,UgwmvtMMEFg5rWbrmtV4AaABAg,@11223344An,Arroz con pollo a la MONOPOLIO
A:UCl0ekS9Tt0jJGtOEM18S63w,V:n8iP75gIpmw,author,video,UCl0ekS9Tt0jJGtOEM18S63w,n8iP75gIpmw,1,numero de comentarios observados del autor en el video,0,0,Ugz2Y0LOPaJfoV8R01d4AaABAg,@monkchapin,Qué rico come tu diputado
A:UCld2stqxaVSk0QdGncM224A,V:TT4qJ5FXHYE,author,video,UCld2stqxaVSk0QdGncM224A,TT4qJ5FXHYE,1,numero de comentarios observados del autor en el video,4,0,UgwO8kzHC551ofxNYCV4AaABAg,@sarahernandez3873,"I’x K’at: el primer equipo guatemalteco de pelota maya, conformado únicamente por mujeres."
A:UClhMWQ7XKWywYvbRnuf8QsA,V:j43HgwYFKfk,author,video,UClhMWQ7XKWywYvbRnuf8QsA,j43HgwYFKfk,1,numero de comentarios observados del autor en el video,0,0,Ugz8fJcHTKHoEWJPwWt4AaABAg,@EcPerez-zz9oh,La cooptación de Walter Mazariegos en la USAC
A:UCljDbleJul41G1TzOjOZAVA,V:n8iP75gIpmw,author,video,UCljDbleJul41G1TzOjOZAVA,n8iP75gIpmw,1,numero de comentarios observados del autor en el video,1,0,UgxVUS-jkZU2DAjmNjR4AaABAg,@hectorcarranza3777,Qué rico come tu diputado
A:UClqA491Xa5fQcXcJJa-vTWw,V:j43HgwYFKfk,author,video,UClqA491Xa5fQcXcJJa-vTWw,j43HgwYFKfk,1,numero de comentarios observados del autor en el video,0,0,Ugy4JA9MR8l_gkTNgWh4AaABAg,@AndresLemus-k2d,La cooptación de Walter Mazariegos en la USAC
A:UClsrFGJKWPxxw7MiaEdKLXw,V:PjmxCj-a9Hg,author,video,UClsrFGJKWPxxw7MiaEdKLXw,PjmxCj-a9Hg,1,numero de comentarios observados del autor en el video,3,2,UgyC45vItnUiq1QrUtd4AaABAg,@ericapaz5406,Conferencia de Prensa del Gobierno de Guatemala. #LaRondaGt
A:UCmjppp6ujz3SAnULvP3sZMw,V:n8iP75gIpmw,author,video,UCmjppp6ujz3SAnULvP3sZMw,n8iP75gIpmw,1,numero de comentarios observados del autor en el video,0,0,UgwcF8V3__81jxC8Eh14AaABAg,@marcomendez7509,Qué rico come tu diputado
A:UCmvOgzmmXbjUthHy-WJ52hQ,V:n8iP75gIpmw,author,video,UCmvOgzmmXbjUthHy-WJ52hQ,n8iP75gIpmw,1,numero de comentarios observados del autor en el video,1,0,UgzOYjc2Ii04ZArW7vF4AaABAg,@mariorodas593,Qué rico come tu diputado
A:UCnU8wO1OurAmGstDw6VGjgQ,V:ndAZjHqzzT8,author,video,UCnU8wO1OurAmGstDw6VGjgQ,ndAZjHqzzT8,1,numero de comentarios observados del autor en el video,0,0,Ugy_hCCLd8GwWbnIbsd4AaABAg,@cmorera21,Internet: escoger el menos malo
A:UColMq7LmaoY3MT6aIDGrGvA,V:j43HgwYFKfk,author,video,UColMq7LmaoY3MT6aIDGrGvA,j43HgwYFKfk,1,numero de comentarios observados del autor en el video,0,0,UgxCKgaQSm13r2z9hFd4AaABAg,@quijotachapina1,La cooptación de Walter Mazariegos en la USAC
A:UCozFYHN0e_-vlQbX3wQGOug,V:OkXlHx0hx-8,author,video,UCozFYHN0e_-vlQbX3wQGOug,OkXlHx0hx-8,1,numero de comentarios observados del autor en el video,5,2,UgxiEgXuexKPtHEwAQJ4AaABAg,@jesusguzman2321,EE.UU. envía a mexicanos deportados a Guatemala antes de su regreso a México | Noticias Telemundo
A:UCp4iw5_5SmV9VGTFSNVGOmQ,V:n8iP75gIpmw,author,video,UCp4iw5_5SmV9VGTFSNVGOmQ,n8iP75gIpmw,1,numero de comentarios observados del autor en el video,0,0,UgykKTDDGdoiNQIuYJd4AaABAg,@CARLOSSTREMS51,Qué rico come tu diputado
A:UCpIdtvoFHVLGASGB5ySqIEA,V:n8iP75gIpmw,author,video,UCpIdtvoFHVLGASGB5ySqIEA,n8iP75gIpmw,1,numero de comentarios observados del autor en el video,1,0,UgwPCZZx2gI444cg2AV4AaABAg,@VidalVillatoro-p4w,Qué rico come tu diputado
A:UCp_dAUfv8i3LW3zWc24dLaQ,V:OkXlHx0hx-8,author,video,UCp_dAUfv8i3LW3zWc24dLaQ,OkXlHx0hx-8,1,numero de comentarios observados del autor en el video,1,0,UgyQQbXS_Q_JYcSefap4AaABAg,@MarioCortez-o6v,EE.UU. envía a mexicanos deportados a Guatemala antes de su regreso a México | Noticias Telemundo
A:UCpe5jW3MIqkgTJ-PgkzvM6Q,V:j43HgwYFKfk,author,video,UCpe5jW3MIqkgTJ-PgkzvM6Q,j43HgwYFKfk,1,numero de comentarios observados del autor en el video,1,0,UgxvgdNqovIhqUZDxUx4AaABAg,@carloslam5333,La cooptación de Walter Mazariegos en la USAC
A:UCpl8rF8uv_8uui-QRvuJaRA,V:n8iP75gIpmw,author,video,UCpl8rF8uv_8uui-QRvuJaRA,n8iP75gIpmw,1,numero de comentarios observados del autor en el video,0,0,Ugz8BbgcucTeHAjfvqJ4AaABAg,@SergioGarcia-z9c,Qué rico come tu diputado
A:UCplrIQtaPj6au60_f2-mOYw,V:n8iP75gIpmw,author,video,UCplrIQtaPj6au60_f2-mOYw,n8iP75gIpmw,1,numero de comentarios observados del autor en el video,0,0,UgxE_8DGgJmaHaV_WLJ4AaABAg,@romeolopezherrarte799,Qué rico come tu diputado
A:UCpsKOkt5iWTbenzeuq7dsmQ,V:j43HgwYFKfk,author,video,UCpsKOkt5iWTbenzeuq7dsmQ,j43HgwYFKfk,1,numero de comentarios observados del autor en el video,2,0,UgxoLjEjkngSVGZvO1N4AaABAg,@inge_vergueta,La cooptación de Walter Mazariegos en la USAC
A:UCpsKOkt5iWTbenzeuq7dsmQ,V:n8iP75gIpmw,author,video,UCpsKOkt5iWTbenzeuq7dsmQ,n8iP75gIpmw,1,numero de comentarios observados del autor en el video,1,0,UgyVLVHQ4zNBKTTDxtp4AaABAg,@inge_vergueta,Qué rico come tu diputado
A:UCpsKOkt5iWTbenzeuq7dsmQ,V:ndAZjHqzzT8,author,video,UCpsKOkt5iWTbenzeuq7dsmQ,ndAZjHqzzT8,1,numero de comentarios observados del autor en el video,1,0,UgxK5IJwWigmJ56Xp7p4AaABAg,@inge_vergueta,Internet: escoger el menos malo
A:UCq3mDTTRZnUybct5M9OSXbg,V:06mFNPU0aB8,author,video,UCq3mDTTRZnUybct5M9OSXbg,06mFNPU0aB8,1,numero de comentarios observados del autor en el video,1,0,UgyCFEFtEmhDbi91yCF4AaABAg,@MacoMorales-i2i2d,Capturan a presuntos delincuentes disfrazados de mujer señalados de cometer asalto
A:UCqCrvuoJpC-aVb0f4logQRQ,V:j43HgwYFKfk,author,video,UCqCrvuoJpC-aVb0f4logQRQ,j43HgwYFKfk,1,numero de comentarios observados del autor en el video,0,0,UgwNvErOoJ_qRYF6TB94AaABAg,@Lyrics_GT,La cooptación de Walter Mazariegos en la USAC
A:UCqilIa8r7iek5sGYg_q6ofA,V:lj983NWyAQY,author,video,UCqilIa8r7iek5sGYg_q6ofA,lj983NWyAQY,1,numero de comentarios observados del autor en el video,52,1,UgxuO_1lX_-jTQfAzZx4AaABAg,@rolandojuchuna484,Plan 2032 Ciudad de Guatemala
A:UCql1n3Ey6ULMSOACjMe-fxQ,V:6W4u8sGEnGM,author,video,UCql1n3Ey6ULMSOACjMe-fxQ,6W4u8sGEnGM,1,numero de comentarios observados del autor en el video,6,7,UgxEsAK7q3l34wFdZ414AaABAg,@RolandoGonzalez-o7g,Inician los trabajos de recuperación del Puente Belice II.
A:UCr1emrogPKkKTs_WTtx71xg,V:n8iP75gIpmw,author,video,UCr1emrogPKkKTs_WTtx71xg,n8iP75gIpmw,1,numero de comentarios observados del autor en el video,0,0,Ugzin8yr1Zz1k47GsSp4AaABAg,@domingopeneleu6457,Qué rico come tu diputado
A:UCrqXyRsg-_hTosURZ-uvoKg,V:OkXlHx0hx-8,author,video,UCrqXyRsg-_hTosURZ-uvoKg,OkXlHx0hx-8,1,numero de comentarios observados del autor en el video,0,0,UgzQTWwjC_XVPUNxuXp4AaABAg,@flornolberto2425,EE.UU. envía a mexicanos deportados a Guatemala antes de su regreso a México | Noticias Telemundo
A:UCsGoJEvb-cFPZ2rWoJcXzEQ,V:j43HgwYFKfk,author,video,UCsGoJEvb-cFPZ2rWoJcXzEQ,j43HgwYFKfk,1,numero de comentarios observados del autor en el video,10,0,UgyiegHTZAVz8J4Ogvt4AaABAg,@sergiohinestroza9709,La cooptación de Walter Mazariegos en la USAC
A:UCsJJAvrVGupdmhOqgtDp8dg,V:n8iP75gIpmw,author,video,UCsJJAvrVGupdmhOqgtDp8dg,n8iP75gIpmw,1,numero de comentarios observados del autor en el video,1,0,UgzcVyiuFGJ0Yv0C4Zt4AaABAg,@nestorlorenzana1168,Qué rico come tu diputado
A:UCsSXdJct-nsS8DsABoEsaYA,V:n8iP75gIpmw,author,video,UCsSXdJct-nsS8DsABoEsaYA,n8iP75gIpmw,1,numero de comentarios observados del autor en el video,2,1,Ugz76M4X7jXyiAqAC_d4AaABAg,@IvánPérez-j4j,Qué rico come tu diputado
A:UCsUCN0Yq_UyTvKjOJLmNrnQ,V:b_Hkrkl3adA,author,video,UCsUCN0Yq_UyTvKjOJLmNrnQ,b_Hkrkl3adA,1,numero de comentarios observados del autor en el video,0,0,Ugz6naDsqtHsbONkRBl4AaABAg,@moisesvaldez4043,Bloqueos en Guatemala este 31 de agosto por alza en combustibles afectan rutas principales
A:UCsUCN0Yq_UyTvKjOJLmNrnQ,V:n8iP75gIpmw,author,video,UCsUCN0Yq_UyTvKjOJLmNrnQ,n8iP75gIpmw,1,numero de comentarios observados del autor en el video,0,0,UgyAcWsNSqIPesdI3nF4AaABAg,@moisesvaldez4043,Qué rico come tu diputado
A:UCs_5qeqdku9tGAq22y3OcuQ,V:lj983NWyAQY,author,video,UCs_5qeqdku9tGAq22y3OcuQ,lj983NWyAQY,1,numero de comentarios observados del autor en el video,4,0,UgyYRHeJlfB9VF69LSp4AaABAg,@alexandrevasquez4135,Plan 2032 Ciudad de Guatemala
A:UCsjs5Hp_r86x1xbK6FAeqaA,V:n8iP75gIpmw,author,video,UCsjs5Hp_r86x1xbK6FAeqaA,n8iP75gIpmw,1,numero de comentarios observados del autor en el video,2,0,UgzvKLXKEkVzjn_XRHp4AaABAg,@alvaroesquivel563,Qué rico come tu diputado
A:UCtMBF_1O2jY2INlb_luuB_A,V:lj983NWyAQY,author,video,UCtMBF_1O2jY2INlb_luuB_A,lj983NWyAQY,1,numero de comentarios observados del autor en el video,15,0,UgzPExq20lnf7-8d7_p4AaABAg,@mynorgudiel8646,Plan 2032 Ciudad de Guatemala
A:UCtNfIBnc5S5DbbQj_yxgJTw,V:n8iP75gIpmw,author,video,UCtNfIBnc5S5DbbQj_yxgJTw,n8iP75gIpmw,1,numero de comentarios observados del autor en el video,1,0,UgzeCbhVJhOJATewi5J4AaABAg,@JosueRamirez-ey3ih,Qué rico come tu diputado
A:UCtUR3_CAiE7fCoZHM6cMfyQ,V:n8iP75gIpmw,author,video,UCtUR3_CAiE7fCoZHM6cMfyQ,n8iP75gIpmw,1,numero de comentarios observados del autor en el video,10,0,Ugxy4k7pO6jFtwyDyFp4AaABAg,@mdelcid01,Qué rico come tu diputado
A:UCtiHFjFu7d5v2XxHnKFUYig,V:OkXlHx0hx-8,author,video,UCtiHFjFu7d5v2XxHnKFUYig,OkXlHx0hx-8,1,numero de comentarios observados del autor en el video,0,0,UgwRLgDGrh-_TEVNOYh4AaABAg,@Paul-gf7ec,EE.UU. envía a mexicanos deportados a Guatemala antes de su regreso a México | Noticias Telemundo
A:UCtowGNY2lnlg6O2CkwDgkLg,V:TT4qJ5FXHYE,author,video,UCtowGNY2lnlg6O2CkwDgkLg,TT4qJ5FXHYE,1,numero de comentarios observados del autor en el video,2,0,UgyPm-2rnRLPav43Bt14AaABAg,@taniagabrielacelis8434,"I’x K’at: el primer equipo guatemalteco de pelota maya, conformado únicamente por mujeres."
A:UCtsxPYw8VUsH_FfnKg-0lmw,V:6W4u8sGEnGM,author,video,UCtsxPYw8VUsH_FfnKg-0lmw,6W4u8sGEnGM,1,numero de comentarios observados del autor en el video,2,0,UgxcBa2IQb3I0JZcFax4AaABAg,@AlejandroPérez-b6r,Inician los trabajos de recuperación del Puente Belice II.
A:UCu8_3-Wg-YzNyvHYQDEscfw,V:j43HgwYFKfk,author,video,UCu8_3-Wg-YzNyvHYQDEscfw,j43HgwYFKfk,1,numero de comentarios observados del autor en el video,2,0,UgyqA5EpXnBPn_uH-KB4AaABAg,@RolandoCastroPérez-d7y,La cooptación de Walter Mazariegos en la USAC
A:UCuP4UK33HKtJE_S39ksmaTw,V:PjmxCj-a9Hg,author,video,UCuP4UK33HKtJE_S39ksmaTw,PjmxCj-a9Hg,1,numero de comentarios observados del autor en el video,0,0,UgyBhR2qUXgMe2NJjRN4AaABAg,@herbertaguilar1387,Conferencia de Prensa del Gobierno de Guatemala. #LaRondaGt
A:UCuXmOjxC-htcprLgeVXz6Tg,V:j43HgwYFKfk,author,video,UCuXmOjxC-htcprLgeVXz6Tg,j43HgwYFKfk,1,numero de comentarios observados del autor en el video,1,0,Ugxvt0tvqY4UlDS2hoh4AaABAg,@jorgeaguilar-bq3uj,La cooptación de Walter Mazariegos en la USAC
A:UCueV9cTyTDwgQSec1x2dYgA,V:n8iP75gIpmw,author,video,UCueV9cTyTDwgQSec1x2dYgA,n8iP75gIpmw,1,numero de comentarios observados del autor en el video,0,0,UgwJ4UehO5E4j0niJU14AaABAg,@fredydomingo7062,Qué rico come tu diputado
A:UCujPF2nBgsTD62nWE3lcpIg,V:n8iP75gIpmw,author,video,UCujPF2nBgsTD62nWE3lcpIg,n8iP75gIpmw,1,numero de comentarios observados del autor en el video,0,0,UgwjKxflp7TiD0e7_494AaABAg,@victorarturoruanobautista7588,Qué rico come tu diputado
A:UCusjriFsDHEc2AOjqk-p5ig,V:PjmxCj-a9Hg,author,video,UCusjriFsDHEc2AOjqk-p5ig,PjmxCj-a9Hg,1,numero de comentarios observados del autor en el video,2,0,UgyIfQ-oDt0uVFZIq9d4AaABAg,@pablobarrios7931,Conferencia de Prensa del Gobierno de Guatemala. #LaRondaGt
A:UCvApqeCbLod-wejtT4CcVuA,V:n8iP75gIpmw,author,video,UCvApqeCbLod-wejtT4CcVuA,n8iP75gIpmw,1,numero de comentarios observados del autor en el video,15,0,UgzWNJK42U_F1IKlwwh4AaABAg,@davidgaher9550,Qué rico come tu diputado
A:UCvDwJBBY1mHK70aTEYl6rsA,V:6W4u8sGEnGM,author,video,UCvDwJBBY1mHK70aTEYl6rsA,6W4u8sGEnGM,1,numero de comentarios observados del autor en el video,1,0,Ugy4x4u9e1_xRoppaMF4AaABAg,@cristianescobedo8296,Inician los trabajos de recuperación del Puente Belice II.
A:UCvcu1kR8xMYy_I1Ty-2mV2Q,V:WIUZtitfLRw,author,video,UCvcu1kR8xMYy_I1Ty-2mV2Q,WIUZtitfLRw,1,numero de comentarios observados del autor en el video,0,0,Ugx8vuWdqsWZslsS9R14AaABAg,@hashojea7348,Caminar en una ciudad hecha para carros
A:UCvcu1kR8xMYy_I1Ty-2mV2Q,V:yLZS3JiEBg8,author,video,UCvcu1kR8xMYy_I1Ty-2mV2Q,yLZS3JiEBg8,1,numero de comentarios observados del autor en el video,0,0,UgwCfRlzeiXz172UQQV4AaABAg,@hashojea7348,Arroz con pollo a la MONOPOLIO
A:UCvl1tzQeBeGy6efPTRJXSCw,V:06mFNPU0aB8,author,video,UCvl1tzQeBeGy6efPTRJXSCw,06mFNPU0aB8,1,numero de comentarios observados del autor en el video,0,0,Ugw-ZT9t9wU2V-tCaUZ4AaABAg,@RaulPerez-cw2vi,Capturan a presuntos delincuentes disfrazados de mujer señalados de cometer asalto
A:UCwCfs-2zbD5k0lG-UVg_JBw,V:06mFNPU0aB8,author,video,UCwCfs-2zbD5k0lG-UVg_JBw,06mFNPU0aB8,1,numero de comentarios observados del autor en el video,0,0,Ugzm7wFhhdctNQt_ubl4AaABAg,@JessicaHuaz-96,Capturan a presuntos delincuentes disfrazados de mujer señalados de cometer asalto
A:UCwEe1RKlEv1UpNWmWYfSh4w,V:yLZS3JiEBg8,author,video,UCwEe1RKlEv1UpNWmWYfSh4w,yLZS3JiEBg8,1,numero de comentarios observados del autor en el video,0,0,UgxovP0Yh3_qrKdrKrp4AaABAg,@marioramirez299,Arroz con pollo a la MONOPOLIO
A:UCwO2SXr0ggzwg6QWWrr01nQ,V:n8iP75gIpmw,author,video,UCwO2SXr0ggzwg6QWWrr01nQ,n8iP75gIpmw,1,numero de comentarios observados del autor en el video,11,0,Ugx2byJzZBZkDMQMUqV4AaABAg,@ricardofigueroa5720,Qué rico come tu diputado
A:UCwUAv3_LpWVtTIi7lkmTL7A,V:lj983NWyAQY,author,video,UCwUAv3_LpWVtTIi7lkmTL7A,lj983NWyAQY,1,numero de comentarios observados del autor en el video,16,0,UgzZc-W-gVj1t4SXc-54AaABAg,@kingr4706,Plan 2032 Ciudad de Guatemala
A:UCwgCc9Jd_gG-uLE_SY-FfPg,V:j43HgwYFKfk,author,video,UCwgCc9Jd_gG-uLE_SY-FfPg,j43HgwYFKfk,1,numero de comentarios observados del autor en el video,0,0,UgwEjfj5ueeimHg-Hbt4AaABAg,@armindapenados2841,La cooptación de Walter Mazariegos en la USAC
A:UCwha8rxULYMVtNwZWeSkE1A,V:n8iP75gIpmw,author,video,UCwha8rxULYMVtNwZWeSkE1A,n8iP75gIpmw,1,numero de comentarios observados del autor en el video,0,0,Ugynh0Cq17X889qHS0J4AaABAg,@mariasamo8637,Qué rico come tu diputado
A:UCwjUvRseNtJoItylIyIez7Q,V:j43HgwYFKfk,author,video,UCwjUvRseNtJoItylIyIez7Q,j43HgwYFKfk,1,numero de comentarios observados del autor en el video,0,0,Ugx-hH6Ysw9sdv3kHPN4AaABAg,@Silviazea,La cooptación de Walter Mazariegos en la USAC
A:UCwxoKK59nGCeBqB2sXfDBIw,V:6W4u8sGEnGM,author,video,UCwxoKK59nGCeBqB2sXfDBIw,6W4u8sGEnGM,1,numero de comentarios observados del autor en el video,0,1,UgwIB06iEQnFOFLc9et4AaABAg,@vic-bonivideos,Inician los trabajos de recuperación del Puente Belice II.
A:UCxKR3RA8T-kxMgq_2WWhRcQ,V:lj983NWyAQY,author,video,UCxKR3RA8T-kxMgq_2WWhRcQ,lj983NWyAQY,1,numero de comentarios observados del autor en el video,329,5,UgxrZBO3MtEqcgXAIEN4AaABAg,@elenaluarca9377,Plan 2032 Ciudad de Guatemala
A:UCxcoDvP-g2_KTZDmVZtvb3w,V:yLZS3JiEBg8,author,video,UCxcoDvP-g2_KTZDmVZtvb3w,yLZS3JiEBg8,1,numero de comentarios observados del autor en el video,0,0,UgyYh5BUgByoCy2qNBR4AaABAg,@angelmartinez9523,Arroz con pollo a la MONOPOLIO
A:UCxff05WuyvwELNITi7bj7UA,V:n8iP75gIpmw,author,video,UCxff05WuyvwELNITi7bj7UA,n8iP75gIpmw,1,numero de comentarios observados del autor en el video,3,0,UgwEOUk-ofXNqkHW5Cx4AaABAg,@markoherrera,Qué rico come tu diputado
A:UCxhtlxPV8AYWaNNyU6S9H8Q,V:OkXlHx0hx-8,author,video,UCxhtlxPV8AYWaNNyU6S9H8Q,OkXlHx0hx-8,1,numero de comentarios observados del autor en el video,0,0,UgwCW5PErySUmwse3bZ4AaABAg,@WilR-s8r,EE.UU. envía a mexicanos deportados a Guatemala antes de su regreso a México | Noticias Telemundo
A:UCySYJU5kUh7X8gVt9la2ISA,V:n8iP75gIpmw,author,video,UCySYJU5kUh7X8gVt9la2ISA,n8iP75gIpmw,1,numero de comentarios observados del autor en el video,0,0,Ugxw_1trnd8loD3302V4AaABAg,@dantesarti4351,Qué rico come tu diputado
A:UCyW68EGZey4ao_Vf2cR5Ztg,V:WIUZtitfLRw,author,video,UCyW68EGZey4ao_Vf2cR5Ztg,WIUZtitfLRw,1,numero de comentarios observados del autor en el video,0,0,UgzfXuFsM8L3Qt6qWJV4AaABAg,@ZabalaXabier,Caminar en una ciudad hecha para carros
A:UCylqlpsh8ENNM1LqgQ1KbxA,V:n8iP75gIpmw,author,video,UCylqlpsh8ENNM1LqgQ1KbxA,n8iP75gIpmw,1,numero de comentarios observados del autor en el video,0,0,UgzMppllQcjsXkBLgiZ4AaABAg,@Jel.Awesh.M,Qué rico come tu diputado
A:UCyor0Mmm0ivLX2jIdyGp84Q,V:3Nfp9h5avBI,author,video,UCyor0Mmm0ivLX2jIdyGp84Q,3Nfp9h5avBI,1,numero de comentarios observados del autor en el video,0,0,UgxudaO35O8XcM9Wu4t4AaABAg,@MiguelJordan-n3g,"Noticiero en Directo 1 pm, 28 de Agosto de 2026"
A:UCyzf29IYjNw67gGIfsjgtxA,V:lj983NWyAQY,author,video,UCyzf29IYjNw67gGIfsjgtxA,lj983NWyAQY,1,numero de comentarios observados del autor en el video,45,0,UgzDFSLs4n_6XtQjgjZ4AaABAg,@carlosoliva9249,Plan 2032 Ciudad de Guatemala
A:UCzSfZlOVxBSs5ObD25ywxDQ,V:n8iP75gIpmw,author,video,UCzSfZlOVxBSs5ObD25ywxDQ,n8iP75gIpmw,1,numero de comentarios observados del autor en el video,0,0,UgwvvK1L0aLOhCMUzfN4AaABAg,@GilmarMaldonado-q9m,Qué rico come tu diputado
A:UCzZ6dDCEsLMXbc5pCFXIprw,V:6W4u8sGEnGM,author,video,UCzZ6dDCEsLMXbc5pCFXIprw,6W4u8sGEnGM,1,numero de comentarios observados del autor en el video,0,0,UgxNSGVebHMGSFI8zX94AaABAg,@josegil3813,Inician los trabajos de recuperación del Puente Belice II.
A:UCzZ6dDCEsLMXbc5pCFXIprw,V:PjmxCj-a9Hg,author,video,UCzZ6dDCEsLMXbc5pCFXIprw,PjmxCj-a9Hg,1,numero de comentarios observados del autor en el video,0,0,UgzDK8qo7Il1yafNllJ4AaABAg,@josegil3813,Conferencia de Prensa del Gobierno de Guatemala. #LaRondaGt
A:UCzoL2l5H5eVlorWGH8AZfAg,V:n8iP75gIpmw,author,video,UCzoL2l5H5eVlorWGH8AZfAg,n8iP75gIpmw,1,numero de comentarios observados del autor en el video,6,0,Ugw5xMAuDaygo77ynI94AaABAg,@jor77cas,Qué rico come tu diputado
