keyword,frecuencia
guatemala,89
noticias,28
noticias guatemala,20
municipalidad,19
muni,18
servir,16
administración,16
alcalde,16
cumple,16
equipo,16
transparencia,16
pasión,16
todos,16
somos,16
ciudad,16
futuro,16
para,16
vivir,16
noticias guatemala en vivo,15
noticias última hora,15
alcaldía,15
alcaldías,15
municipal,15
servicios,15
servidor,15
público,15
la,15
del,15
ministerio,14
de,14
gobernación,14
información,11
actualidad,10
ricardo,10
quiñónez,10
pmt,9
arzú,8
como,8
ciudad de guatemala,7
tn23,7
arzu,7
guate,7
publico,7
guatemala city,6
álvaro,6
enrique,6
irigoyen,6
alcaldia,6
yo,6
tú,6
administracion,5
alvaro,5
alcaldias,5
comuna,5
pasion,5
tu,5
municipalidad de guatemala,5
noticias de guatemala,5
antigua guatemala,4
conred,4
clima,4
gobierno de guatemala,4
insivumeh,4
provial,4
canal 3,3
noticiero,3
noti7,3
pnc,3
travel,3
noticiero guatevision,3
cronos time gt,3
cronos,3
time,3
cronostimegt,3
tránsito vehicular,3
pmt guatemala,3
canal antigua,3
vlog,3
chapin,3
lluvias,3
guatemala weather,3
heavy rain,3
noticias en español,3
mayas,3
antigua,3
chapines,3
noticias telemundo,3
chapintv,3
villa nueva,3
economía,3
chapin tv,2
lluvias en guatemala,2
t13 noticias,2
t13,2
capturas,2
viajes,2
tips de viajes,2
mundo chevez,2
consejos de viajes,2
transporte en guatemala,2
sismos,2
el salvador,2
guatevision,2
emisión en directo,2
emisión en directo noticiero guatevision,2
marisol padilla,2
noticiasgt,2
chapin de corazón,2
bernardo arévalo,2
guatemala news,2
sucesos,2
muniguate,2
vialidad,2
tránsito,2
tráfico,2
quorum,2
periodismo,2
política,2
transmetro,2
policía,2
