hashtag,frecuencia,fuente
guatemala,48,videos (titulo+descripcion)
larondagt,29,videos (titulo+descripcion)
noticias,14,videos (titulo+descripcion)
envivodca,12,videos (titulo+descripcion)
nacionales,7,videos (titulo+descripcion)
like,7,videos (titulo+descripcion)
comenta,7,videos (titulo+descripcion)
comparte,7,videos (titulo+descripcion)
siguenos,7,videos (titulo+descripcion)
protegeryservir,6,videos (titulo+descripcion)
noticiasguatemala,6,videos (titulo+descripcion)
pnc,5,videos (titulo+descripcion)
pncguatemala,5,videos (titulo+descripcion)
policia,5,videos (titulo+descripcion)
seguridadcontransparencia,5,videos (titulo+descripcion)
ciudaddeguatemala,5,videos (titulo+descripcion)
civ,4,videos (titulo+descripcion)
historia,4,videos (titulo+descripcion)
mexico,4,videos (titulo+descripcion)
infraestructura,4,videos (titulo+descripcion)
movilidad,4,videos (titulo+descripcion)
estadosunidos,4,videos (titulo+descripcion)
sat,4,videos (titulo+descripcion)
aerometrogt,4,videos (titulo+descripcion)
politica,3,videos (titulo+descripcion)
guate,3,videos (titulo+descripcion)
conostimegt,3,videos (titulo+descripcion)
viajes,3,videos (titulo+descripcion)
bienestar,3,videos (titulo+descripcion)
elmejorlugarparavivir,3,videos (titulo+descripcion)
muniguate,3,videos (titulo+descripcion)
política,3,videos (titulo+descripcion)
viralvideo,3,videos (titulo+descripcion)
méxico,2,videos (titulo+descripcion)
transporte,2,videos (titulo+descripcion)
guatemalatravel,2,videos (titulo+descripcion)
guatemalacity,2,videos (titulo+descripcion)
sismosjutiapa,2,videos (titulo+descripcion)
tse,2,videos (titulo+descripcion)
seguridad,2,videos (titulo+descripcion)
aaronherrera,2,videos (titulo+descripcion)
bdmgt,2,videos (titulo+descripcion)
detodogt,2,videos (titulo+descripcion)
cultura,2,videos (titulo+descripcion)
supergt,2,videos (titulo+descripcion)
impactosocial,2,videos (titulo+descripcion)
antigua,2,videos (titulo+descripcion)
quorum,2,videos (titulo+descripcion)
tránsitogt,2,videos (titulo+descripcion)
claudiasheinbaum,2,videos (titulo+descripcion)
amlo,2,videos (titulo+descripcion)
noroña,2,videos (titulo+descripcion)
turismoguatemala,2,videos (titulo+descripcion)
1,2,videos (titulo+descripcion)
noticiastelemundo,2,videos (titulo+descripcion)
codede,2,videos (titulo+descripcion)
davidchapin,2,videos (titulo+descripcion)
canalesrobosymentiras,2,videos (titulo+descripcion)
viral,2,videos (titulo+descripcion)
viraltiktok,2,videos (titulo+descripcion)
foryoupage,2,videos (titulo+descripcion)
fypシ,2,videos (titulo+descripcion)
fypyoutube,2,videos (titulo+descripcion)
fypp,2,videos (titulo+descripcion)
mrcharlie,2,videos (titulo+descripcion)
quechilero,2,videos (titulo+descripcion)
estafa,2,videos (titulo+descripcion)
españa,2,videos (titulo+descripcion)
salvador,2,videos (titulo+descripcion)
todos,2,videos (titulo+descripcion)
seguridadvial,2,videos (titulo+descripcion)
autopistaxochi,2,videos (titulo+descripcion)
retalhuleu,2,videos (titulo+descripcion)
irtra,2,videos (titulo+descripcion)
cadenanacional,2,videos (titulo+descripcion)
tráficogt,2,videos (titulo+descripcion)
pan,2,videos (titulo+descripcion)
parati,2,videos (titulo+descripcion)
diálogocentral,2,videos (titulo+descripcion)
infom,2,videos (titulo+descripcion)
viralshort,2,videos (titulo+descripcion)
resumen24horas,2,videos (titulo+descripcion)
justicia,1,videos (titulo+descripcion)
petróleomexicano,1,videos (titulo+descripcion)
soberaníaenergética,1,videos (titulo+descripcion)
pemex,1,videos (titulo+descripcion)
noticiasméxico,1,videos (titulo+descripcion)
fronterasur,1,videos (titulo+descripcion)
huachicol,1,videos (titulo+descripcion)
últimahora,1,videos (titulo+descripcion)
tips,1,videos (titulo+descripcion)
recomendaciones,1,videos (titulo+descripcion)
internet,1,videos (titulo+descripcion)
noticiasenvivo,1,videos (titulo+descripcion)
noticiasenespañol,1,videos (titulo+descripcion)
bukele,1,videos (titulo+descripcion)
bukelevspandillas,1,videos (titulo+descripcion)
nayibukele,1,videos (titulo+descripcion)
elsalvador,1,videos (titulo+descripcion)
guatemala502,1,videos (titulo+descripcion)
historiadeguatemala,1,videos (titulo+descripcion)
rafaelcarrera,1,videos (titulo+descripcion)
elprofedehistoriagt,1,videos (titulo+descripcion)
independenciaguatemala,1,videos (titulo+descripcion)
fundacióndelarepublicadeguatemala,1,videos (titulo+descripcion)
poliitica,1,videos (titulo+descripcion)
petén,1,videos (titulo+descripcion)
tikal,1,videos (titulo+descripcion)
campustv,1,videos (titulo+descripcion)
victorinocarranza,1,videos (titulo+descripcion)
gremipe,1,videos (titulo+descripcion)
mipymeshonduras,1,videos (titulo+descripcion)
empleohn,1,videos (titulo+descripcion)
economíahonduras,1,videos (titulo+descripcion)
noticiashonduras,1,videos (titulo+descripcion)
ríodulce,1,videos (titulo+descripcion)
izabal,1,videos (titulo+descripcion)
paraísoescondido,1,videos (titulo+descripcion)
aventura,1,videos (titulo+descripcion)
explorandoguatemala,1,videos (titulo+descripcion)
paulinog,1,videos (titulo+descripcion)
deportes,1,videos (titulo+descripcion)
visióndeciudad,1,videos (titulo+descripcion)
ricardoquiñónez,1,videos (titulo+descripcion)
somosinsivumeh,1,videos (titulo+descripcion)
pasiónporlaciencia,1,videos (titulo+descripcion)
alpueblodignoseleresponde,1,videos (titulo+descripcion)
climagt,1,videos (titulo+descripcion)
cervezagallo,1,videos (titulo+descripcion)
familiacastillo,1,videos (titulo+descripcion)
cerveza,1,videos (titulo+descripcion)
chapin,1,videos (titulo+descripcion)
fortunalatina,1,videos (titulo+descripcion)
250añosciudad,1,videos (titulo+descripcion)
elpuntodeencuentrodeloscaminos,1,videos (titulo+descripcion)
pandillas,1,videos (titulo+descripcion)
inseguridad,1,videos (titulo+descripcion)
semanasanta2023,1,videos (titulo+descripcion)
cucuruchoenguatemala,1,videos (titulo+descripcion)
tradiciones,1,videos (titulo+descripcion)
trafico,1,videos (titulo+descripcion)
educación,1,videos (titulo+descripcion)
giammattei,1,videos (titulo+descripcion)
jimmymorales,1,videos (titulo+descripcion)
traficogt,1,videos (titulo+descripcion)
policía,1,videos (titulo+descripcion)
barrio18,1,videos (titulo+descripcion)
latinoamérica,1,videos (titulo+descripcion)
migracion,1,videos (titulo+descripcion)
libertad,1,videos (titulo+descripcion)
lagoatitlan,1,videos (titulo+descripcion)
antiguaguatemala,1,videos (titulo+descripcion)
tipsguatemala,1,videos (titulo+descripcion)
redfantasma,1,videos (titulo+descripcion)
cerimedo,1,videos (titulo+descripcion)
bots,1,videos (titulo+descripcion)
chile,1,videos (titulo+descripcion)
rechazo,1,videos (titulo+descripcion)
plebiscito2022,1,videos (titulo+descripcion)
granjasdebots,1,videos (titulo+descripcion)
politicadigital,1,videos (titulo+descripcion)
desinformacion,1,videos (titulo+descripcion)
investigacion,1,videos (titulo+descripcion)
claudiasheinbaumpresidenta,1,videos (titulo+descripcion)
conferenciamatutina,1,videos (titulo+descripcion)
mañaneradelpueblo,1,videos (titulo+descripcion)
mañanera,1,videos (titulo+descripcion)
deultimahora,1,videos (titulo+descripcion)
alitomoreno,1,videos (titulo+descripcion)
lillytéllez,1,videos (titulo+descripcion)
aerometro,1,videos (titulo+descripcion)
metro,1,videos (titulo+descripcion)
megaproyectos,1,videos (titulo+descripcion)
construccion,1,videos (titulo+descripcion)
obras,1,videos (titulo+descripcion)
onelifegt,1,videos (titulo+descripcion)
desarrollo,1,videos (titulo+descripcion)
cableaereo,1,videos (titulo+descripcion)
busesmodificados,1,videos (titulo+descripcion)
exhibicióndebuses,1,videos (titulo+descripcion)
culturadetransporte,1,videos (titulo+descripcion)
coloresyluces,1,videos (titulo+descripcion)
artesobreruedas,1,videos (titulo+descripcion)
culturaguatemalteca,1,videos (titulo+descripcion)
tráfico,1,videos (titulo+descripcion)
crisisnacional,1,videos (titulo+descripcion)
emetra,1,videos (titulo+descripcion)
fundesa,1,videos (titulo+descripcion)
guatemalaurgente,1,videos (titulo+descripcion)
republicast,1,videos (titulo+descripcion)
cuidadoanimal,1,videos (titulo+descripcion)
medioambiente,1,videos (titulo+descripcion)
deportaciones,1,videos (titulo+descripcion)
frontera,1,videos (titulo+descripcion)
algosólidoestábrotando,1,videos (titulo+descripcion)
jutiapa,1,videos (titulo+descripcion)
dianitaherrerazepeda,1,videos (titulo+descripcion)
mpgtv,1,videos (titulo+descripcion)
canalrobosymentiras,1,videos (titulo+descripcion)
provial,1,videos (titulo+descripcion)
brigadasqueprotegen,1,videos (titulo+descripcion)
tránsitoseguro,1,videos (titulo+descripcion)
capacitarsalvavidas,1,videos (titulo+descripcion)
busesdeguatemala,1,videos (titulo+descripcion)
aventurachapina,1,videos (titulo+descripcion)
tradicionesdeguatemala,1,videos (titulo+descripcion)
viajarporguatemala,1,videos (titulo+descripcion)
guatemalareal,1,videos (titulo+descripcion)
busesrojos,1,videos (titulo+descripcion)
miedosuperado,1,videos (titulo+descripcion)
innovamosparati,1,videos (titulo+descripcion)
unaciudadparacrecer,1,videos (titulo+descripcion)
carros,1,videos (titulo+descripcion)
elatasco,1,videos (titulo+descripcion)
viajesguatemala,1,videos (titulo+descripcion)
reu,1,videos (titulo+descripcion)
viajesgt,1,videos (titulo+descripcion)
onelife,1,videos (titulo+descripcion)
cocales,1,videos (titulo+descripcion)
backpackingguatemala,1,videos (titulo+descripcion)
centralamericatravel,1,videos (titulo+descripcion)
slowtravel,1,videos (titulo+descripcion)
trafficnoise,1,videos (titulo+descripcion)
citysounds,1,videos (titulo+descripcion)
urbanambience,1,videos (titulo+descripcion)
streetsounds,1,videos (titulo+descripcion)
whitenoise,1,videos (titulo+descripcion)
tercerinformegt,1,videos (titulo+descripcion)
elañodeloslogros,1,videos (titulo+descripcion)
21kmuniguate,1,videos (titulo+descripcion)
42kmuniguate,1,videos (titulo+descripcion)
inspirandosueños,1,videos (titulo+descripcion)
fuerzaguate,1,videos (titulo+descripcion)
elcivnosedetiene,1,videos (titulo+descripcion)
rafael,1,videos (titulo+descripcion)
fundación,1,videos (titulo+descripcion)
unlugarqueavanza,1,videos (titulo+descripcion)
laciudadestucasa,1,videos (titulo+descripcion)
vivelaciudad,1,videos (titulo+descripcion)
unaciudadparaconocer,1,videos (titulo+descripcion)
mpgt,1,videos (titulo+descripcion)
fuerteslluvias,1,videos (titulo+descripcion)
rap,1,videos (titulo+descripcion)
music,1,videos (titulo+descripcion)
paypal,1,videos (titulo+descripcion)
pri,1,videos (titulo+descripcion)
prian,1,videos (titulo+descripcion)
traicion,1,videos (titulo+descripcion)
losperiodistas,1,videos (titulo+descripcion)
adelamicha,1,videos (titulo+descripcion)
corrupcion,1,videos (titulo+descripcion)
haytiro,1,videos (titulo+descripcion)
andrésmanuellópezobrador,1,videos (titulo+descripcion)
periodista,1,videos (titulo+descripcion)
markocortés,1,videos (titulo+descripcion)
alito,1,videos (titulo+descripcion)
alejandromoreno,1,videos (titulo+descripcion)
corruptos,1,videos (titulo+descripcion)
lilly,1,videos (titulo+descripcion)
calderon,1,videos (titulo+descripcion)
felipecalderón,1,videos (titulo+descripcion)
felipe,1,videos (titulo+descripcion)
mañanerahoy,1,videos (titulo+descripcion)
senadomexicano,1,videos (titulo+descripcion)
zona15,1,videos (titulo+descripcion)
zona16,1,videos (titulo+descripcion)
zona5,1,videos (titulo+descripcion)
zona4,1,videos (titulo+descripcion)
movilidadurbana,1,videos (titulo+descripcion)
eltrébol,1,videos (titulo+descripcion)
rutaalterna,1,videos (titulo+descripcion)
tránsito,1,videos (titulo+descripcion)
tráficosincensura,1,videos (titulo+descripcion)
conectividad,1,videos (titulo+descripcion)
occidente,1,videos (titulo+descripcion)
pmt,1,videos (titulo+descripcion)
movilidadgt,1,videos (titulo+descripcion)
viralgt,1,videos (titulo+descripcion)
derechoparatodos,1,videos (titulo+descripcion)
medidasdeseguridad,1,videos (titulo+descripcion)
derechopenal,1,videos (titulo+descripcion)
educaciónlegal,1,videos (titulo+descripcion)
podcastjurídico,1,videos (titulo+descripcion)
usac,1,videos (titulo+descripcion)
fuentesdelnorte,1,videos (titulo+descripcion)
xela,1,videos (titulo+descripcion)
busesgt,1,videos (titulo+descripcion)
juntoslogramosmás,1,videos (titulo+descripcion)
unaciudadparavivir,1,videos (titulo+descripcion)
crisis,1,videos (titulo+descripcion)
agua,1,videos (titulo+descripcion)
periodismo,1,videos (titulo+descripcion)
cadf,1,videos (titulo+descripcion)
lasmañasdelnegocio,1,videos (titulo+descripcion)
soypilas,1,videos (titulo+descripcion)
accionesquetransforman,1,videos (titulo+descripcion)
valoratuvida,1,videos (titulo+descripcion)
turutaconresponsabilidad,1,videos (titulo+descripcion)
unidostransformamosguatemala,1,videos (titulo+descripcion)
tuvidavale,1,videos (titulo+descripcion)
vídeo,1,videos (titulo+descripcion)
turismo,1,videos (titulo+descripcion)
lacasadelasmunicipalidades,1,videos (titulo+descripcion)
empagua,1,videos (titulo+descripcion)
aguaparatodos,1,videos (titulo+descripcion)
gestióncomunitaria,1,videos (titulo+descripcion)
cooperaciónjapónguatemala,1,videos (titulo+descripcion)
transformaciónterritorial,1,videos (titulo+descripcion)
gloriaálvarez,1,videos (titulo+descripcion)
asíveolascosas,1,videos (titulo+descripcion)
centroamérica,1,videos (titulo+descripcion)
jorgeramos,1,videos (titulo+descripcion)
notetoca,1,videos (titulo+descripcion)
alcaldia,1,videos (titulo+descripcion)
chistes,1,videos (titulo+descripcion)
corrupción,1,videos (titulo+descripcion)
eleccionesgenerales,1,videos (titulo+descripcion)
malchiste,1,videos (titulo+descripcion)
shortsvideo,1,videos (titulo+descripcion)
shots,1,videos (titulo+descripcion)
shortsfeed,1,videos (titulo+descripcion)
shortsyoutube,1,videos (titulo+descripcion)
shortsviral,1,videos (titulo+descripcion)
shorts_video,1,videos (titulo+descripcion)
serviciosocial,1,videos (titulo+descripcion)
búsqueda,1,videos (titulo+descripcion)
lasmañasdelmercado,1,videos (titulo+descripcion)
leydecompetencia,1,videos (titulo+descripcion)
inclusión,1,videos (titulo+descripcion)
conred,1,videos (titulo+descripcion)
volcándefuego,1,videos (titulo+descripcion)
lhencontexto,1,videos (titulo+descripcion)
sinmáscaras,1,videos (titulo+descripcion)
aprendeconconred,1,videos (titulo+descripcion)
laprevenciónestareadetodos,1,videos (titulo+descripcion)
alas7am,1,videos (titulo+descripcion)
miprimeracasa,1,videos (titulo+descripcion)
lacharla,1,videos (titulo+descripcion)
ineptobran,1,comentarios
