video_id,title,channel_id,channel_name,channel_handle_norm,category,source_query,source_group,view_count_final,publish_date,n_keywords,n_query_hits,description_len,video_url,n_comentarios_observados,n_autores_observados,n_me_gusta_observados,n_respuestas_observadas,tiene_comentarios_observados
n8iP75gIpmw,Qué rico come tu diputado,UCE4rsXcgDb6e1-a9iTbWzfg,Quorum,@quorumgt,News & Politics,Quorum GT,topic,11775,2024-08-27T14:09:51-07:00,0,1,365,https://www.youtube.com/watch?v=n8iP75gIpmw,161,128,358,3,True
j43HgwYFKfk,La cooptación de Walter Mazariegos en la USAC,UCE4rsXcgDb6e1-a9iTbWzfg,Quorum,@quorumgt,News & Politics,@quorumgt,topic,10156,2024-09-26T15:00:17-07:00,10,1,958,https://www.youtube.com/watch?v=j43HgwYFKfk,50,49,91,0,True
6W4u8sGEnGM,Inician los trabajos de recuperación del Puente Belice II.,UC-ZtFBHzgkYFh7whZkuR_Ag,Gobierno de la República de Guatemala,@GobiernodelaRepublicadeGuatema,Entertainment,Gobierno de la República de Guatemala,topic,11670,2026-08-26T21:00:47-07:00,0,1,58,https://www.youtube.com/watch?v=6W4u8sGEnGM,45,32,90,11,True
OkXlHx0hx-8,EE.UU. envía a mexicanos deportados a Guatemala antes de su regreso a México | Noticias Telemundo,UCRwA1NUcUnwsly35ikGhp0A,Noticias Telemundo,@noticias,News & Politics,guatemala noticias,topic,14200,2026-08-30T16:38:02-07:00,13,1,2733,https://www.youtube.com/watch?v=OkXlHx0hx-8,25,18,25,13,True
PjmxCj-a9Hg,Conferencia de Prensa del Gobierno de Guatemala. #LaRondaGt,UC-ZtFBHzgkYFh7whZkuR_Ag,Gobierno de la República de Guatemala,@GobiernodelaRepublicadeGuatema,Entertainment,@GobiernodeGuatemala,topic,3628,2025-08-11T20:14:15-07:00,0,1,59,https://www.youtube.com/watch?v=PjmxCj-a9Hg,25,19,20,4,True
lj983NWyAQY,Plan 2032 Ciudad de Guatemala,UCXa6LVjBzUtmcM3cwbd9e2w,Municipalidad de Guatemala,@MunicipalidaddeGuatemala-1551,News & Politics,Municipalidad de Guatemala,topic,304089,2019-02-28T18:31:10-08:00,36,1,128,https://www.youtube.com/watch?v=lj983NWyAQY,25,25,1697,16,True
yLZS3JiEBg8,Arroz con pollo a la MONOPOLIO,UCE4rsXcgDb6e1-a9iTbWzfg,Quorum,@quorumgt,News & Politics,@quorumgt/videos,channel,1954,2024-05-09T19:15:12-07:00,0,1,317,https://www.youtube.com/watch?v=yLZS3JiEBg8,16,16,13,0,True
06mFNPU0aB8,Capturan a presuntos delincuentes disfrazados de mujer señalados de cometer asalto,UCVpSRoZgngfSL03Nlbjtq9A,Noti7,@Noti7Guatemala,News & Politics,guatemala noticias,topic,6692,2026-08-13T22:00:12-07:00,11,1,89,https://www.youtube.com/watch?v=06mFNPU0aB8,14,13,12,1,True
ndAZjHqzzT8,Internet: escoger el menos malo,UCE4rsXcgDb6e1-a9iTbWzfg,Quorum,@quorumgt,News & Politics,@quorumgt/videos,channel,717,2024-05-16T18:15:07-07:00,9,1,275,https://www.youtube.com/watch?v=ndAZjHqzzT8,12,10,3,1,True
b_Hkrkl3adA,Bloqueos en Guatemala este 31 de agosto por alza en combustibles afectan rutas principales,UCEepOY2svuxbsJ-zsAPT9Fg,PrensaLibreOficial,@PrensaLibreOficial,News & Politics,guatemala noticias,topic,5469,2026-08-31T08:08:05-07:00,18,1,620,https://www.youtube.com/watch?v=b_Hkrkl3adA,7,7,1,1,True
is3Mk5oC19g,Capturan a ladrón que había quedado grabado mientras robaba en una parroquia de Retalhuleu,UCt5Dw7ePnn0AqPqRF8Xpjkw,TN23 Guatemala,@TN23TodoNoticias,News & Politics,guatemala noticias,topic,4616,2026-08-30T21:30:18-07:00,7,1,0,https://www.youtube.com/watch?v=is3Mk5oC19g,7,7,0,1,True
WIUZtitfLRw,Caminar en una ciudad hecha para carros,UCE4rsXcgDb6e1-a9iTbWzfg,Quorum,@quorumgt,News & Politics,@quorumgt/videos,channel,422,2024-11-20T17:15:06-08:00,0,1,430,https://www.youtube.com/watch?v=WIUZtitfLRw,6,6,1,0,True
TT4qJ5FXHYE,"I’x K’at: el primer equipo guatemalteco de pelota maya, conformado únicamente por mujeres.",UCE4rsXcgDb6e1-a9iTbWzfg,Quorum,@quorumgt,News & Politics,@quorumgt/videos,channel,1075,2022-08-03T05:53:55-07:00,0,1,239,https://www.youtube.com/watch?v=TT4qJ5FXHYE,4,4,8,0,True
JkpVO1hx2f8,10 Preguntas a un año del Paro Nacional,UCE4rsXcgDb6e1-a9iTbWzfg,Quorum,@quorumgt,News & Politics,@quorumgt/videos,channel,673,2024-10-02T17:00:06-07:00,4,1,777,https://www.youtube.com/watch?v=JkpVO1hx2f8,3,3,4,0,True
3Nfp9h5avBI,"Noticiero en Directo 1 pm, 28 de Agosto de 2026",UCdSVqHGHzyMTXSafUHY-e-w,Noticiero Guatevisión 13 Hrs.,@GuatevisionNoticiero,News & Politics,guatemala noticias,topic,573,2026-08-31T10:41:20-07:00,7,1,164,https://www.youtube.com/watch?v=3Nfp9h5avBI,2,2,0,0,True
zweosulrwA8,Edén por Salud: empleo inclusivo para personas con discapacidad en Antigua | Super - Episodio 2,UCE4rsXcgDb6e1-a9iTbWzfg,Quorum,@quorumgt,Nonprofits & Activism,@quorumgt,topic,52,2026-06-21T16:35:36-07:00,0,1,880,https://www.youtube.com/watch?v=zweosulrwA8,1,1,0,0,True
UhL9y3KUl8E,SHAI WA: la vecina queer de Casa Presidencial,UCE4rsXcgDb6e1-a9iTbWzfg,Quorum,@quorumgt,News & Politics,@quorumgt/videos,channel,1755,2023-02-10T12:33:59-08:00,0,1,818,https://www.youtube.com/watch?v=UhL9y3KUl8E,1,1,2,0,True
X_FAIef8qlE,Cruzando la ciudad a puro Transmetro,UCE4rsXcgDb6e1-a9iTbWzfg,Quorum,@quorumgt,News & Politics,@quorumgt/videos,channel,1140,2025-10-03T14:42:06-07:00,1,1,213,https://www.youtube.com/watch?v=X_FAIef8qlE,1,1,0,0,True
s0eco-BofOs,¿Quiénes pagan más en Centroamérica?,UCE4rsXcgDb6e1-a9iTbWzfg,Quorum,@quorumgt,News & Politics,Quorum GT,topic,220,2025-05-29T15:28:07-07:00,13,1,754,https://www.youtube.com/watch?v=s0eco-BofOs,1,1,0,0,True
bg1KCMaIrRM,"¡Atención, vecinos!",UCXa6LVjBzUtmcM3cwbd9e2w,Municipalidad de Guatemala,@MunicipalidaddeGuatemala-1551,News & Politics,Municipalidad de Guatemala,official_gov,1965,2026-08-13T17:26:53-07:00,0,1,759,https://www.youtube.com/watch?v=bg1KCMaIrRM,0,0,0,0,False
cl3Rpw9MstQ,Municipalidad de Guatemala sigue trabajando,UCXa6LVjBzUtmcM3cwbd9e2w,Municipalidad de Guatemala,@MunicipalidaddeGuatemala-1551,News & Politics,Municipalidad de Guatemala,topic,484,2020-03-30T10:31:05-07:00,25,1,315,https://www.youtube.com/watch?v=cl3Rpw9MstQ,0,0,0,0,False
a6QFfhpY53g,Provial Informa,UCuKuUrmHoNaJJHE27Aac9PQ,PROVIAL-CIV,@ProvialOficial_CIV,People & Blogs,Provial Guatemala,official_gov,49,2021-01-14T10:22:02-08:00,0,1,70,https://www.youtube.com/watch?v=a6QFfhpY53g,0,0,0,0,False
bMoENbSBSNs,¿Por qué Guatemala es una República? El decreto del 21 de marzo de 1847 y Rafael Carrera,UCdHETJl6cR5dye5XxEyqycQ,El profe de Historia Gt,@elprofedehistoriagt2046,Education,Gobierno de la República de Guatemala,topic,1134,2026-03-28T15:18:16-07:00,0,1,702,https://www.youtube.com/watch?v=bMoENbSBSNs,0,0,0,0,False
aSbvMYJhmCc,Policía Nacional Civil,UC8u2nvyHewt-mjdWSj0HJmQ,Ministerio de Gobernación,@mingobguate,News & Politics,Policia Nacional Civil Guatemala,official_gov,4346,2015-07-16T13:03:22-07:00,4,1,64,https://www.youtube.com/watch?v=aSbvMYJhmCc,0,0,0,0,False
bBz8nX4pMxc,Conred e Insivumeh informan sobre sismos en Guatemala este 31 de julio,UCDaIW3kDab95q7iCSeVAnbQ,Guatevisión,@guatevision_oficial,Entertainment,Conred Guatemala,official_gov,1115,2026-07-31T22:46:45-07:00,0,1,269,https://www.youtube.com/watch?v=bBz8nX4pMxc,0,0,0,0,False
aoz2j4TTl4E,Rutas Alternas a partir del lunes 03 de agosto por avances de #AeroMetroGT,UCXa6LVjBzUtmcM3cwbd9e2w,Municipalidad de Guatemala,@MunicipalidaddeGuatemala-1551,News & Politics,Municipalidad de Guatemala,topic,8905,2026-08-01T17:27:56-07:00,0,1,0,https://www.youtube.com/watch?v=aoz2j4TTl4E,0,0,0,0,False
a_kAe9IhBbo,Tráiler impacta pasarela en Aguilar Batres y provoca cierre parcial hacia la capital,UCEepOY2svuxbsJ-zsAPT9Fg,PrensaLibreOficial,@PrensaLibreOficial,News & Politics,@GobiernodeGuatemala,topic,255,2026-09-01T15:23:28-07:00,16,2,696,https://www.youtube.com/watch?v=a_kAe9IhBbo,0,0,0,0,False
anFbrgqxdzY,Horas Antes del Big One | Dentro de Ciudad de Guatemala Exactamente Antes del Terremoto (1976),UC6Y7Hk0Otm2xeX1WoHOQp6Q,Nostalgia Latina,@NostalgiaLatina-k2e,People & Blogs,guatemala noticias,topic,222656,2026-07-01T15:00:37-07:00,21,1,1234,https://www.youtube.com/watch?v=anFbrgqxdzY,0,0,0,0,False
ahicr7fQREY,Conred Podcast Episodio 9: Servidores Cívicos construyendo una cultura de prevención,UC6SA1dVHvAkc6yNS_t5cbGw,Conred,@Conred_GT,Education,Conred Guatemala,official_gov,65,2026-08-06T07:25:36-07:00,0,1,738,https://www.youtube.com/watch?v=ahicr7fQREY,0,0,0,0,False
almmnboHkwM,Se mueve Guate 🚌,UCXa6LVjBzUtmcM3cwbd9e2w,Municipalidad de Guatemala,@MunicipalidaddeGuatemala-1551,News & Politics,Municipalidad de Guatemala,official_gov,297,2026-07-20T06:39:53-07:00,25,1,0,https://www.youtube.com/watch?v=almmnboHkwM,0,0,0,0,False
bzosgvntOXU,Municipalidad de Guatemala 05/09/2025,UCW_PHqwqCCalvQGOEsVU0jw,Concejales de Oposición - Muni Guate,@ConcejalesOposición,People & Blogs,@MunicipalidaddeGuatemala-1551,topic,160,2025-09-05T16:42:13-07:00,0,1,256,https://www.youtube.com/watch?v=bzosgvntOXU,0,0,0,0,False
gF42rhVhP8w,Tenemos un gran problema con la seguridad de las construcciones en Guatemala,UCGSQ821fpPy-yXL9mUmKbBg,TanGente Podcast,@TanGenteGT,Entertainment,guatemala seguridad,topic,9033,2026-08-28T14:42:29-07:00,0,1,996,https://www.youtube.com/watch?v=gF42rhVhP8w,0,0,0,0,False
ffguGnMImL0,CIV inicia trabajos de bacheo y limpieza en las diferentes rutas del país,UCh4GjKBcqxOsL_Bt8gCCSLg,Gobierno de Guatemala,@GobiernodeGuatemala,News & Politics,Ministerio de Comunicaciones Guatemala,official_gov,848,2016-10-21T12:53:12-07:00,3,1,302,https://www.youtube.com/watch?v=ffguGnMImL0,0,0,0,0,False
fenMcON-DjY,Encendido del Fuego Patrio y Mensaje Vicepresidencial,UC-ZtFBHzgkYFh7whZkuR_Ag,Gobierno de la República de Guatemala,@GobiernodelaRepublicadeGuatema,Entertainment,Gobierno de la República de Guatemala,topic,424,2026-09-01T14:30:47-07:00,0,1,53,https://www.youtube.com/watch?v=fenMcON-DjY,0,0,0,0,False
fBljA_npiMs,Refuerzan acciones para prevenir y combatir la trata de personas,UC8u2nvyHewt-mjdWSj0HJmQ,Ministerio de Gobernación,@mingobguate,News & Politics,Ministerio de Gobernacion Guatemala,official_gov,36,2026-08-26T07:22:21-07:00,4,1,64,https://www.youtube.com/watch?v=fBljA_npiMs,0,0,0,0,False
ewdf3q1tuCA,INTERPOL Guatemala captura a mujer por prostituir a señoritas,UCVpSRoZgngfSL03Nlbjtq9A,Noti7,@Noti7Guatemala,News & Politics,guatemala noticias,topic,71048,2024-11-21T22:45:01-08:00,0,1,160,https://www.youtube.com/watch?v=ewdf3q1tuCA,0,0,0,0,False
ebbgBtNrRz8,Las fuertes lluvias en Guatemala dejan al menos tres fallecidos en zonas rurales | Telemundo,UCRwA1NUcUnwsly35ikGhp0A,Noticias Telemundo,@noticias,News & Politics,guatemala lluvias,topic,63249,2021-06-14T17:23:38-07:00,18,1,2965,https://www.youtube.com/watch?v=ebbgBtNrRz8,0,0,0,0,False
dya9nbxqWXE,ANDY EL MUÑEQUITO TRABAJADOR 🥴🏍🥴🤣@Soychap1n @lucilaylossinar @lilyvlogs6899,UCzwR2o8LFAgAMfO0KIcFh0A,CANALES ROBOS Y MENTIRAS 💰🧐,@robosymentiras,People & Blogs,@GobiernodelaRepublicadeGuatema,topic,4939,2025-10-07T11:24:49-07:00,27,1,911,https://www.youtube.com/watch?v=dya9nbxqWXE,0,0,0,0,False
aRKgOSxgsF0,@GobiernodeGuatemala,UCX2epzWFbtqhO1Tn2au9NXQ,luis arturo ceberg ulban,@luisarturocebergulban6982,People & Blogs,@GobiernodeGuatemala,topic,2,2022-07-11T14:45:03-07:00,0,1,15,https://www.youtube.com/watch?v=aRKgOSxgsF0,0,0,0,0,False
dsyLiSCrwcU,"3 KIEBRES ES DOLOROSO QUE EN CHIQUIMULA AÚN HAY COMUNIDADES SIN ENERGÍA ELÉCTRICA, GUATEMALA.",UCH1AYkCs1GpNK_xUwFYTsaQ,Cronos Time GT,@CronosTime,Education,@quorumgt,topic,701,2026-08-27T10:59:16-07:00,14,1,1135,https://www.youtube.com/watch?v=dsyLiSCrwcU,0,0,0,0,False
dccwBXfxxiI,¡Espacios iluminados y seguros!,UCXa6LVjBzUtmcM3cwbd9e2w,Municipalidad de Guatemala,@MunicipalidaddeGuatemala-1551,News & Politics,Municipalidad de Guatemala,official_gov,38773,2023-01-17T14:30:06-08:00,25,1,161,https://www.youtube.com/watch?v=dccwBXfxxiI,0,0,0,0,False
dWhSTyhegeQ,Personal de Provial explica de empresas que verificarán implementación de limitadores de velocidad,UCrAoF9-9Vvb9_zK0t-m2Rhg,La Hora,@lahoragt,News & Politics,Provial Guatemala,official_gov,341,2026-01-12T14:04:42-08:00,0,1,119,https://www.youtube.com/watch?v=dWhSTyhegeQ,0,0,0,0,False
dLctzx8qCgA,¿Cómo la CIA ALTERÓ el DESTINO de GUATEMALA para siempre?,UCYaMaLJVbMlLwpPACbxPUuQ,Alan Delmonte,@AlanDelmonte,Education,guatemala politica,topic,108616,2021-06-17T16:05:36-07:00,16,1,2506,https://www.youtube.com/watch?v=dLctzx8qCgA,0,0,0,0,False
dJcNu9YYwh4,"Lluvias, ceniza y calor extremo: así estará el clima en Guatemala, según Insivumeh",UCEepOY2svuxbsJ-zsAPT9Fg,PrensaLibreOficial,@PrensaLibreOficial,News & Politics,guatemala lluvias,topic,1061,2026-08-24T11:06:45-07:00,26,1,745,https://www.youtube.com/watch?v=dJcNu9YYwh4,0,0,0,0,False
d-V_Aw1t6nI,Graduacion  de la 57 Promocion  de la Policia Nacional Civil  de Guatemala.,UCHsYnV67K3J0yJ4QeciVCww,PNCdeGuatemala,@PNCdeGuatemala,People & Blogs,Policia Nacional Civil Guatemala,official_gov,1643,2025-09-29T23:33:49-07:00,0,1,132,https://www.youtube.com/watch?v=d-V_Aw1t6nI,0,0,0,0,False
csqia7f3OIE,SISTEMA CONRED Y METODOLOGÍA DE LOS 6 PASOS,UCzQX0cEQzCZ4ff9-P3gELug,Carlitos Gamboa,@CarlitosGamboa,People & Blogs,Conred Guatemala,official_gov,509,2020-09-09T00:03:33-07:00,0,1,29,https://www.youtube.com/watch?v=csqia7f3OIE,0,0,0,0,False
cpoiRUtF9uU,Congreso termina jornada sin acuerdos para aliviar precio de combustibles #ALAS7AM (02/09/2026),UC-GLagjBhWAZ3IOWFgzqIAw,Canal Antigua,@miracanalantigua,News & Politics,@quorumgt,topic,117,2026-09-02T05:55:47-07:00,5,2,1454,https://www.youtube.com/watch?v=cpoiRUtF9uU,0,0,0,0,False
dvy9rQpqLWY,Conferencia de Prensa del Gobierno de Guatemala. #LaRondaGT,UC-ZtFBHzgkYFh7whZkuR_Ag,Gobierno de la República de Guatemala,@GobiernodelaRepublicadeGuatema,Entertainment,@GobiernodeGuatemala,topic,959,2025-09-29T19:53:30-07:00,0,1,59,https://www.youtube.com/watch?v=dvy9rQpqLWY,0,0,0,0,False
TXlMv6bt25w,"Más de 42 mil afectados por lluvias en Guatemala; Conred reporta 1,046 emergencias",UCEepOY2svuxbsJ-zsAPT9Fg,PrensaLibreOficial,@PrensaLibreOficial,News & Politics,guatemala lluvias,topic,2294,2026-08-06T11:38:44-07:00,4,1,531,https://www.youtube.com/watch?v=TXlMv6bt25w,0,0,0,0,False
TnZGNY1RsJE,Festival navideño 2025 @MunicipalidaddeGuatemala-1551,UCuc8l25EFE17DV8dD64d2AQ,HeX4EveR,@Real_HeX4EveR,People & Blogs,@MunicipalidaddeGuatemala-1551,topic,148,2026-08-10T12:38:27-07:00,0,1,0,https://www.youtube.com/watch?v=TnZGNY1RsJE,0,0,0,0,False
UDFS8gl80h8,#AprendeConCONRED qué es el Sistema CONRED y quienes lo conforman.,UC6SA1dVHvAkc6yNS_t5cbGw,Conred,@Conred_GT,Education,Conred Guatemala,official_gov,521,2025-07-14T13:34:26-07:00,0,1,33,https://www.youtube.com/watch?v=UDFS8gl80h8,0,0,0,0,False
UTf26hS1UJ8,🚦💙 PROVIAL: Proteger y Servir,UCuKuUrmHoNaJJHE27Aac9PQ,PROVIAL-CIV,@ProvialOficial_CIV,Education,Provial Guatemala,official_gov,38,2025-11-07T14:15:44-08:00,0,1,398,https://www.youtube.com/watch?v=UTf26hS1UJ8,0,0,0,0,False
UcvHq8j-J38,"Ministerio de Comunicaciones, Infraestructura y Vivienda y los Consejos de Desarrollo",UCJJ071vIw7Bu8lJmXfiVrKw,Ministerio de Finanzas Públicas Guatemala,@Minfin-GT,News & Politics,Ministerio de Comunicaciones Guatemala,official_gov,222,2024-12-04T07:40:26-08:00,0,1,12,https://www.youtube.com/watch?v=UcvHq8j-J38,0,0,0,0,False
UzeOcBM9cuU,Conred Podcast Episodio 04: Amenaza sísmica y volcánica en Guatemala,UC6SA1dVHvAkc6yNS_t5cbGw,Conred,@Conred_GT,Education,Conred Guatemala,official_gov,127,2026-03-10T17:33:15-07:00,0,1,240,https://www.youtube.com/watch?v=UzeOcBM9cuU,0,0,0,0,False
VfBrLONPnFM,ME quité el MIEDO de viajar en los buses de GUATEMALA 🔥,UCDfEVbDrimcKw5lfbps915g,De todo Gt,@detodogt,People & Blogs,guatemala transporte,topic,329489,2025-08-06T18:55:10-07:00,0,1,911,https://www.youtube.com/watch?v=VfBrLONPnFM,0,0,0,0,False
VgcpKa1h_2Q,CONQUISTA LA CIUDAD / 21K BAM de la Municipalidad de Guatemala,UC_nkMVSKgO9PeEaZ3LbPodg,21KMuniGuate,@21KMuniGuate,Sports,Municipalidad de Guatemala,topic,3110,2014-08-04T13:18:37-07:00,18,1,99,https://www.youtube.com/watch?v=VgcpKa1h_2Q,0,0,0,0,False
VuIl4tjeKGQ,La ciudad sigue modernizándose para ti y tu familia.,UCXa6LVjBzUtmcM3cwbd9e2w,Municipalidad de Guatemala,@MunicipalidaddeGuatemala-1551,News & Politics,Municipalidad de Guatemala,official_gov,39168,2023-05-15T08:16:11-07:00,25,1,48,https://www.youtube.com/watch?v=VuIl4tjeKGQ,0,0,0,0,False
W415t12o3DA,Mujer con crisis nerviosa tras intento de asalto,UCt5Dw7ePnn0AqPqRF8Xpjkw,TN23 Guatemala,@TN23TodoNoticias,News & Politics,guatemala noticias,topic,4737,2026-08-25T14:06:48-07:00,13,1,54,https://www.youtube.com/watch?v=W415t12o3DA,0,0,0,0,False
WQcgx8rs0Qo,"PMT SE BURL4 DE UN MOTORISTA D1SC4PACIT4D0, DISCULPESE POR FAVOR VILLA NUEVA, GUATEMALA.",UCH1AYkCs1GpNK_xUwFYTsaQ,Cronos Time GT,@CronosTime,Education,PMT Guatemala,official_gov,1861,2026-06-26T12:20:11-07:00,17,1,1142,https://www.youtube.com/watch?v=WQcgx8rs0Qo,0,0,0,0,False
WXA2Apo79jA,Resumen de atención a Emergencias CIV,UCAutgrPkiLhZxTB-Ujje1fw,CIV -Ministerio de Comunicaciones,@CIV_Guatemala,News & Politics,Ministerio de Comunicaciones Guatemala,official_gov,29,2024-08-26T09:29:25-07:00,0,1,433,https://www.youtube.com/watch?v=WXA2Apo79jA,0,0,0,0,False
WXgGL9rZUHo,#EnvivoDCA | Conferencia de prensa del Gobierno de Guatemala,UCaivrAhro2BpsJdrPe-IyRg,Diario de Centro América,@dcaguatemala,News & Politics,Gobierno de Guatemala,topic,190,2026-03-05T07:37:25-08:00,0,1,47,https://www.youtube.com/watch?v=WXgGL9rZUHo,0,0,0,0,False
XLkVzqqL34Q,Nueva Mega Autopista Xochi en Guatemala 🇬🇹 ¿Vale la pena? (Te ahorra hasta 3 horas),UCkXkEfAaEGxUaIT6TBBkwMw,One Life,@onelife5106,Entertainment,guatemala trafico,topic,44510,2026-04-08T16:40:14-07:00,31,1,1538,https://www.youtube.com/watch?v=XLkVzqqL34Q,0,0,0,0,False
XVZM15KVXjM,Conoce sobre la actualización de la Norma para la Reducción de Desastres número 2 (NRD2).,UC6SA1dVHvAkc6yNS_t5cbGw,Conred,@Conred_GT,Education,Conred Guatemala,official_gov,267,2025-12-23T07:48:19-08:00,0,1,157,https://www.youtube.com/watch?v=XVZM15KVXjM,0,0,0,0,False
g0aCNpZaAZ8,PMT de Guatemala es ejemplo para otros municipios,UCXa6LVjBzUtmcM3cwbd9e2w,Municipalidad de Guatemala,@MunicipalidaddeGuatemala-1551,News & Politics,PMT Guatemala,official_gov,4103,2017-11-11T07:17:42-08:00,42,1,313,https://www.youtube.com/watch?v=g0aCNpZaAZ8,0,0,0,0,False
a3QGSpNx9Mg,Guatemala ya no aguanta el tráfico… ¿Funcionará el Aerómetro?,UCHBzKtCUFwHuKFGD3bEHexQ,Entre Caminos,@entrecaminostv,Travel & Events,guatemala trafico,topic,8098,2026-08-20T15:30:25-07:00,19,1,2111,https://www.youtube.com/watch?v=a3QGSpNx9Mg,0,0,0,0,False
a2zgl-1KZwY,#CadenaNacional | Mensaje del Presidente Bernardo Arévalo a la nación,UC-ZtFBHzgkYFh7whZkuR_Ag,Gobierno de la República de Guatemala,@GobiernodelaRepublicadeGuatema,Entertainment,Gobierno de Guatemala,official_gov,2334,2025-10-26T19:13:32-07:00,0,1,69,https://www.youtube.com/watch?v=a2zgl-1KZwY,0,0,0,0,False
_cUZT7LMKE0,Conferencia de Prensa del Gobierno de Guatemala. #LaRondaGt,UC-ZtFBHzgkYFh7whZkuR_Ag,Gobierno de la República de Guatemala,@GobiernodelaRepublicadeGuatema,Entertainment,@GobiernodeGuatemala,topic,2708,2025-05-29T21:14:01-07:00,0,1,59,https://www.youtube.com/watch?v=_cUZT7LMKE0,0,0,0,0,False
_NSq2q0mzCY,42K y 21K MuniGuate 🏃🏻🏃🏻‍♀️,UCXa6LVjBzUtmcM3cwbd9e2w,Municipalidad de Guatemala,@MunicipalidaddeGuatemala-1551,News & Politics,Municipalidad de Guatemala,official_gov,47,2026-08-30T07:14:21-07:00,0,1,193,https://www.youtube.com/watch?v=_NSq2q0mzCY,0,0,0,0,False
_Lcbi4NCHRA,Tercer Informe General de la República,UCh4GjKBcqxOsL_Bt8gCCSLg,Gobierno de Guatemala,@GobiernodeGuatemala,News & Politics,Gobierno de la República de Guatemala,topic,305269,2023-01-12T16:15:00-08:00,4,1,193,https://www.youtube.com/watch?v=_Lcbi4NCHRA,0,0,0,0,False
_3kK0or6QI0,PROVIAL guatemala,UCdd624oESXuVlcGtrzMWEBQ,heto009,@heto009,News & Politics,Provial Guatemala,official_gov,2054,2009-07-18T15:03:43-07:00,2,1,62,https://www.youtube.com/watch?v=_3kK0or6QI0,0,0,0,0,False
_1VIxOLyaUQ,Sonido de trafico y ciudad 💤 ruido de calle para dormir bebés y relajarse,UCKZ0c9xQAIokTOf4iPJd5jw,Ambient Sound Explorer,@ambient_sound_explorer,Entertainment,guatemala trafico,topic,330057,2024-06-24T09:45:01-07:00,26,1,1410,https://www.youtube.com/watch?v=_1VIxOLyaUQ,0,0,0,0,False
XktDG8dmcd0,Torrenciales lluvias dejan decenas de muertos y miles de evacuados,UCT4Jg8h03dD0iN3Pb5L0PMA,DW Español,@dwespanol,News & Politics,guatemala lluvias,topic,5171,2023-09-26T17:45:02-07:00,13,1,303,https://www.youtube.com/watch?v=XktDG8dmcd0,0,0,0,0,False
Z_pWnOi7oRw,#EnVivoDCA | Conferencia de prensa del Gobierno de Guatemala,UCaivrAhro2BpsJdrPe-IyRg,Diario de Centro América,@dcaguatemala,News & Politics,Gobierno de Guatemala,official_gov,1329,2026-05-12T01:25:56-07:00,0,1,58,https://www.youtube.com/watch?v=Z_pWnOi7oRw,0,0,0,0,False
ZS74P3DnykA,"Policía Nacional Civil gradúa 3,978 nuevos agentes",UCHsYnV67K3J0yJ4QeciVCww,PNCdeGuatemala,@PNCdeGuatemala,News & Politics,Policia Nacional Civil Guatemala,official_gov,115270,2017-12-22T05:56:56-08:00,22,1,2331,https://www.youtube.com/watch?v=ZS74P3DnykA,0,0,0,0,False
ZPBiWdHXg20,Piloto de tráiler accidentado en ruta al Atlántico era un menor y murió en el lugar,UCEepOY2svuxbsJ-zsAPT9Fg,PrensaLibreOficial,@PrensaLibreOficial,News & Politics,guatemala noticias,topic,233632,2026-07-04T10:17:15-07:00,4,1,612,https://www.youtube.com/watch?v=ZPBiWdHXg20,0,0,0,0,False
ZNwStkzWgso,Elección judicial en Guatemala: Astrid Lemus y Luis Bermejo electos para corte de constitucionalidad,UC_lEiu6917IJz03TnntWUaQ,CNN en Español,@cnnee,News & Politics,guatemala politica,topic,24636,2026-02-16T16:43:11-08:00,9,1,1102,https://www.youtube.com/watch?v=ZNwStkzWgso,0,0,0,0,False
ZHJoIah2Owo,Conoce como funciona el Sistema Conred  #laprevenciónestareadetodos,UC6SA1dVHvAkc6yNS_t5cbGw,Conred,@Conred_GT,Education,Conred Guatemala,official_gov,182,2025-07-19T13:00:19-07:00,0,1,0,https://www.youtube.com/watch?v=ZHJoIah2Owo,0,0,0,0,False
YSsECnqTVik,Suscriben convenios para transferencia de fondos a CAIMUS y entidades especializadas,UC8u2nvyHewt-mjdWSj0HJmQ,Ministerio de Gobernación,@mingobguate,News & Politics,Ministerio de Gobernacion Guatemala,official_gov,15,2026-08-24T08:15:01-07:00,4,1,64,https://www.youtube.com/watch?v=YSsECnqTVik,0,0,0,0,False
YLFXK2c60Xc,Por estas razones el 65% de las denuncias por violación en Guatemala nunca llega a un tribunal,UCE4rsXcgDb6e1-a9iTbWzfg,Quorum,@quorumgt,News & Politics,@quorumgt/videos,channel,200,2021-08-26T17:04:34-07:00,0,1,308,https://www.youtube.com/watch?v=YLFXK2c60Xc,0,0,0,0,False
YJohmVLc9QA,How to Get Around Guatemala: Complete Transportation Guide (2026),UCCM52vmXEcGzRlYyjP47PPg,Chris & Grace,@theroamingrosses,Travel & Events,guatemala transporte,topic,3897,2025-06-10T12:03:11-07:00,22,1,1544,https://www.youtube.com/watch?v=YJohmVLc9QA,0,0,0,0,False
ZhrDgVZkhg4,FORMACION BRIGADA DE PROVIAL,UCnbd_gs8-e1CQ6izIYtnSig,PROVIAL GUATEMALA,@provialguatemala4072,People & Blogs,Provial Guatemala,official_gov,4419,2013-10-03T13:57:35-07:00,0,1,66,https://www.youtube.com/watch?v=ZhrDgVZkhg4,0,0,0,0,False
2iqOSL9YguA,Gabriel García Luna ya está en el MP para asumir como nuevo fiscal general,UCDaIW3kDab95q7iCSeVAnbQ,Guatevisión,@guatevision_oficial,Entertainment,guatemala politica,topic,5181,2026-05-16T23:44:07-07:00,0,1,511,https://www.youtube.com/watch?v=2iqOSL9YguA,0,0,0,0,False
1yHN9Ci7pXs,Municipalidad de Guatemala informa,UCXa6LVjBzUtmcM3cwbd9e2w,Municipalidad de Guatemala,@MunicipalidaddeGuatemala-1551,People & Blogs,Municipalidad de Guatemala,topic,1617,2010-06-03T07:14:01-07:00,4,1,0,https://www.youtube.com/watch?v=1yHN9Ci7pXs,0,0,0,0,False
1y61Kb9uSbg,Departamento de Tránsito de PNC certifica a 43 PMT en Educación Vial,UC8u2nvyHewt-mjdWSj0HJmQ,Ministerio de Gobernación,@mingobguate,News & Politics,PMT Guatemala,official_gov,471,2017-11-07T15:06:55-08:00,4,1,64,https://www.youtube.com/watch?v=1y61Kb9uSbg,0,0,0,0,False
1w9faaYjhyU,Fundación de la República de Guatemala 21 marzo 1847,UCdHETJl6cR5dye5XxEyqycQ,El profe de Historia Gt,@elprofedehistoriagt2046,People & Blogs,Gobierno de la República de Guatemala,topic,31697,2020-03-20T19:59:44-07:00,0,1,713,https://www.youtube.com/watch?v=1w9faaYjhyU,0,0,0,0,False
-KDglrIzRKo,¡HISTÓRICO! Mexico recupera petróleo robado por Guatemala... 🔔,UC-DpoeBbCMOMOH1-j71KPqA,México Poder,@MéxicoPoder,People & Blogs,guatemala noticias,topic,29736,2026-08-29T17:00:38-07:00,15,1,1153,https://www.youtube.com/watch?v=-KDglrIzRKo,0,0,0,0,False
1HQLJycvzaQ,Conferencia de Prensa del Gobierno de Guatemala. #LaRondaGt,UC-ZtFBHzgkYFh7whZkuR_Ag,Gobierno de la República de Guatemala,@GobiernodelaRepublicadeGuatema,Entertainment,@GobiernodeGuatemala,topic,1175,2025-02-24T19:16:24-08:00,0,1,59,https://www.youtube.com/watch?v=1HQLJycvzaQ,0,0,0,0,False
1-hr8eCOt_I,Este es el impacto ante el incremento del tráfico en la capital por el inicio de clases,UCwkVsH8aIOco3U_Fu7-UW5w,AztecaGuate,@AztecaGuate,Entertainment,guatemala trafico,topic,289,2023-01-16T13:10:57-08:00,0,1,211,https://www.youtube.com/watch?v=1-hr8eCOt_I,0,0,0,0,False
iCbGedZRRE8,Conferencia de Prensa del Gobierno de Guatemala. #LaRondaGT,UC-ZtFBHzgkYFh7whZkuR_Ag,Gobierno de la República de Guatemala,@GobiernodelaRepublicadeGuatema,Entertainment,@GobiernodeGuatemala,topic,1058,2025-10-27T19:33:35-07:00,0,1,59,https://www.youtube.com/watch?v=iCbGedZRRE8,0,0,0,0,False
0eiVPMexNOo,CONRED se pronuncia tras sismos en el territorio nacional,UCt5Dw7ePnn0AqPqRF8Xpjkw,TN23 Guatemala,@TN23TodoNoticias,News & Politics,Conred Guatemala,official_gov,1875,2025-07-29T16:30:00-07:00,7,1,57,https://www.youtube.com/watch?v=0eiVPMexNOo,0,0,0,0,False
0b2vfzXdCqs,Cadena Nacional del presidente Bernardo Arévalo,UC-ZtFBHzgkYFh7whZkuR_Ag,Gobierno de la República de Guatemala,@GobiernodelaRepublicadeGuatema,Entertainment,Gobierno de Guatemala,topic,2725,2026-02-15T18:11:23-08:00,0,2,47,https://www.youtube.com/watch?v=0b2vfzXdCqs,0,0,0,0,False
0a4_g1R1-aA,Acciones relevantes en el #Resumen24Horas,UCHsYnV67K3J0yJ4QeciVCww,PNCdeGuatemala,@PNCdeGuatemala,Science & Technology,Policia Nacional Civil Guatemala,official_gov,15455,2026-08-26T05:26:21-07:00,0,1,407,https://www.youtube.com/watch?v=0a4_g1R1-aA,0,0,0,0,False
0LTLUY7LBlA,"Qué debes saber ANTES de viajar a GUATEMALA | Dónde cambiar DINERO, adquirir INTERNET y TRANSPORTE",UCfMjuFkpFo_QAWtvQqR2EHQ,De viaje con Migue,@deviajeconmigue,Travel & Events,guatemala transporte,topic,6099,2025-04-15T18:00:27-07:00,14,1,1168,https://www.youtube.com/watch?v=0LTLUY7LBlA,0,0,0,0,False
-O4Pa7qS9WQ,"Viaje completo Ciudad de Guatemala al IRTRA de Retalhuleu, menos tráfico, Diesel a Q42.59",UCSQM9AVr3rr7_GF8RH5KFGw,Guate Maya Trip,@GuateMayaTripGT,Nonprofits & Activism,guatemala trafico,topic,383,2026-03-27T22:00:00-07:00,0,1,0,https://www.youtube.com/watch?v=-O4Pa7qS9WQ,0,0,0,0,False
zfJlUXRSaCU,Brief Political History of Guatemala,UCo1g4EQqLwMO9RqEv1rCUpQ,Crónica Panamericana,@cronicapanamericana,People & Blogs,guatemala politica,topic,53547,2021-03-12T20:15:46-08:00,0,1,441,https://www.youtube.com/watch?v=zfJlUXRSaCU,0,0,0,0,False
yCmBtmOm6nw,“¿DÓNDE ESTÁN?”: GOBIERNO IMPULSA MECANISMO PARA BUSCAR A DESAPARECIDOS DEL CONFLICTO ARMADO,UCgItjn_ZWFWcv1MlpKIkqgQ,IDocumenta,@iDocumenta,News & Politics,@GobiernodelaRepublicadeGuatema,topic,6,2026-06-19T21:23:06-07:00,0,1,533,https://www.youtube.com/watch?v=yCmBtmOm6nw,0,0,0,0,False
y8XMbMxMF8E,"Gracias a la inteligencia, coordinación y firmeza, se dió un duro golpe al crimen organizado",UC8u2nvyHewt-mjdWSj0HJmQ,Ministerio de Gobernación,@mingobguate,News & Politics,Ministerio de Gobernacion Guatemala,official_gov,84,2026-08-27T07:49:10-07:00,4,1,64,https://www.youtube.com/watch?v=y8XMbMxMF8E,0,0,0,0,False
0iQD8zHxZIg,SE FILTRO un AUDIO de PANDILLEROS en Guatemala | DISPUTA POLITICA  Guatemala en medio de EMERGENCIA,UCoVACVT8WitFTc_Ok5yhYlg,Tras la Verdad SV,@TraslaVerdadSV,News & Politics,guatemala politica,topic,36701,2026-01-21T09:00:02-08:00,5,1,889,https://www.youtube.com/watch?v=0iQD8zHxZIg,0,0,0,0,False
5nw9G1vwnYY,Actriz guatemalteca caracteriza a Consuelo Porras frente al MP por salida del cargo,UCEepOY2svuxbsJ-zsAPT9Fg,PrensaLibreOficial,@PrensaLibreOficial,News & Politics,guatemala noticias,topic,40327,2026-05-16T18:15:50-07:00,17,1,711,https://www.youtube.com/watch?v=5nw9G1vwnYY,0,0,0,0,False
5Y7fntl6Rc8,Cómo llegar a TIKAL desde Ciudad de GUATEMALA en autobús o en Avión | transporte a PETÉN,UCfMjuFkpFo_QAWtvQqR2EHQ,De viaje con Migue,@deviajeconmigue,Travel & Events,guatemala transporte,topic,11061,2025-04-22T18:00:06-07:00,19,1,1350,https://www.youtube.com/watch?v=5Y7fntl6Rc8,0,0,0,0,False
5UNxNfcSzG4,Distinción del Cambio de la Rosa de la Paz a Pedro Castro López del INACOP,UC-ZtFBHzgkYFh7whZkuR_Ag,Gobierno de la República de Guatemala,@GobiernodelaRepublicadeGuatema,Entertainment,Gobierno de la República de Guatemala,topic,741,2026-08-28T10:14:57-07:00,0,1,102,https://www.youtube.com/watch?v=5UNxNfcSzG4,0,0,0,0,False
5OhxjDvuYbQ,"Operativos PMT ""Cero Tolerancia"" para fin de año",UCXa6LVjBzUtmcM3cwbd9e2w,Municipalidad de Guatemala,@MunicipalidaddeGuatemala-1551,News & Politics,PMT Guatemala,official_gov,494,2019-12-31T05:00:10-08:00,28,1,340,https://www.youtube.com/watch?v=5OhxjDvuYbQ,0,0,0,0,False
5MFnG5B7ric,Municipalidad de Guatemala   09/07/2025,UCW_PHqwqCCalvQGOEsVU0jw,Concejales de Oposición - Muni Guate,@ConcejalesOposición,People & Blogs,@MunicipalidaddeGuatemala-1551,topic,107,2025-07-09T17:11:59-07:00,0,1,121,https://www.youtube.com/watch?v=5MFnG5B7ric,0,0,0,0,False
5DRG-WGTq1k,El Sistema CONRED continúa activo y trabajando de manera coordinada #VolcánDeFuego.,UC6SA1dVHvAkc6yNS_t5cbGw,Conred,@Conred_GT,Education,Conred Guatemala,official_gov,68,2026-08-04T06:17:36-07:00,0,1,0,https://www.youtube.com/watch?v=5DRG-WGTq1k,0,0,0,0,False
4H6w9FQAcS8,"Avances en temas de economía, precios de los combustibles y otros temas de interés nacional.",UC-ZtFBHzgkYFh7whZkuR_Ag,Gobierno de la República de Guatemala,@GobiernodelaRepublicadeGuatema,Entertainment,Gobierno de Guatemala,official_gov,1489,2026-03-16T20:42:29-07:00,0,1,103,https://www.youtube.com/watch?v=4H6w9FQAcS8,0,0,0,0,False
4FUed7cIhPU,El Sistema CONRED y el Gobierno de Guatemala trabajan unidos para atender emergencias.,UC6SA1dVHvAkc6yNS_t5cbGw,Conred,@Conred_GT,Education,Conred Guatemala,official_gov,47,2025-09-24T17:14:31-07:00,0,1,104,https://www.youtube.com/watch?v=4FUed7cIhPU,0,0,0,0,False
2n31FhKmELI,TRÁFICO EN GUATEMALA,UC96TdbkzdlngA9hT1XNzJkw,Fralis Maxiel Martinez,@martinezfralis,People & Blogs,guatemala trafico,topic,512,2024-05-06T21:28:03-07:00,0,1,2003,https://www.youtube.com/watch?v=2n31FhKmELI,0,0,0,0,False
45xQLtMlPdo,"PRESIDENTE DE GUATEMALA, BERNARDO ARÉVALO SE REFIERE AL “DÍA INTERNACIONAL DE LA LIBERTAD DE PRENSA”",UCgItjn_ZWFWcv1MlpKIkqgQ,IDocumenta,@iDocumenta,People & Blogs,@GobiernodelaRepublicadeGuatema,topic,8,2026-05-05T11:42:52-07:00,0,1,462,https://www.youtube.com/watch?v=45xQLtMlPdo,0,0,0,0,False
3onMfRym3OU,PRIMER PUENTE DONDE ARRIBA VA EL TRÁFICO Y ABAJO UN TREN EN GUATEMALA Y AMÉRICA LATINA.,UCH1AYkCs1GpNK_xUwFYTsaQ,Cronos Time GT,@CronosTime,Education,guatemala trafico,topic,4484,2026-08-26T11:12:06-07:00,15,1,1128,https://www.youtube.com/watch?v=3onMfRym3OU,0,0,0,0,False
3bU7I_ZpXUk,Congreso inicia proceso para nombrar a nuevo Fiscal General en Guatemala y suceder a Consuelo Porras,UCEepOY2svuxbsJ-zsAPT9Fg,PrensaLibreOficial,@PrensaLibreOficial,News & Politics,guatemala politica,topic,7465,2026-01-13T19:55:00-08:00,18,1,771,https://www.youtube.com/watch?v=3bU7I_ZpXUk,0,0,0,0,False
3S3KygWSjAQ,Himno de la Policía Nacional Civil de Guatemala,UCHsYnV67K3J0yJ4QeciVCww,PNCdeGuatemala,@PNCdeGuatemala,News & Politics,Policia Nacional Civil Guatemala,official_gov,53021,2018-12-22T13:06:17-08:00,7,1,0,https://www.youtube.com/watch?v=3S3KygWSjAQ,0,0,0,0,False
3P2OUk7aGmc,Presidente presenta Segundo Informe Presidencial en Sesión Solemne del Congreso de la República.,UC-ZtFBHzgkYFh7whZkuR_Ag,Gobierno de la República de Guatemala,@GobiernodelaRepublicadeGuatema,Entertainment,Gobierno de la República de Guatemala,topic,2838,2026-01-14T22:47:12-08:00,0,1,121,https://www.youtube.com/watch?v=3P2OUk7aGmc,0,0,0,0,False
3LAwISMokIg,MUNICIPALIDAD DE GUATEMALA 17/12/2025,UCW_PHqwqCCalvQGOEsVU0jw,Concejales de Oposición - Muni Guate,@ConcejalesOposición,People & Blogs,@MunicipalidaddeGuatemala-1551,topic,294,2025-12-17T16:30:34-08:00,0,1,0,https://www.youtube.com/watch?v=3LAwISMokIg,0,0,0,0,False
3-jKER3zqcA,VECINO VRS AGENTES DE LA PMT EN MAZATENANGO,UC-YGRGi0FeIA5441bGlHOPw,audioschileros,@audioschileros,People & Blogs,PMT Guatemala,official_gov,70811,2016-04-03T20:53:54-07:00,0,1,144,https://www.youtube.com/watch?v=3-jKER3zqcA,0,0,0,0,False
2p23yPpu6aQ,#Conred,UC7PbHMtfWgBFZ_SSZ8iRhQg,Noticias-FA-Gt,@NoticiasFAGt,People & Blogs,Conred Guatemala,official_gov,164,2023-10-13T17:06:28-07:00,0,1,314,https://www.youtube.com/watch?v=2p23yPpu6aQ,0,0,0,0,False
4DD1nlxWk2s,Fuertes LLUVIAS en el JABALI; a si luce una Tarde de Tormenta 😱,UCKu8ZkS9vriCetFagAGIMXA,VIVA GUATEMALA,@VIVAGUATEMALANB,Entertainment,guatemala lluvias,topic,27111,2025-07-26T14:22:51-07:00,0,1,0,https://www.youtube.com/watch?v=4DD1nlxWk2s,0,0,0,0,False
tcAQGuuo_Uc,El Ministerio de Gobernación Guatemala  brinda conferencia de prensa.,UC-ZtFBHzgkYFh7whZkuR_Ag,Gobierno de la República de Guatemala,@GobiernodelaRepublicadeGuatema,Entertainment,Ministerio de Gobernacion Guatemala,official_gov,2254,2026-03-19T21:30:27-07:00,0,1,69,https://www.youtube.com/watch?v=tcAQGuuo_Uc,0,0,0,0,False
tb6LaOWGAIo,"Guía Definitiva para viajar a Guatemala 2026 🇬🇹 Qué ver, itinerarios, precios y consejos",UC70eD0hNEwDNAfNlqfRWlGA,Welcome to el Mundo,@Welcometoelmundo,Travel & Events,guatemala seguridad,topic,104869,2025-09-07T10:00:02-07:00,22,1,3538,https://www.youtube.com/watch?v=tb6LaOWGAIo,0,0,0,0,False
tXLhWHWGaao,Breve historia política de Guatemala,UCo1g4EQqLwMO9RqEv1rCUpQ,Crónica Panamericana,@cronicapanamericana,People & Blogs,guatemala politica,topic,144134,2022-02-22T17:13:48-08:00,0,2,527,https://www.youtube.com/watch?v=tXLhWHWGaao,0,0,0,0,False
tK__qZZ-H5w,Conferencia de Prensa del Gobierno de Guatemala. #LaRondaGT,UC-ZtFBHzgkYFh7whZkuR_Ag,Gobierno de la República de Guatemala,@GobiernodelaRepublicadeGuatema,Entertainment,@GobiernodeGuatemala,topic,866,2025-12-10T23:25:58-08:00,0,1,59,https://www.youtube.com/watch?v=tK__qZZ-H5w,0,0,0,0,False
tEfZlrP4L5I,#EnVivoDCA | Conferencia de Prensa del Gobierno de Guatemala,UCaivrAhro2BpsJdrPe-IyRg,Diario de Centro América,@dcaguatemala,News & Politics,Gobierno de Guatemala,official_gov,265,2026-08-10T21:38:33-07:00,0,1,57,https://www.youtube.com/watch?v=tEfZlrP4L5I,0,0,0,0,False
soZMwC0Cj18,Lluvias causan inundaciones y deslizamiento en Alta Verapaz,UCEepOY2svuxbsJ-zsAPT9Fg,PrensaLibreOficial,@PrensaLibreOficial,News & Politics,guatemala lluvias,topic,1405,2026-07-09T17:31:25-07:00,15,1,759,https://www.youtube.com/watch?v=soZMwC0Cj18,0,0,0,0,False
sAPrXzrdstM,Funciones del Ministerio de Gobernación,UC8u2nvyHewt-mjdWSj0HJmQ,Ministerio de Gobernación,@mingobguate,News & Politics,Ministerio de Gobernacion Guatemala,official_gov,8970,2016-05-24T17:50:32-07:00,4,1,64,https://www.youtube.com/watch?v=sAPrXzrdstM,0,0,0,0,False
ifJFNGT4azU,Podcast Guatemala Ahora Yo Se: Medidas De Seguridad Con el Lic. Ariel Yos y el Lic. Gabriel Quiñones,UC1B5-Dun1FHWae_rIJdfhow,Ahora Yose,@AhoraYose,People & Blogs,guatemala seguridad,topic,3631,2025-12-20T19:00:05-08:00,0,1,1119,https://www.youtube.com/watch?v=ifJFNGT4azU,0,0,0,0,False
x_CB0ZRLQTA,Ricardo Quiñónez paga con nuestros impuestos netcenter,UCaFyLdpZa60tkGfjOsznHSg,AlcaldexAccidente,@AlcaldexAccidente,People & Blogs,@quorumgt,topic,29419,2023-04-17T12:13:14-07:00,0,1,387,https://www.youtube.com/watch?v=x_CB0ZRLQTA,0,0,0,0,False
iWYddxEszoM,#EnVivoDCA | Conferencia de prensa del Gobierno de Guatemala,UCaivrAhro2BpsJdrPe-IyRg,Diario de Centro América,@dcaguatemala,News & Politics,Gobierno de Guatemala,topic,264,2026-07-02T00:57:24-07:00,0,1,57,https://www.youtube.com/watch?v=iWYddxEszoM,0,0,0,0,False
iEmScdnYQdg,La nueva ruta que evita El Trébol,UCmzHLdcizBNiyN5t2mEPp3A,Tráfico Sin Censura,@TráficoSinCensuraGT,People & Blogs,PMT Guatemala,official_gov,8502,2026-08-04T05:00:35-07:00,21,1,995,https://www.youtube.com/watch?v=iEmScdnYQdg,0,0,0,0,False
TTijnAoFnzY,Conred reprograma simulacro nacional para el 24 de febrero,UCq0Cm-3SKthEySQc2JZBi1A,T13 Noticias Guatemala,@T13NoticiasGuatemala,News & Politics,Conred Guatemala,official_gov,200,2026-02-19T20:30:17-08:00,15,1,84,https://www.youtube.com/watch?v=TTijnAoFnzY,0,0,0,0,False
iBX5DMQSf3s,Conmemoramos el 153 Aniversario de la Escuela Politécnica y Día del cadete.,UC-ZtFBHzgkYFh7whZkuR_Ag,Gobierno de la República de Guatemala,@GobiernodelaRepublicadeGuatema,Entertainment,Gobierno de la República de Guatemala,topic,1264,2026-09-01T09:01:34-07:00,0,1,75,https://www.youtube.com/watch?v=iBX5DMQSf3s,0,0,0,0,False
hy0mwEHr6V0,MI3 será utilizado dentro de las evaluaciones a aspirantes a PNC,UC8u2nvyHewt-mjdWSj0HJmQ,Ministerio de Gobernación,@mingobguate,News & Politics,Policia Nacional Civil Guatemala,official_gov,127595,2020-02-19T15:22:01-08:00,4,1,64,https://www.youtube.com/watch?v=hy0mwEHr6V0,0,0,0,0,False
hGOvuWe8P3Q,🔴ENTREGAN A NOROÑA ALITO NEGOCIA CON MONREAL PREPARAN MEGÁFONOS PORROS DEL PRIAN,UClivsn4u-h1uJkORB6PD9SQ,Vittor Blogs,@VittorBlogs,News & Politics,@GobiernodelaRepublicadeGuatema,topic,6682,2026-09-01T15:13:10-07:00,26,1,983,https://www.youtube.com/watch?v=hGOvuWe8P3Q,0,0,0,0,False
go4jAhCJS0w,Así reaccionaría la guardia presidencial de la Saas en caso de una emergencia,UCEepOY2svuxbsJ-zsAPT9Fg,PrensaLibreOficial,@PrensaLibreOficial,News & Politics,guatemala seguridad,topic,7381,2025-03-21T18:11:55-07:00,7,1,808,https://www.youtube.com/watch?v=go4jAhCJS0w,0,0,0,0,False
gbcggAMJczg,Dionel  Art s Vídeo danzando con la muerte,UCedKfsLot_SfwJrfW5OzpPg,Dionel.Art_music,@Dionel.Art_music,People & Blogs,@GobiernodelaRepublicadeGuatema,topic,7,2025-09-17T06:30:06-07:00,0,1,100,https://www.youtube.com/watch?v=gbcggAMJczg,0,0,0,0,False
iacCQ4VyWWc,"Los conservadores y los liberales, Historia de Guatemala",UC-rcR68a-aLwAnszxTG4--A,Panda 01,@panda0157,People & Blogs,Gobierno de la República de Guatemala,topic,25431,2020-03-22T00:02:09-07:00,0,1,27,https://www.youtube.com/watch?v=iacCQ4VyWWc,0,0,0,0,False
xQgP0n8hVSI,"Primero te usan, y cuando ya no les sirves te desechan.",UC8u2nvyHewt-mjdWSj0HJmQ,Ministerio de Gobernación,@mingobguate,News & Politics,Ministerio de Gobernacion Guatemala,official_gov,28,2026-08-24T08:51:45-07:00,4,1,64,https://www.youtube.com/watch?v=xQgP0n8hVSI,0,0,0,0,False
xEcC_aMDhAk,MINGOB y COPADEH avanzan en la protección de personas defensoras de DDHH,UC8u2nvyHewt-mjdWSj0HJmQ,Ministerio de Gobernación,@mingobguate,News & Politics,Ministerio de Gobernacion Guatemala,official_gov,17,2026-08-28T09:33:31-07:00,4,1,64,https://www.youtube.com/watch?v=xEcC_aMDhAk,0,0,0,0,False
x9TPnjUeuoo,VIDEO INSTITUCIONAL PROVIAL,UCAutgrPkiLhZxTB-Ujje1fw,CIV -Ministerio de Comunicaciones,@CIV_Guatemala,People & Blogs,Provial Guatemala,official_gov,2250,2020-12-18T09:48:36-08:00,0,1,0,https://www.youtube.com/watch?v=x9TPnjUeuoo,0,0,0,0,False
wpYwX-bGoz0,CIV prioriza proyectos con potencial para generar desarrollo en Guatemala,UCAutgrPkiLhZxTB-Ujje1fw,CIV -Ministerio de Comunicaciones,@CIV_Guatemala,People & Blogs,Ministerio de Comunicaciones Guatemala,official_gov,468,2021-07-19T13:14:32-07:00,0,1,263,https://www.youtube.com/watch?v=wpYwX-bGoz0,0,0,0,0,False
wm1f52Mvzag,Gloria Álvarez: ¿Podría ser la próxima presidenta de Guatemala?,UCN5tcDI7z6vN9s3p3n_JtoQ,Jorge Ramos,@jorgeramos-asiveolascosas,News & Politics,guatemala politica,topic,31357,2025-07-31T22:27:56-07:00,0,1,1427,https://www.youtube.com/watch?v=wm1f52Mvzag,0,0,0,0,False
wYZPaJdVuhE,#LaCharla ¿Quién dirigirá el sistema portuario y qué decisiones debe tomar primero?,UCDaIW3kDab95q7iCSeVAnbQ,Guatevisión,@guatevision_oficial,News & Politics,@quorumgt,topic,202,2026-09-01T07:00:07-07:00,2,1,612,https://www.youtube.com/watch?v=wYZPaJdVuhE,0,0,0,0,False
wVncmfsugww,"Spot Rendición de Cuentas, tercer cuatrimestre 2023 - 1",UCAutgrPkiLhZxTB-Ujje1fw,CIV -Ministerio de Comunicaciones,@CIV_Guatemala,People & Blogs,Ministerio de Comunicaciones Guatemala,official_gov,15,2024-01-11T15:38:44-08:00,0,1,140,https://www.youtube.com/watch?v=wVncmfsugww,0,0,0,0,False
wS6yC3yOAeA,Noticiero El Informativo. Nuestra semana de resultados.,UC-ZtFBHzgkYFh7whZkuR_Ag,Gobierno de la República de Guatemala,@GobiernodelaRepublicadeGuatema,Entertainment,Gobierno de la República de Guatemala,topic,1383,2026-08-31T08:21:52-07:00,0,1,55,https://www.youtube.com/watch?v=wS6yC3yOAeA,0,0,0,0,False
-5puKGEqcUc,INSIVUMEH pronostica incremento de lluvias para el fin de semana en Guatemala,UCq0Cm-3SKthEySQc2JZBi1A,T13 Noticias Guatemala,@T13NoticiasGuatemala,News & Politics,guatemala lluvias,topic,2357,2026-08-28T22:00:20-07:00,15,1,885,https://www.youtube.com/watch?v=-5puKGEqcUc,0,0,0,0,False
vqcF9RFMOLQ,"Ciudad de Guatemala, el mejor lugar para vivir",UCXa6LVjBzUtmcM3cwbd9e2w,Municipalidad de Guatemala,@MunicipalidaddeGuatemala-1551,News & Politics,Municipalidad de Guatemala,official_gov,215,2026-05-15T14:15:07-07:00,25,1,57,https://www.youtube.com/watch?v=vqcF9RFMOLQ,0,0,0,0,False
vp9MPfDG6AE,"Comunicado – COVIAL / Ministerio de Comunicaciones, Infraestructura y Vivienda",UCVpSRoZgngfSL03Nlbjtq9A,Noti7,@Noti7Guatemala,News & Politics,Ministerio de Comunicaciones Guatemala,official_gov,260,2026-08-24T22:00:25-07:00,13,1,120,https://www.youtube.com/watch?v=vp9MPfDG6AE,0,0,0,0,False
vNUiF-stTdo,resumen de noticias,UCYaCfDw7q5l_S1UHjdfzODQ,INFOM TV,@tvinfomguatemala,News & Politics,@MunicipalidaddeGuatemala-1551,topic,23,2025-10-11T20:01:57-07:00,0,1,413,https://www.youtube.com/watch?v=vNUiF-stTdo,0,0,0,0,False
vDVXM8ODuzM,#EnVivoDCA | Conferencia de Prensa del Gobierno de Guatemala,UCaivrAhro2BpsJdrPe-IyRg,Diario de Centro América,@dcaguatemala,News & Politics,Gobierno de Guatemala,official_gov,214,2026-08-06T00:51:20-07:00,0,1,60,https://www.youtube.com/watch?v=vDVXM8ODuzM,0,0,0,0,False
vCtk_0NzB3s,Clima en Guatemala esta semana: calor de hasta 39 °C y lluvias con tormentas,UCEepOY2svuxbsJ-zsAPT9Fg,PrensaLibreOficial,@PrensaLibreOficial,News & Politics,guatemala lluvias,topic,1534,2026-08-17T11:35:23-07:00,17,1,619,https://www.youtube.com/watch?v=vCtk_0NzB3s,0,0,0,0,False
vA6p51f14J4,Horarios especiales por celebraciones de fin de año,UCXa6LVjBzUtmcM3cwbd9e2w,Municipalidad de Guatemala,@MunicipalidaddeGuatemala-1551,News & Politics,@MunicipalidaddeGuatemala-1551,topic,606,2021-12-23T12:25:58-08:00,25,1,234,https://www.youtube.com/watch?v=vA6p51f14J4,0,0,0,0,False
tqcZFVSXARQ,¿Listo para decir tengo #MiPrimeraCasa? 🏠✨,UC-ZtFBHzgkYFh7whZkuR_Ag,Gobierno de la República de Guatemala,@GobiernodelaRepublicadeGuatema,Entertainment,Gobierno de la República de Guatemala,topic,1373,2026-08-24T12:20:03-07:00,0,1,0,https://www.youtube.com/watch?v=tqcZFVSXARQ,0,0,0,0,False
tmvTbeQNCTI,"Hoy SABRÁN Qué Grado ACADÉMICO Tenemos, Todos Son PROFESIONALES",UCTClcvXaWXGeZheUQFTQLRw,Gente de Guate,@GentedeGuate,Entertainment,@quorumgt,topic,15482,2026-08-31T18:27:07-07:00,0,1,0,https://www.youtube.com/watch?v=tmvTbeQNCTI,0,0,0,0,False
w57G_5jsqtU,Tráfico intenso por regreso a clases del sector público extiende horas pico en el área metropolitana,UCEepOY2svuxbsJ-zsAPT9Fg,PrensaLibreOficial,@PrensaLibreOficial,News & Politics,guatemala trafico,topic,625,2026-02-02T20:00:54-08:00,16,1,761,https://www.youtube.com/watch?v=w57G_5jsqtU,0,0,0,0,False
AakUTlieyH0,Crisis de seguridad en Guatemala,UC-GLagjBhWAZ3IOWFgzqIAw,Canal Antigua,@miracanalantigua,News & Politics,guatemala seguridad,topic,733,2026-01-20T12:36:18-08:00,8,1,416,https://www.youtube.com/watch?v=AakUTlieyH0,0,0,0,0,False
Aa7hIDCRh3g,Este BUS me LLEVO a UN PARAISO EN GUATEMALA,UCDfEVbDrimcKw5lfbps915g,De todo Gt,@detodogt,People & Blogs,guatemala transporte,topic,504374,2025-04-01T18:00:10-07:00,0,1,2830,https://www.youtube.com/watch?v=Aa7hIDCRh3g,0,0,0,0,False
AHzfpOL5sgw,Sistema de gobierno de Guatemala 🇬🇹,UCwlb2TaG9ywiD6uhHWTy-qg,SUM Estudios Jurídicos.,@sumestudiosjuridicos.1313,Education,Gobierno de Guatemala,official_gov,2895,2024-05-06T22:11:47-07:00,24,1,0,https://www.youtube.com/watch?v=AHzfpOL5sgw,0,0,0,0,False
9wHujSu-nbQ,Quorum,UCE4rsXcgDb6e1-a9iTbWzfg,Quorum,@quorumgt,News & Politics,Quorum GT,topic,459,2021-06-20T23:00:33-07:00,7,1,280,https://www.youtube.com/watch?v=9wHujSu-nbQ,0,0,0,0,False
9h7d1iDFaqo,Vuelve el tráfico lento en la ciudad capital,UCEepOY2svuxbsJ-zsAPT9Fg,PrensaLibreOficial,@PrensaLibreOficial,News & Politics,guatemala trafico,topic,11396,2010-02-01T11:03:22-08:00,6,1,224,https://www.youtube.com/watch?v=9h7d1iDFaqo,0,0,0,0,False
9XFVeHiWDTo,En #LaRondaGT conoce las acciones que impulsamos para modernizar los puertos y aeropuertos del país.,UC-ZtFBHzgkYFh7whZkuR_Ag,Gobierno de la República de Guatemala,@GobiernodelaRepublicadeGuatema,Entertainment,Gobierno de Guatemala,official_gov,1516,2026-08-25T00:43:44-07:00,0,1,100,https://www.youtube.com/watch?v=9XFVeHiWDTo,0,0,0,0,False
9Jacxvi9umU,Los responsables de bloquear información en Guatecompras,UCDvpZGLyno6g-bi-wwYq4wQ,Somos El Combo,@somoselcombo,Entertainment,@quorumgt,topic,7340,2026-08-29T07:53:35-07:00,0,1,868,https://www.youtube.com/watch?v=9Jacxvi9umU,0,0,0,0,False
ShYWqmOpjFk,Ministro de Comunicaciones reitera sobre avances en ruta Palín-Escuintla,UCrAoF9-9Vvb9_zK0t-m2Rhg,La Hora,@lahoragt,News & Politics,Ministerio de Comunicaciones Guatemala,official_gov,242,2025-01-20T09:24:09-08:00,0,1,602,https://www.youtube.com/watch?v=ShYWqmOpjFk,0,0,0,0,False
90oVm0P4_9Q,"El MINGOB a través del Viceministerio de Seguridad, combate  el crimen organizado.",UC8u2nvyHewt-mjdWSj0HJmQ,Ministerio de Gobernación,@mingobguate,News & Politics,Ministerio de Gobernacion Guatemala,official_gov,5,2026-08-31T06:15:51-07:00,4,1,64,https://www.youtube.com/watch?v=90oVm0P4_9Q,0,0,0,0,False
8n6momRcC04,Mantenimiento constante,UCXa6LVjBzUtmcM3cwbd9e2w,Municipalidad de Guatemala,@MunicipalidaddeGuatemala-1551,News & Politics,@MunicipalidaddeGuatemala-1551,topic,91,2015-09-29T06:09:28-07:00,53,1,189,https://www.youtube.com/watch?v=8n6momRcC04,0,0,0,0,False
8CuQ2_HTaN0,Conferencia de Prensa del Gobierno de Guatemala.,UC-ZtFBHzgkYFh7whZkuR_Ag,Gobierno de la República de Guatemala,@GobiernodelaRepublicadeGuatema,Entertainment,@GobiernodeGuatemala,topic,735,2025-01-20T19:01:37-08:00,0,1,48,https://www.youtube.com/watch?v=8CuQ2_HTaN0,0,0,0,0,False
7mdtGeIHQnE,"#LHEnContexto: Gestión de riesgos en GUATEMALA: Lo que debes saber, explicado por la CONRED",UCrAoF9-9Vvb9_zK0t-m2Rhg,La Hora,@lahoragt,News & Politics,Conred Guatemala,official_gov,570,2024-08-27T04:00:07-07:00,0,1,259,https://www.youtube.com/watch?v=7mdtGeIHQnE,0,0,0,0,False
7kuHyjwuE_o,Centro Municipal de Emprendimiento - Municipalidad de Guatemala,UCBn6Y-Y3kCAQqYXHaMIjEVw,Centro Municipal de Emprendimiento MuniGuate,@cmeguatemala,Entertainment,Municipalidad de Guatemala,topic,528,2022-08-09T15:46:20-07:00,3,1,252,https://www.youtube.com/watch?v=7kuHyjwuE_o,0,0,0,0,False
7hfUg8Z-W2o,Conferencia de Prensa del Gobierno de Guatemala. #LaRondaGt.,UC-ZtFBHzgkYFh7whZkuR_Ag,Gobierno de la República de Guatemala,@GobiernodelaRepublicadeGuatema,Entertainment,@GobiernodeGuatemala,topic,2449,2025-02-17T19:17:10-08:00,0,1,60,https://www.youtube.com/watch?v=7hfUg8Z-W2o,0,0,0,0,False
7JerBdHtkWA,Cambio de horarios en Municipalidad de Guatemala,UCJcN367ge_Yo1p7b20_KSaA,Canal 3 Guatemala,@Canal3Guatemala,News & Politics,Municipalidad de Guatemala,topic,215,2017-04-05T05:54:07-07:00,6,1,176,https://www.youtube.com/watch?v=7JerBdHtkWA,0,0,0,0,False
74F3Mn_NWoE,"Acto de Graduación de los Cursos de Formación, Ascenso y Especialización Policial de la PNC.",UC-ZtFBHzgkYFh7whZkuR_Ag,Gobierno de la República de Guatemala,@GobiernodelaRepublicadeGuatema,Entertainment,Policia Nacional Civil Guatemala,official_gov,1197,2025-09-29T23:32:20-07:00,0,1,92,https://www.youtube.com/watch?v=74F3Mn_NWoE,0,0,0,0,False
9BIrwWQUdb8,"Capturan a ""guardián"" de parqueo utilizado por la mara Salvatrucha e incautan 5 vehículos robados.",UCHsYnV67K3J0yJ4QeciVCww,PNCdeGuatemala,@PNCdeGuatemala,Science & Technology,Policia Nacional Civil Guatemala,official_gov,23972,2026-08-25T07:48:40-07:00,0,1,407,https://www.youtube.com/watch?v=9BIrwWQUdb8,0,0,0,0,False
D3fRGjqHeHI,"Spot Rendición de Cuentas, segundo cuatrimestre 2023 - 1",UCAutgrPkiLhZxTB-Ujje1fw,CIV -Ministerio de Comunicaciones,@CIV_Guatemala,People & Blogs,Ministerio de Comunicaciones Guatemala,official_gov,23,2023-10-04T14:28:24-07:00,0,1,138,https://www.youtube.com/watch?v=D3fRGjqHeHI,0,0,0,0,False
CJQ46Hr4HcU,Municipalidad de Guatemala  19/12/2025,UCW_PHqwqCCalvQGOEsVU0jw,Concejales de Oposición - Muni Guate,@ConcejalesOposición,People & Blogs,@MunicipalidaddeGuatemala-1551,topic,222,2025-12-19T16:09:00-08:00,0,1,0,https://www.youtube.com/watch?v=CJQ46Hr4HcU,0,0,0,0,False
CDg6kLRfiqQ,Acciones relevantes en el #Resumen24Horas,UCHsYnV67K3J0yJ4QeciVCww,PNCdeGuatemala,@PNCdeGuatemala,Science & Technology,Policia Nacional Civil Guatemala,official_gov,11048,2026-08-27T06:07:59-07:00,0,1,407,https://www.youtube.com/watch?v=CDg6kLRfiqQ,0,0,0,0,False
C8wk4HWwWyM,Duro golpe al crimen organizado en Granja Penal de Pavón.,UC-ZtFBHzgkYFh7whZkuR_Ag,Gobierno de la República de Guatemala,@GobiernodelaRepublicadeGuatema,Entertainment,Gobierno de la República de Guatemala,topic,2214,2026-08-26T17:35:57-07:00,0,1,57,https://www.youtube.com/watch?v=C8wk4HWwWyM,0,0,0,0,False
C5hJmAhpMMQ,"YOUTUBE PUNTO DE ENFOQUE MARIO MEJÍA, SUBDIRECTOR DE INSIVUMEH",UClgawHgsbqN6Nuok7ds-Szw,INSIVUMEH,@INSIVUMEH_GT,Science & Technology,@GobiernodelaRepublicadeGuatema,topic,79,2026-06-05T13:50:50-07:00,0,1,184,https://www.youtube.com/watch?v=C5hJmAhpMMQ,0,0,0,0,False
Bp4LtQT8Hk0,"Ciudad de Guatemala, el mejor lugar para vivir",UCXa6LVjBzUtmcM3cwbd9e2w,Municipalidad de Guatemala,@MunicipalidaddeGuatemala-1551,Entertainment,Municipalidad de Guatemala,official_gov,4265,2025-01-30T14:40:31-08:00,6,1,382,https://www.youtube.com/watch?v=Bp4LtQT8Hk0,0,0,0,0,False
Boj5GILjbI0,"Spot Rendición de Cuentas, segundo cuatrimestre 2023 - 2",UCAutgrPkiLhZxTB-Ujje1fw,CIV -Ministerio de Comunicaciones,@CIV_Guatemala,People & Blogs,Ministerio de Comunicaciones Guatemala,official_gov,26,2023-10-04T14:31:15-07:00,0,1,146,https://www.youtube.com/watch?v=Boj5GILjbI0,0,0,0,0,False
BnZFUzpEDe4,Municipalidad de Guatemala se moderniza,UCXa6LVjBzUtmcM3cwbd9e2w,Municipalidad de Guatemala,@MunicipalidaddeGuatemala-1551,People & Blogs,Municipalidad de Guatemala,topic,642,2010-10-28T07:36:52-07:00,5,1,183,https://www.youtube.com/watch?v=BnZFUzpEDe4,0,0,0,0,False
Ab0RrbzxyBU,Municipalidad de Guatemala 17/11/2025,UCW_PHqwqCCalvQGOEsVU0jw,Concejales de Oposición - Muni Guate,@ConcejalesOposición,People & Blogs,@MunicipalidaddeGuatemala-1551,topic,117,2025-11-17T19:16:43-08:00,0,1,0,https://www.youtube.com/watch?v=Ab0RrbzxyBU,0,0,0,0,False
Bdn2nxDqQ90,Video Viral de PMT / GUATEMALA,UC6XLvudi9BWjAzCR-6KAHiw,carlos del cid,@carlosdelcid390,Film & Animation,PMT Guatemala,official_gov,2482,2018-09-01T16:13:06-07:00,1,1,518,https://www.youtube.com/watch?v=Bdn2nxDqQ90,0,0,0,0,False
BbAeamItalk,ZARAGOZA DA UN PASO HACIA EL FORTALECIMIENTO DEL DEPORTE CON NUEVA CIUDAD DEPORTIVA,UCgItjn_ZWFWcv1MlpKIkqgQ,IDocumenta,@iDocumenta,News & Politics,@GobiernodelaRepublicadeGuatema,topic,7,2026-08-26T22:01:44-07:00,0,1,409,https://www.youtube.com/watch?v=BbAeamItalk,0,0,0,0,False
BW41jT3t3oI,Provial,UCuKuUrmHoNaJJHE27Aac9PQ,PROVIAL-CIV,@ProvialOficial_CIV,People & Blogs,Provial Guatemala,official_gov,79,2020-08-11T04:25:02-07:00,0,1,248,https://www.youtube.com/watch?v=BW41jT3t3oI,0,0,0,0,False
BUNeDEi0yVU,CIV LICITACIÓN 800 KM 110717,UCAutgrPkiLhZxTB-Ujje1fw,CIV -Ministerio de Comunicaciones,@CIV_Guatemala,People & Blogs,Ministerio de Comunicaciones Guatemala,official_gov,26,2017-07-12T19:27:52-07:00,0,1,0,https://www.youtube.com/watch?v=BUNeDEi0yVU,0,0,0,0,False
BLc_KXPng9g,Conferencia de Prensa del Gobierno de Guatemala. #LaRondaGT,UC-ZtFBHzgkYFh7whZkuR_Ag,Gobierno de la República de Guatemala,@GobiernodelaRepublicadeGuatema,Entertainment,@GobiernodeGuatemala,topic,720,2025-11-14T18:48:39-08:00,0,1,59,https://www.youtube.com/watch?v=BLc_KXPng9g,0,0,0,0,False
B60bWqpVUIE,Así es el transporte público en Ciudad de Guatemala,UCBedZZFhxFcMudI8oM5joSQ,PaulinoG,@PaulinoG,Travel & Events,guatemala transporte,topic,96794,2024-09-08T13:30:00-07:00,20,1,403,https://www.youtube.com/watch?v=B60bWqpVUIE,0,0,0,0,False
ArljwpsURdY,"Entrevista especial con Claudinne Ogaldes, Secretaria Ejecutiva de la SE-CONRED",UC6SA1dVHvAkc6yNS_t5cbGw,Conred,@Conred_GT,Education,Conred Guatemala,official_gov,416,2026-02-19T11:40:11-08:00,0,1,687,https://www.youtube.com/watch?v=ArljwpsURdY,0,0,0,0,False
AlbPEU3rbZs,Conferencia de Prensa del Gobierno de Guatemala. #LaRondaGt,UC-ZtFBHzgkYFh7whZkuR_Ag,Gobierno de la República de Guatemala,@GobiernodelaRepublicadeGuatema,Entertainment,@GobiernodeGuatemala,topic,870,2025-03-13T21:06:42-07:00,0,1,59,https://www.youtube.com/watch?v=AlbPEU3rbZs,0,0,0,0,False
Bi34XvRV6AM,Plan de Evacuación CONRED,UCyGWWWpmAP5AReA_o8bhaRg,MESCOGT,@MESCOGT,People & Blogs,Conred Guatemala,official_gov,58,2026-01-26T15:29:30-08:00,1,1,332,https://www.youtube.com/watch?v=Bi34XvRV6AM,0,0,0,0,False
mQH6bhmp_LY,Quorum: ¿Cómo investigamos la crisis del agua?,UCE4rsXcgDb6e1-a9iTbWzfg,Quorum,@quorumgt,News & Politics,Quorum GT,topic,142,2024-10-29T17:54:06-07:00,0,1,474,https://www.youtube.com/watch?v=mQH6bhmp_LY,0,0,0,0,False
mPtR2HskBTE,Municipalidad de Guatemala   17/02/2025,UCW_PHqwqCCalvQGOEsVU0jw,Concejales de Oposición - Muni Guate,@ConcejalesOposición,People & Blogs,@MunicipalidaddeGuatemala-1551,topic,729,2025-02-18T11:29:48-08:00,0,1,0,https://www.youtube.com/watch?v=mPtR2HskBTE,0,0,0,0,False
mCoOL2p0il4,Municipalidad de Guatemala   08/08/2025,UCW_PHqwqCCalvQGOEsVU0jw,Concejales de Oposición - Muni Guate,@ConcejalesOposición,People & Blogs,@MunicipalidaddeGuatemala-1551,topic,118,2025-08-08T18:15:18-07:00,0,1,153,https://www.youtube.com/watch?v=mCoOL2p0il4,0,0,0,0,False
lkdwGwrJKeM,🇬🇹 ¿Es seguro VIAJAR a Guatemala? Consejos prácticos para que todo te salga bien,UCeMAsS36ZiA56ZNtS8VSuOg,Un Angel Viajando,@UnAngelViajando,Travel & Events,guatemala seguridad,topic,5298,2025-12-27T07:00:06-08:00,20,1,861,https://www.youtube.com/watch?v=lkdwGwrJKeM,0,0,0,0,False
lYyGqHAL5nM,Comuna lanzó nueva imagen de la PM y PMT,UCXa6LVjBzUtmcM3cwbd9e2w,Municipalidad de Guatemala,@MunicipalidaddeGuatemala-1551,People & Blogs,PMT Guatemala,official_gov,286,2009-10-30T16:40:01-07:00,4,1,147,https://www.youtube.com/watch?v=lYyGqHAL5nM,0,0,0,0,False
lNuxq8OKCpc,Lluvias convierten calles en ríos en Villa Nueva y San Miguel Petapa,UCEepOY2svuxbsJ-zsAPT9Fg,PrensaLibreOficial,@PrensaLibreOficial,News & Politics,guatemala lluvias,topic,7663,2026-04-01T06:30:43-07:00,17,1,515,https://www.youtube.com/watch?v=lNuxq8OKCpc,0,0,0,0,False
l-mH80ygqFY,Avances en proyectos municipales por el desarrollo y bienestar en la ciudad.,UCXa6LVjBzUtmcM3cwbd9e2w,Municipalidad de Guatemala,@MunicipalidaddeGuatemala-1551,News & Politics,@MunicipalidaddeGuatemala-1551,topic,256,2022-06-25T07:26:53-07:00,25,1,227,https://www.youtube.com/watch?v=l-mH80ygqFY,0,0,0,0,False
6z2Psav9Onw,Conferencia de Prensa del Gobierno de Guatemala. #LaRondaGt,UC-ZtFBHzgkYFh7whZkuR_Ag,Gobierno de la República de Guatemala,@GobiernodelaRepublicadeGuatema,Entertainment,@GobiernodeGuatemala,topic,848,2025-03-04T23:37:34-08:00,0,1,59,https://www.youtube.com/watch?v=6z2Psav9Onw,0,0,0,0,False
kaZgtwqwLrI,@rumzacapait @GobiernodeGuatemala,UCgRLnesCOuua3-JgFlzdS2w,TRAYECTORIA Y EXITO CON ANABELLA CORDON,@AnabellacordonArtista,People & Blogs,@GobiernodeGuatemala,topic,74,2022-06-26T10:10:46-07:00,0,1,0,https://www.youtube.com/watch?v=kaZgtwqwLrI,0,0,0,0,False
jSw-nFh94qQ,Gobernación promueve espacios de sana convivencia,UC8u2nvyHewt-mjdWSj0HJmQ,Ministerio de Gobernación,@mingobguate,News & Politics,Ministerio de Gobernacion Guatemala,official_gov,59,2026-08-28T15:45:05-07:00,4,1,64,https://www.youtube.com/watch?v=jSw-nFh94qQ,0,0,0,0,False
jQGvhMPMuAI,#DiálogoCentral | El clima de la semana: adiós a la canícula ¿llegan las lluvias? 🌦️,UC-GLagjBhWAZ3IOWFgzqIAw,Canal Antigua,@miracanalantigua,News & Politics,guatemala lluvias,topic,214,2026-08-31T14:57:19-07:00,5,1,175,https://www.youtube.com/watch?v=jQGvhMPMuAI,0,0,0,0,False
j4akBH678fw,El paso a desnivel Calzada Roosevelt lleva más conexión y mejor movilidad para la población.,UC-ZtFBHzgkYFh7whZkuR_Ag,Gobierno de la República de Guatemala,@GobiernodelaRepublicadeGuatema,Entertainment,Gobierno de Guatemala,topic,649,2026-08-20T07:13:12-07:00,0,1,92,https://www.youtube.com/watch?v=j4akBH678fw,0,0,0,0,False
zyA0BpEYcQU,Discusión entre conductor y jefe de la PMT,UC_Lj2naQPP8vmyDu-AEOo-w,Nuestro Mundo,@NuestroMundoGuatemala,People & Blogs,PMT Guatemala,official_gov,55349,2016-04-04T05:48:07-07:00,5,1,236,https://www.youtube.com/watch?v=zyA0BpEYcQU,0,0,0,0,False
1kSG-naIgqk,PRIMERA SEDE MIGRATORIA REGIONAL EN CHIQUIMULA,UCWYeiFUCO0SW6BxZ8aPxVTw,Vicepresidencia Guate,@VicepresidenciaGuate,Entertainment,@GobiernodelaRepublicadeGuatema,topic,48,2026-02-01T05:00:09-08:00,0,1,480,https://www.youtube.com/watch?v=1kSG-naIgqk,0,0,0,0,False
tg2QuZFdn4c,🔴 En Vivo |  Sesión Solemne de Consejo de Gobierno en Limón,UCLXHie0velori7_dqu8w_bQ,Presidencia de la República,@PresidenciadelaRepublicaCR,News & Politics,Gobierno de Guatemala,official_gov,15726,2026-08-31T13:08:28-07:00,0,1,59,https://www.youtube.com/watch?v=tg2QuZFdn4c,0,0,0,0,False
677N9cx_kKE,Carlos Pineda Seguridad I - Guatemala tiene solución | Ep. 2,UCInL6HZez6Qn8IHV8Achhxw,Carlos Pineda,@carlospinedaGT,People & Blogs,guatemala seguridad,topic,8568,2026-01-20T09:57:29-08:00,0,1,252,https://www.youtube.com/watch?v=677N9cx_kKE,0,0,0,0,False
kjwvEESqSHA,¿VALE la PENA VIAJAR de GUATEMALA a  XELA en BUS?  Descúbrelo,UCDfEVbDrimcKw5lfbps915g,De todo Gt,@detodogt,People & Blogs,guatemala transporte,topic,216172,2025-03-02T16:57:00-08:00,21,1,879,https://www.youtube.com/watch?v=kjwvEESqSHA,0,0,0,0,False
6y3KQmmg3Oc,Noticiero El Informativo. Nuestra semana de resultados.,UC-ZtFBHzgkYFh7whZkuR_Ag,Gobierno de la República de Guatemala,@GobiernodelaRepublicadeGuatema,Entertainment,Gobierno de la República de Guatemala,topic,303,2026-08-24T10:58:38-07:00,0,1,55,https://www.youtube.com/watch?v=6y3KQmmg3Oc,0,0,0,0,False
6Wf0ItQUaDU,“Queremos generar 60 mil empleos”: Victorino Carranza revela el plan y las pérdidas de la Gremipe,UCoXuxT5_LclvcoCeFoS_iUw,Campus TV,@CampusTVHD,News & Politics,@quorumgt,topic,2,2026-09-01T15:07:04-07:00,0,1,514,https://www.youtube.com/watch?v=6Wf0ItQUaDU,0,0,0,0,False
6KlI_geqPOI,Conferencia de Prensa del Gobierno de Guatemala. #LaRondaGt.,UC-ZtFBHzgkYFh7whZkuR_Ag,Gobierno de la República de Guatemala,@GobiernodelaRepublicadeGuatema,Entertainment,@GobiernodeGuatemala,topic,2301,2025-08-04T08:08:27-07:00,0,1,59,https://www.youtube.com/watch?v=6KlI_geqPOI,0,0,0,0,False
-E7OPOLjMug,BERNARDO ARÉVALO CALIFICA CAMBIO EN EL MP COMO EL FIN DE UNA ETAPA DE DETERIORO INSTITUCIONAL,UCgItjn_ZWFWcv1MlpKIkqgQ,IDocumenta,@iDocumenta,People & Blogs,@GobiernodelaRepublicadeGuatema,topic,4,2026-05-13T16:00:03-07:00,0,1,390,https://www.youtube.com/watch?v=-E7OPOLjMug,0,0,0,0,False
rjFut_yJcr8,Ministro de CIV conversó sobre los retos  actuales de la infraestructura vial en Guatemala,UC-GLagjBhWAZ3IOWFgzqIAw,Canal Antigua,@miracanalantigua,News & Politics,Ministerio de Comunicaciones Guatemala,official_gov,800,2025-03-01T08:01:01-08:00,4,1,578,https://www.youtube.com/watch?v=rjFut_yJcr8,0,0,0,0,False
rSQKmOX1Tfc,TU VIDA VALE  PROVIAL  TIEMPO AZUL & PAOLA PÉRLOP,UCquHy3UnphbYGF62_j6W_yQ,Mosca Visión,@moscavision,Music,Provial Guatemala,official_gov,5262,2017-09-12T00:58:10-07:00,6,1,573,https://www.youtube.com/watch?v=rSQKmOX1Tfc,0,0,0,0,False
rQEb4el3Lok,"Policía Nacional Civil en busca de mareros, imitadores y colaboradores de grupos delictivos",UCHsYnV67K3J0yJ4QeciVCww,PNCdeGuatemala,@PNCdeGuatemala,News & Politics,Policia Nacional Civil Guatemala,official_gov,9637,2023-05-31T09:58:36-07:00,0,1,0,https://www.youtube.com/watch?v=rQEb4el3Lok,0,0,0,0,False
rNpBtQXUMbE,PMT es ejemplo en Guatemala,UCXa6LVjBzUtmcM3cwbd9e2w,Municipalidad de Guatemala,@MunicipalidaddeGuatemala-1551,News & Politics,PMT Guatemala,official_gov,3212,2013-02-11T06:28:20-08:00,48,1,153,https://www.youtube.com/watch?v=rNpBtQXUMbE,0,0,0,0,False
n31eyGuRKqo,El tráfico en Guatemala nos está enfermando - TanGente Salud Mental,UCGSQ821fpPy-yXL9mUmKbBg,TanGente Podcast,@TanGenteGT,People & Blogs,guatemala trafico,topic,932,2023-06-02T13:23:28-07:00,0,1,426,https://www.youtube.com/watch?v=n31eyGuRKqo,0,0,0,0,False
qFsSnnRdJBg,Avanza construcción de la Estrategia Nacional de Datos Abiertos,UC8u2nvyHewt-mjdWSj0HJmQ,Ministerio de Gobernación,@mingobguate,News & Politics,Ministerio de Gobernacion Guatemala,official_gov,11,2026-08-26T08:00:10-07:00,4,1,64,https://www.youtube.com/watch?v=qFsSnnRdJBg,0,0,0,0,False
pNInRBsPbHE,Encuentro por el agua,UCE4rsXcgDb6e1-a9iTbWzfg,Quorum,@quorumgt,News & Politics,@quorumgt/videos,channel,185,2023-06-06T14:06:29-07:00,0,1,231,https://www.youtube.com/watch?v=pNInRBsPbHE,0,0,0,0,False
nv6wMdQ997Q,PMT en todo,UCXa6LVjBzUtmcM3cwbd9e2w,Municipalidad de Guatemala,@MunicipalidaddeGuatemala-1551,News & Politics,PMT Guatemala,official_gov,2107,2021-01-08T05:00:14-08:00,27,1,303,https://www.youtube.com/watch?v=nv6wMdQ997Q,0,0,0,0,False
nhhXiHI4rrw,Policía Nacional Civil participa en desfile del día del Ejército. #ProtegerYServir,UCHsYnV67K3J0yJ4QeciVCww,PNCdeGuatemala,@PNCdeGuatemala,News & Politics,Policia Nacional Civil Guatemala,official_gov,21534,2023-06-30T12:46:08-07:00,0,1,0,https://www.youtube.com/watch?v=nhhXiHI4rrw,0,0,0,0,False
ncOU7iZR5jY,Carlos Pineda y Andre Pozuelos | Seguridad II- Guatemala tiene solución | Ep. 3,UCInL6HZez6Qn8IHV8Achhxw,Carlos Pineda,@carlospinedaGT,People & Blogs,guatemala seguridad,topic,3279,2026-01-31T10:50:20-08:00,0,1,132,https://www.youtube.com/watch?v=ncOU7iZR5jY,0,0,0,0,False
nPbC8-Ebat4,Pareja de sicarios capturada tras ataque armado contra piloto de autobús,UCHsYnV67K3J0yJ4QeciVCww,PNCdeGuatemala,@PNCdeGuatemala,Science & Technology,Policia Nacional Civil Guatemala,official_gov,70537,2026-08-27T18:47:04-07:00,0,1,407,https://www.youtube.com/watch?v=nPbC8-Ebat4,0,0,0,0,False
nKJhNH86HGE,Se realiza taller de UNICEF sobre el plan de acción de la política pública contra la violencia sexua,UC8u2nvyHewt-mjdWSj0HJmQ,Ministerio de Gobernación,@mingobguate,News & Politics,Ministerio de Gobernacion Guatemala,official_gov,7,2026-08-28T07:21:58-07:00,4,1,64,https://www.youtube.com/watch?v=nKJhNH86HGE,0,0,0,0,False
n4xHxJPNr78,🚫LOS FAMOSOS BUSES ESMERALDA los mas RÁPIDOS DE GUATEMALA 😱,UCDfEVbDrimcKw5lfbps915g,De todo Gt,@detodogt,People & Blogs,guatemala transporte,topic,3152619,2023-03-29T19:34:25-07:00,0,1,1433,https://www.youtube.com/watch?v=n4xHxJPNr78,0,0,0,0,False
qrdEegnTnaY,XVII Promoción de Brigadas PROVIAL,UCuKuUrmHoNaJJHE27Aac9PQ,PROVIAL-CIV,@ProvialOficial_CIV,People & Blogs,Provial Guatemala,official_gov,416,2022-06-23T13:27:30-07:00,0,1,182,https://www.youtube.com/watch?v=qrdEegnTnaY,0,0,0,0,False
OgOICSTSa7k,¡DÉJAME VIVIR! GUATEMALA INTENSIFICA LA LUCHA CONTRA LA CACERÍA ILEGAL DE FAUNA SILVESTRE,UCgItjn_ZWFWcv1MlpKIkqgQ,IDocumenta,@iDocumenta,News & Politics,@GobiernodelaRepublicadeGuatema,topic,6,2026-08-10T19:28:53-07:00,0,1,406,https://www.youtube.com/watch?v=OgOICSTSa7k,0,0,0,0,False
OXf_VvvyIDw,Municipalidad de Guatemala 31/08/2026,UCW_PHqwqCCalvQGOEsVU0jw,Concejales de Oposición - Muni Guate,@ConcejalesOposición,People & Blogs,Municipalidad de Guatemala,topic,28,2026-09-01T05:57:31-07:00,0,2,0,https://www.youtube.com/watch?v=OXf_VvvyIDw,0,0,0,0,False
O6gI0ooBM3E,¿Cómo es el tráfico en Guatemala? 56 días perdidos cada año y una emergencia nacional,UC8mJT9xUcwgEM1vaMaruysw,República TV,@República_tv,News & Politics,guatemala trafico,topic,16786,2026-03-23T14:07:01-07:00,0,1,1140,https://www.youtube.com/watch?v=O6gI0ooBM3E,0,0,0,0,False
NnKpTEfhWjI,✅ ASÍ es una EXHIBICION DE BUSES EN GUATEMALA,UCDfEVbDrimcKw5lfbps915g,De todo Gt,@detodogt,Travel & Events,guatemala transporte,topic,424874,2023-12-14T15:58:12-08:00,0,1,1502,https://www.youtube.com/watch?v=NnKpTEfhWjI,0,0,0,0,False
Nc_Iy0MriYw,🛑🛑Actualización PROVIAL🛑🛑,UCuKuUrmHoNaJJHE27Aac9PQ,PROVIAL-CIV,@ProvialOficial_CIV,News & Politics,Provial Guatemala,official_gov,179,2024-06-21T10:54:44-07:00,6,1,100,https://www.youtube.com/watch?v=Nc_Iy0MriYw,0,0,0,0,False
NcIcixCdQH4,PNC garantiza seguridad a turistas que visitan el colcán de Agua,UCHsYnV67K3J0yJ4QeciVCww,PNCdeGuatemala,@PNCdeGuatemala,Science & Technology,Policia Nacional Civil Guatemala,official_gov,7681,2026-08-29T17:32:47-07:00,0,1,407,https://www.youtube.com/watch?v=NcIcixCdQH4,0,0,0,0,False
NCvoO61aIfw,Ya casi! Así avanza el Aerómetro que cambiará el transporte en Guatemala,UCkXkEfAaEGxUaIT6TBBkwMw,One Life,@onelife5106,Entertainment,guatemala transporte,topic,26744,2026-07-24T15:48:12-07:00,31,1,1919,https://www.youtube.com/watch?v=NCvoO61aIfw,0,0,0,0,False
D4CEpAfkkPI,Policías arremeten contra agente de PMT en zona 10,UCEepOY2svuxbsJ-zsAPT9Fg,PrensaLibreOficial,@PrensaLibreOficial,News & Politics,PMT Guatemala,official_gov,79044,2013-04-12T08:39:31-07:00,10,1,256,https://www.youtube.com/watch?v=D4CEpAfkkPI,0,0,0,0,False
Mme4XikKnlc,Municipalidad anuncia 111 nuevos autobuses y 17 rutas para mejorar el transporte en la capital,UCEepOY2svuxbsJ-zsAPT9Fg,PrensaLibreOficial,@PrensaLibreOficial,News & Politics,guatemala transporte,topic,3146,2025-09-22T11:08:36-07:00,9,1,1071,https://www.youtube.com/watch?v=Mme4XikKnlc,0,0,0,0,False
Mh94uXZvCLo,DE LOS BOTS AL RECHAZO: CERIMEDO Y LA “GUERRILLA DE LAS REDES” | CAPÍTULO 3 DE 8,UCBDxkiJk5id4TIOa1FotGUA,La  Coma,@lacomanoticias,News & Politics,@quorumgt,topic,21,2026-08-31T17:33:11-07:00,15,1,1412,https://www.youtube.com/watch?v=Mh94uXZvCLo,0,0,0,0,False
MdIa2Dtj77I,"Consejos para tu viaje a Guatemala: hospedaje, telefonía, transporte y más!   ✈️ 🇬🇹",UCZyaNecz9ugVReNcNfXXurA,Aventuras de una programadora,@soymildredsilva,People & Blogs,guatemala transporte,topic,134775,2023-05-11T17:45:00-07:00,0,1,349,https://www.youtube.com/watch?v=MdIa2Dtj77I,0,0,0,0,False
MRJ9mKnXR9M,Labor de la PMT es honesta aseguran vecinos,UCXa6LVjBzUtmcM3cwbd9e2w,Municipalidad de Guatemala,@MunicipalidaddeGuatemala-1551,People & Blogs,PMT Guatemala,official_gov,1075,2010-01-27T14:53:36-08:00,3,1,168,https://www.youtube.com/watch?v=MRJ9mKnXR9M,0,0,0,0,False
MMECHN8SFNw,"Noticiero en Directo 1 pm, 27 de Agosto de 2026",UCdSVqHGHzyMTXSafUHY-e-w,Noticiero Guatevisión 13 Hrs.,@GuatevisionNoticiero,News & Politics,guatemala noticias,topic,4838,2026-08-28T10:35:09-07:00,7,1,164,https://www.youtube.com/watch?v=MMECHN8SFNw,0,0,0,0,False
LqY_vAsa4PY,“Guatemala: Una historia escrita con corrupción”,UCBQ9OCZNvmC--OH_e-qGGiA,PFNSE MEDIA,@PFNSEMEDIA,News & Politics,guatemala politica,topic,2291,2025-08-26T19:00:32-07:00,4,1,220,https://www.youtube.com/watch?v=LqY_vAsa4PY,0,0,0,0,False
LeN6wpNIB-4,GUATEMALA RECIBE 135 NICARAGUENESES LIBERADOS POR ORTEGA,UCgItjn_ZWFWcv1MlpKIkqgQ,IDocumenta,@iDocumenta,People & Blogs,@GobiernodelaRepublicadeGuatema,topic,28,2024-09-06T11:01:37-07:00,0,1,469,https://www.youtube.com/watch?v=LeN6wpNIB-4,0,0,0,0,False
LRzZy8xBrjA,Conferencia de prensa ante el incremento de los combustibles.,UC-ZtFBHzgkYFh7whZkuR_Ag,Gobierno de la República de Guatemala,@GobiernodelaRepublicadeGuatema,Entertainment,Gobierno de Guatemala,official_gov,670,2026-07-24T15:11:33-07:00,0,1,61,https://www.youtube.com/watch?v=LRzZy8xBrjA,0,0,0,0,False
N1QkRu38BFE,¡YA CAYÓ ALITO MORENO! ALERTA LO DESTITUYEN DIPUTADOS VOTAN PARA SACARLO DEL SENADO! CLAUDIA INFORMA,UC2EbdGoJZwR_WvkmB0i4rMg,Alexis Burelo,@alexisburelo,News & Politics,@GobiernodelaRepublicadeGuatema,topic,15747,2026-08-31T20:13:11-07:00,0,1,167,https://www.youtube.com/watch?v=N1QkRu38BFE,0,0,0,0,False
TSID63-IC3Y,Operativo Relámpago de -PROVIAL - DGT - DIACO -  en 41 Calle Zona 8 de la ciudad Capital.,UCuKuUrmHoNaJJHE27Aac9PQ,PROVIAL-CIV,@ProvialOficial_CIV,People & Blogs,Provial Guatemala,official_gov,332,2022-12-21T08:21:20-08:00,0,1,836,https://www.youtube.com/watch?v=TSID63-IC3Y,0,0,0,0,False
THY2YBne3QE,"Los ALUCINANTES autobuses de Guatemala | ""Burras""",UCECJDeK0MNapZbpaOzxrUPA,Luisito Comunica,@luisitocomunica,Comedy,guatemala transporte,topic,8190449,2019-07-31T14:00:02-07:00,17,1,523,https://www.youtube.com/watch?v=THY2YBne3QE,0,0,0,0,False
SryjaiL2B4Q,#EnVivoDCA | Conferencia de prensa del Gobierno de Guatemala,UCaivrAhro2BpsJdrPe-IyRg,Diario de Centro América,@dcaguatemala,News & Politics,Gobierno de Guatemala,official_gov,352,2026-06-16T00:41:24-07:00,0,1,57,https://www.youtube.com/watch?v=SryjaiL2B4Q,0,0,0,0,False
lAsODhYGcTE,Gobierno busca a toda costa sacar a Consuelo Porras,UCzPhFkpD8lwvlX8nGpJqdUw,Noticias VR,@noticiasvr,People & Blogs,@GobiernodelaRepublicadeGuatema,topic,3,2024-04-08T16:33:43-07:00,0,1,258,https://www.youtube.com/watch?v=lAsODhYGcTE,0,0,0,0,False
Rk-3ks9mh3o,CIV ✔️ garantiza transparencia 🔍 y rendición de cuentas📝,UCAutgrPkiLhZxTB-Ujje1fw,CIV -Ministerio de Comunicaciones,@CIV_Guatemala,News & Politics,Ministerio de Comunicaciones Guatemala,official_gov,21,2024-07-09T11:35:29-07:00,0,1,345,https://www.youtube.com/watch?v=Rk-3ks9mh3o,0,0,0,0,False
RjG-y7Y2-k4,#EnVivoDCA | Conferencia de prensa del Gobierno de Guatemala,UCaivrAhro2BpsJdrPe-IyRg,Diario de Centro América,@dcaguatemala,News & Politics,Gobierno de Guatemala,topic,239,2026-04-21T00:14:15-07:00,0,1,57,https://www.youtube.com/watch?v=RjG-y7Y2-k4,0,0,0,0,False
RIpKKQh26cg,Ejército de Guatemala descubre túnel para fuga masiva en penal de Pavón,UCt5Dw7ePnn0AqPqRF8Xpjkw,TN23 Guatemala,@TN23TodoNoticias,News & Politics,guatemala noticias,topic,29782,2026-08-26T16:00:06-07:00,15,1,771,https://www.youtube.com/watch?v=RIpKKQh26cg,0,0,0,0,False
R-fRv_WoZOE,Conferencia de Prensa del Gobierno de Guatemala. #LaRondaGT,UC-ZtFBHzgkYFh7whZkuR_Ag,Gobierno de la República de Guatemala,@GobiernodelaRepublicadeGuatema,Entertainment,@GobiernodeGuatemala,topic,1284,2025-11-10T19:48:09-08:00,0,1,59,https://www.youtube.com/watch?v=R-fRv_WoZOE,0,0,0,0,False
On7jqOm1bpg,🌟Seguimos avanzando🌱,UCAutgrPkiLhZxTB-Ujje1fw,CIV -Ministerio de Comunicaciones,@CIV_Guatemala,News & Politics,Ministerio de Comunicaciones Guatemala,official_gov,10,2025-01-10T11:58:03-08:00,0,1,254,https://www.youtube.com/watch?v=On7jqOm1bpg,0,0,0,0,False
QUG4etpjgos,Guatemala Habla sobre la seguridad en el país,UCaivrAhro2BpsJdrPe-IyRg,Diario de Centro América,@dcaguatemala,News & Politics,guatemala seguridad,topic,35,2024-08-09T16:45:29-07:00,8,1,118,https://www.youtube.com/watch?v=QUG4etpjgos,0,0,0,0,False
Q7nhEeibBK4,Desfile navideño 2024  -   @MunicipalidaddeGuatemala-1551,UCbKjY2f2sGaghyrIeqjZvmg,ALIS MOLINA CREA,@ALISMOLINACREA,Entertainment,@MunicipalidaddeGuatemala-1551,topic,255,2024-11-19T19:32:49-08:00,0,1,371,https://www.youtube.com/watch?v=Q7nhEeibBK4,0,0,0,0,False
Q7j1OUxkn9w,Dañan puerta del área de parqueo del Congreso,UCmoP9Lvc92Bsl4Vu90kv9GQ,InfoGT Noticias,@infogtnoticias1325,People & Blogs,@quorumgt,topic,4725,2021-10-19T15:05:30-07:00,0,1,166,https://www.youtube.com/watch?v=Q7j1OUxkn9w,0,0,0,0,False
Q-MNTYsZgk4,¿Qué ha pasado con la contaminación del aire?,UCE4rsXcgDb6e1-a9iTbWzfg,Quorum,@quorumgt,News & Politics,@quorumgt/videos,channel,45,2025-07-28T08:10:17-07:00,0,1,252,https://www.youtube.com/watch?v=Q-MNTYsZgk4,0,0,0,0,False
Pg1qw0KJI4E,"Surgen detalles de la masacre en Boca del Monte: madre de un bombero e influencer, entre víctimas",UCEepOY2svuxbsJ-zsAPT9Fg,PrensaLibreOficial,@PrensaLibreOficial,News & Politics,guatemala noticias,topic,20503,2026-07-26T20:21:50-07:00,4,1,652,https://www.youtube.com/watch?v=Pg1qw0KJI4E,0,0,0,0,False
PMaSDoG0H1U,¿Adiós al tráfico? Así es la nueva carretera Radial 6 para Guatemala,UCMJ_FUWKr7PyXfvY55BdGZg,La Red 1061,@laredguatemala,News & Politics,guatemala trafico,topic,60,2026-08-19T10:38:21-07:00,6,1,1136,https://www.youtube.com/watch?v=PMaSDoG0H1U,0,0,0,0,False
Oztw_Hta52I,TRAFICO EN GUATEMALA,UC6ZUGqkstVjgNPvxtb90d8A,CHAPINISIMO,@angelvasquez7611,Entertainment,guatemala trafico,topic,2326,2021-07-27T10:07:43-07:00,0,1,57,https://www.youtube.com/watch?v=Oztw_Hta52I,0,0,0,0,False
Oy6sKBhduu4,"Realizan Reunión Ordinaria de #CODEDE, 25 de febrero 2025.",UC_ONTY8RI6b-VqB-dhQ5qBQ,Camarita Castro GT,@camaritacastrogt,People & Blogs,@GobiernodelaRepublicadeGuatema,topic,84,2025-02-25T23:18:35-08:00,0,1,175,https://www.youtube.com/watch?v=Oy6sKBhduu4,0,0,0,0,False
Qc_oHqe4Cjc,QUÉ GUARDAS EN LA CINTURA?  🔫🥕🥓🐷🤔@lilyvlogs6899 @ElJuanete1987 @Soychap1n @SimplementeFlori,UCzwR2o8LFAgAMfO0KIcFh0A,CANALES ROBOS Y MENTIRAS 💰🧐,@robosymentiras,People & Blogs,@GobiernodelaRepublicadeGuatema,topic,2166,2025-10-24T13:25:04-07:00,27,1,1273,https://www.youtube.com/watch?v=Qc_oHqe4Cjc,0,0,0,0,False
G2u4Rbq7zU4,Arévalo anuncia nueva cárcel de máxima seguridad en Guatemala,UCt5Dw7ePnn0AqPqRF8Xpjkw,TN23 Guatemala,@TN23TodoNoticias,News & Politics,guatemala seguridad,topic,6327,2025-10-15T18:15:03-07:00,7,1,79,https://www.youtube.com/watch?v=G2u4Rbq7zU4,0,0,0,0,False
FuTz67jS7m0,124 nuevos brigadas refuerzan la seguridad vial en Guatemala,UCuKuUrmHoNaJJHE27Aac9PQ,PROVIAL-CIV,@ProvialOficial_CIV,Education,Provial Guatemala,official_gov,45,2026-01-06T15:24:15-08:00,0,1,823,https://www.youtube.com/watch?v=FuTz67jS7m0,0,0,0,0,False
Fb2Ccfq5S9w,Reo y su esposa fueron asesinados dentro del Preventivo de zona 18,UCt5Dw7ePnn0AqPqRF8Xpjkw,TN23 Guatemala,@TN23TodoNoticias,News & Politics,guatemala noticias,topic,15431,2026-08-02T21:00:25-07:00,6,1,256,https://www.youtube.com/watch?v=Fb2Ccfq5S9w,0,0,0,0,False
Fapc1-8m5Zc,Municipalidad de Guatemala 21/11/2025,UCW_PHqwqCCalvQGOEsVU0jw,Concejales de Oposición - Muni Guate,@ConcejalesOposición,People & Blogs,@MunicipalidaddeGuatemala-1551,topic,282,2025-11-21T16:02:43-08:00,0,1,0,https://www.youtube.com/watch?v=Fapc1-8m5Zc,0,0,0,0,False
FU5zLTb4inc,#EnVivoDCA | Conferencia de prensa del Gobierno de Guatemala,UCaivrAhro2BpsJdrPe-IyRg,Diario de Centro América,@dcaguatemala,News & Politics,Gobierno de Guatemala,topic,549,2026-04-13T20:32:05-07:00,0,1,47,https://www.youtube.com/watch?v=FU5zLTb4inc,0,0,0,0,False
FQP4JTo9ShA,Rafael Carrera y el nacimiento de Guatemala,UCvegRo82EipXUzAHQXZmr4A,MundoHistoria,@MundoHistoriaTV,Education,Gobierno de la República de Guatemala,topic,1420,2025-12-14T07:00:00-08:00,7,1,1000,https://www.youtube.com/watch?v=FQP4JTo9ShA,0,0,0,0,False
FEc1BCuBiDg,¡Estamos con ustedes!,UCXa6LVjBzUtmcM3cwbd9e2w,Municipalidad de Guatemala,@MunicipalidaddeGuatemala-1551,News & Politics,@MunicipalidaddeGuatemala-1551,topic,1562,2012-11-09T05:36:43-08:00,28,1,301,https://www.youtube.com/watch?v=FEc1BCuBiDg,0,0,0,0,False
F72Rdq5crG4,Cambios en el Ministerio de Comunicaciones: Salen Lizzette Benítez y Adrián Zapata Alamilla,UC-GLagjBhWAZ3IOWFgzqIAw,Canal Antigua,@miracanalantigua,News & Politics,Ministerio de Comunicaciones Guatemala,official_gov,1441,2024-10-17T17:31:06-07:00,4,1,648,https://www.youtube.com/watch?v=F72Rdq5crG4,0,0,0,0,False
KkNQhX_kg8A,🇬🇹HISTORIA de GUATEMALA en 17 minutos🇬🇹 - El Mapa de Sebas,UCVbOEcs6RMxXXX3WWNtl_Fw,El Mapa de Sebas,@ElMapadeSebas,Education,guatemala politica,topic,749356,2019-11-15T17:53:51-08:00,33,1,602,https://www.youtube.com/watch?v=KkNQhX_kg8A,0,0,0,0,False
EQDcEgFpXCk,Guatemala: Gobierno refuerza lucha contra las pandillas en medio de crisis de seguridad,UCUdOoVWuWmgo1wByzcsyKDQ,FRANCE 24 Español,@France24_es,News & Politics,guatemala seguridad,topic,5459,2026-05-28T14:23:29-07:00,5,1,866,https://www.youtube.com/watch?v=EQDcEgFpXCk,0,0,0,0,False
ELhvo8YnYnI,Insivumeh prevé lluvias fuertes por dos ondas del este,UCt5Dw7ePnn0AqPqRF8Xpjkw,TN23 Guatemala,@TN23TodoNoticias,News & Politics,guatemala lluvias,topic,5182,2026-08-17T17:00:20-07:00,11,1,68,https://www.youtube.com/watch?v=ELhvo8YnYnI,0,0,0,0,False
EGfy1BxGLIk,Colabore con las medidas de la PMT,UCXa6LVjBzUtmcM3cwbd9e2w,Municipalidad de Guatemala,@MunicipalidaddeGuatemala-1551,Education,PMT Guatemala,official_gov,1437,2011-01-28T15:15:16-08:00,8,1,167,https://www.youtube.com/watch?v=EGfy1BxGLIk,0,0,0,0,False
DkxSkQipYwo,PRESIDENTE BERNARDO ARÉVALO PARTICIPA EN EL ACTO CONMEMORATIVO DEL DÍA DEL EJÉRCITO,UCgItjn_ZWFWcv1MlpKIkqgQ,IDocumenta,@iDocumenta,News & Politics,@GobiernodelaRepublicadeGuatema,topic,66,2026-07-02T18:48:47-07:00,0,1,359,https://www.youtube.com/watch?v=DkxSkQipYwo,0,0,0,0,False
DX5eT-hVU8Q,250 años Ciudad de Guatemala,UCXa6LVjBzUtmcM3cwbd9e2w,Municipalidad de Guatemala,@MunicipalidaddeGuatemala-1551,News & Politics,Municipalidad de Guatemala,official_gov,491,2026-01-11T14:14:18-08:00,0,1,182,https://www.youtube.com/watch?v=DX5eT-hVU8Q,0,0,0,0,False
DMAKF8n0XJs,Guatemala TV • ID (2024-2026),UC7G_DpDtzHv0wbGJvvFCrNg,Mdpls²,@mdpls2,Film & Animation,@GobiernodelaRepublicadeGuatema,topic,367,2024-05-05T20:52:04-07:00,0,1,437,https://www.youtube.com/watch?v=DMAKF8n0XJs,0,0,0,0,False
DC1_qrLUvHI,Municipalidad de Guatemala 26/08/2026,UCW_PHqwqCCalvQGOEsVU0jw,Concejales de Oposición - Muni Guate,@ConcejalesOposición,People & Blogs,Municipalidad de Guatemala,topic,49,2026-08-26T17:02:16-07:00,0,1,0,https://www.youtube.com/watch?v=DC1_qrLUvHI,0,0,0,0,False
DBvMeKT4gzo,La Familia MÁS RICA de GUATEMALA… Ni la Guerra les Quitó el Trono y Hoy son DUEÑOS de tu CERVEZA,UCP1YKuLnn1WhzrkxCv1LILQ,Fortuna Latina,@fortunalatinaoficial,People & Blogs,guatemala noticias,topic,58881,2026-08-28T15:07:29-07:00,19,1,1220,https://www.youtube.com/watch?v=DBvMeKT4gzo,0,0,0,0,False
EZfm-05qtWo,Municipalidad de Guatemala prepara plan de actividades en Semana Santa 2023,UCFu4dCls6GPdTvgIeE9wjOA,Cucurucho en Guatemala,@CucuruchoenGuatemala,People & Blogs,@MunicipalidaddeGuatemala-1551,topic,128,2023-03-24T10:50:24-07:00,5,1,236,https://www.youtube.com/watch?v=EZfm-05qtWo,0,0,0,0,False
KWCyMd4dxkY,Recorrido de los 21K BAM de la Municipalidad de Guatemala,UCXa6LVjBzUtmcM3cwbd9e2w,Municipalidad de Guatemala,@MunicipalidaddeGuatemala-1551,News & Politics,Municipalidad de Guatemala,official_gov,13077,2017-07-27T15:37:42-07:00,45,1,119,https://www.youtube.com/watch?v=KWCyMd4dxkY,0,0,0,0,False
KIO6wIJXYY0,"Se tiene que cambiar el sistema electoral en Guatemala, asegura exfiscal",UC_lEiu6917IJz03TnntWUaQ,CNN en Español,@cnnee,News & Politics,guatemala politica,topic,16830,2026-02-14T10:30:06-08:00,7,1,1158,https://www.youtube.com/watch?v=KIO6wIJXYY0,0,0,0,0,False
K50uijsHnAM,Informe desde Ciudad de Guatemala: crisis de seguridad tras ataques contra la Policía,UCUdOoVWuWmgo1wByzcsyKDQ,FRANCE 24 Español,@France24_es,News & Politics,guatemala seguridad,topic,135249,2026-01-18T17:33:25-08:00,7,1,1004,https://www.youtube.com/watch?v=K50uijsHnAM,0,0,0,0,False
K2qWcueeMOc,#EnvivoDCA | Conferencia de prensa de Gobierno de Guatemala,UCaivrAhro2BpsJdrPe-IyRg,Diario de Centro América,@dcaguatemala,News & Politics,Gobierno de Guatemala,official_gov,802,2026-07-24T15:05:25-07:00,0,1,59,https://www.youtube.com/watch?v=K2qWcueeMOc,0,0,0,0,False
K1IA6oTGws8,#EnVivoDCA | Conferencia de prensa del Gobierno de Guatemala,UCaivrAhro2BpsJdrPe-IyRg,Diario de Centro América,@dcaguatemala,News & Politics,Gobierno de Guatemala,official_gov,530,2026-04-28T00:34:45-07:00,0,1,57,https://www.youtube.com/watch?v=K1IA6oTGws8,0,0,0,0,False
Jr1hJ92H_Nc,"#SinMáscaras | GUERRA SUCIA PERO SUCIA EN SERIO LLEGA A TV AZTECA CON AMPARO, CAMIN Y CASTAÑEDA",UCH4M_4Ed6SUidQthmZ60M2g,Manuel Pedrero,@ManuelPedreroOficial,News & Politics,@GobiernodelaRepublicadeGuatema,topic,62941,2026-09-01T17:31:43-07:00,0,1,436,https://www.youtube.com/watch?v=Jr1hJ92H_Nc,0,0,0,0,False
JgmCtBQWNL8,Conferencia de Prensa del Gobierno de Guatemala. #LaRondaGt,UC-ZtFBHzgkYFh7whZkuR_Ag,Gobierno de la República de Guatemala,@GobiernodelaRepublicadeGuatema,Entertainment,@GobiernodeGuatemala,topic,1165,2025-03-06T20:34:24-08:00,0,1,59,https://www.youtube.com/watch?v=JgmCtBQWNL8,0,0,0,0,False
JdxHJkQjM50,🚡 ¿Cómo va avanzando #AeroMetroGT?,UCXa6LVjBzUtmcM3cwbd9e2w,Municipalidad de Guatemala,@MunicipalidaddeGuatemala-1551,News & Politics,Municipalidad de Guatemala,topic,20901,2026-08-01T13:58:05-07:00,0,1,385,https://www.youtube.com/watch?v=JdxHJkQjM50,0,0,0,0,False
GgU7qhmf020,Sueños GT: educación para la niñez de vendedores ambulantes en Antigua | Super - Episodio 1,UCE4rsXcgDb6e1-a9iTbWzfg,Quorum,@quorumgt,Nonprofits & Activism,@quorumgt,topic,167,2026-06-12T18:15:06-07:00,0,1,696,https://www.youtube.com/watch?v=GgU7qhmf020,0,0,0,0,False
JErfmk-TlRg,Rendición de Cuentas - Primer Cuatrimestre 2023,UCAutgrPkiLhZxTB-Ujje1fw,CIV -Ministerio de Comunicaciones,@CIV_Guatemala,People & Blogs,Ministerio de Comunicaciones Guatemala,official_gov,32,2023-07-04T10:17:02-07:00,0,1,179,https://www.youtube.com/watch?v=JErfmk-TlRg,0,0,0,0,False
J6ctng-yAnI,CIV PROVIAL GRADUACIÓN XV PROMOCIÓN BRIGADAS 140619,UCAutgrPkiLhZxTB-Ujje1fw,CIV -Ministerio de Comunicaciones,@CIV_Guatemala,People & Blogs,Provial Guatemala,official_gov,2981,2019-06-25T21:50:12-07:00,0,1,0,https://www.youtube.com/watch?v=J6ctng-yAnI,0,0,0,0,False
IcF9rRdAtp8,Ministro de Comunicaciones Alejandro Sinibaldi realiza supervisión en la Ruta CA-1 Occidente,UCiQAWoQNcuKIAvCCFQC54UQ,Ministerio de Comunicaciones Infraestructura y Vivienda,@CIVguatemala,People & Blogs,Ministerio de Comunicaciones Guatemala,official_gov,211,2012-07-04T15:12:02-07:00,6,1,240,https://www.youtube.com/watch?v=IcF9rRdAtp8,0,0,0,0,False
IZLflL4Hgco,El ciudadano Toriello da un paso al frente,UCGSQ821fpPy-yXL9mUmKbBg,TanGente Podcast,@TanGenteGT,Entertainment,guatemala politica,topic,28013,2026-08-25T16:00:38-07:00,0,1,1197,https://www.youtube.com/watch?v=IZLflL4Hgco,0,0,0,0,False
I277M6i4jnY,Gestión del Riesgo de Desastres desde las comunidades.,UC-ZtFBHzgkYFh7whZkuR_Ag,Gobierno de la República de Guatemala,@GobiernodelaRepublicadeGuatema,Entertainment,Gobierno de la República de Guatemala,topic,242,2026-08-22T04:47:26-07:00,0,1,54,https://www.youtube.com/watch?v=I277M6i4jnY,0,0,0,0,False
H_TGv_cMwww,PMT: La fuerza laboral reguladora del tránsito más grande,UCXa6LVjBzUtmcM3cwbd9e2w,Municipalidad de Guatemala,@MunicipalidaddeGuatemala-1551,News & Politics,PMT Guatemala,official_gov,2383,2017-10-31T07:28:40-07:00,43,1,253,https://www.youtube.com/watch?v=H_TGv_cMwww,0,0,0,0,False
HMJXf1VdM5E,Lluvia inusual de Martes Santo provoca inundaciones en zona 1 de Villa Nueva,UCEepOY2svuxbsJ-zsAPT9Fg,PrensaLibreOficial,@PrensaLibreOficial,News & Politics,guatemala lluvias,topic,1688,2026-04-01T07:55:33-07:00,17,1,533,https://www.youtube.com/watch?v=HMJXf1VdM5E,0,0,0,0,False
GjGMSFSE1gY,"“Gracias a dios, no hay reelección” 🤡",UCE4rsXcgDb6e1-a9iTbWzfg,Quorum,@quorumgt,News & Politics,@quorumgt/videos,channel,130,2022-05-12T17:11:45-07:00,0,1,64,https://www.youtube.com/watch?v=GjGMSFSE1gY,0,0,0,0,False
J_HBzJUTOus,Presentan estrategia nacional para prevenir violencia durante recorridos de antorchas,UC8u2nvyHewt-mjdWSj0HJmQ,Ministerio de Gobernación,@mingobguate,News & Politics,Ministerio de Gobernacion Guatemala,official_gov,17,2026-08-29T08:11:07-07:00,4,1,64,https://www.youtube.com/watch?v=J_HBzJUTOus,0,0,0,0,False
