node_id,raw_id,node_type,bipartite_set,display_name,handle,channel_id,channel_name,category,source_query,source_group,view_count,degree,strength,n_comentarios_observados,n_videos_comentados,n_canales_comentados,n_autores_observados,me_gusta_recibidos,respuestas_recibidas,largo_medio_comentario
A:UCi2KiZq63sRq8Mfbcp-MelQ,UCi2KiZq63sRq8Mfbcp-MelQ,author,0,@eugeneramirez4405,@eugeneramirez4405,,,,,,,1,6,6,1,1,0,1,0,55.8
A:UCyJhqmMbsvjpoarBBStA2kg,UCyJhqmMbsvjpoarBBStA2kg,author,0,@Murmullodelbarrio,@Murmullodelbarrio,,,,,,,1,6,6,1,1,0,14,0,105.3
A:UC5H8ASmMC9WrURmzeB4ySog,UC5H8ASmMC9WrURmzeB4ySog,author,0,@ManuelEdran,@ManuelEdran,,,,,,,1,5,5,1,1,0,6,0,45.4
A:UCV3fr-YOixFKCZBbJP1-X4w,UCV3fr-YOixFKCZBbJP1-X4w,author,0,@albertoshernandez5251,@albertoshernandez5251,,,,,,,1,5,5,1,1,0,17,0,137.2
A:UC9vMq1YF-e7C-VO0SHkbUTA,UC9vMq1YF-e7C-VO0SHkbUTA,author,0,@ErvinLeonardoCarreraLatín,@ErvinLeonardoCarreraLatín,,,,,,,1,4,4,1,1,0,0,0,92.2
A:UCvcu1kR8xMYy_I1Ty-2mV2Q,UCvcu1kR8xMYy_I1Ty-2mV2Q,author,0,@hashojea7348,@hashojea7348,,,,,,,3,4,4,3,1,0,0,0,41.5
A:UC3XTwHxygNCgjndsg-UiCQA,UC3XTwHxygNCgjndsg-UiCQA,author,0,@marioajset4283,@marioajset4283,,,,,,,1,3,3,1,1,0,2,0,116.7
A:UC72gBAtyb_VXQlYDcFrh6oQ,UC72gBAtyb_VXQlYDcFrh6oQ,author,0,@osmanmorales3012,@osmanmorales3012,,,,,,,1,3,3,1,1,0,19,0,47.3
A:UCFjudnPLoaSL1BaRuLahyHg,UCFjudnPLoaSL1BaRuLahyHg,author,0,@HaroldoCastillo-rh9iw,@HaroldoCastillo-rh9iw,,,,,,,1,3,3,1,1,0,3,0,55.3
A:UCHTGCgY2l-DQJIvlA_cpa_Q,UCHTGCgY2l-DQJIvlA_cpa_Q,author,0,@virgiliogarcia3039,@virgiliogarcia3039,,,,,,,2,3,3,2,2,0,14,0,199.0
A:UCNIeXbV_mEwpa412h1aqUWw,UCNIeXbV_mEwpa412h1aqUWw,author,0,@juandeleon9060,@juandeleon9060,,,,,,,1,3,3,1,1,0,3,1,67.3
A:UCg3eIfd7BrsLEqS0BLkftHA,UCg3eIfd7BrsLEqS0BLkftHA,author,0,@ErmePérez-q4s,@ErmePérez-q4s,,,,,,,1,3,3,1,1,0,0,0,114.7
A:UCh5ESQvtzyHDhCA7XyekCFA,UCh5ESQvtzyHDhCA7XyekCFA,author,0,@andyB5280,@andyB5280,,,,,,,1,3,3,1,1,0,4,0,93.0
A:UChs3tU2BcKOT0CezykvAsGw,UChs3tU2BcKOT0CezykvAsGw,author,0,@byronpontaza,@byronpontaza,,,,,,,1,3,3,1,1,0,4,0,160.7
A:UCpsKOkt5iWTbenzeuq7dsmQ,UCpsKOkt5iWTbenzeuq7dsmQ,author,0,@inge_vergueta,@inge_vergueta,,,,,,,3,3,3,3,1,0,4,0,91.0
A:UCylqlpsh8ENNM1LqgQ1KbxA,UCylqlpsh8ENNM1LqgQ1KbxA,author,0,@Jel.Awesh.M,@Jel.Awesh.M,,,,,,,2,3,3,2,1,0,1,0,49.0
A:UC-QOpE7GOxlXcHZ8b7HbQKA,UC-QOpE7GOxlXcHZ8b7HbQKA,author,0,@mariaalexander427,@mariaalexander427,,,,,,,1,2,2,1,1,0,0,0,119.0
A:UC7IMsCxfZyWN7YQo8-JYa6Q,UC7IMsCxfZyWN7YQo8-JYa6Q,author,0,@Burgos68,@Burgos68,,,,,,,1,2,2,1,1,0,1,0,363.5
A:UCAxvOOHQk7dYPOajzFEVtbA,UCAxvOOHQk7dYPOajzFEVtbA,author,0,@ruddydepaz322,@ruddydepaz322,,,,,,,1,2,2,1,1,0,0,0,109.5
A:UCBlm80VQ4YoV3bUJR_XhkaQ,UCBlm80VQ4YoV3bUJR_XhkaQ,author,0,@rosadiaz6945,@rosadiaz6945,,,,,,,1,2,2,1,1,0,0,3,58.5
A:UCHhHUjaMAZ8SiXdCUCj9DkQ,UCHhHUjaMAZ8SiXdCUCj9DkQ,author,0,@fredymendez1786,@fredymendez1786,,,,,,,1,2,2,1,1,0,3,0,257.0
A:UCL13XhnRzbGokEkCkEOb0-g,UCL13XhnRzbGokEkCkEOb0-g,author,0,@raquelprado3643,@raquelprado3643,,,,,,,1,2,2,1,1,0,8,0,72.0
A:UCLFdHr9BEbXHkoJopbEPLZw,UCLFdHr9BEbXHkoJopbEPLZw,author,0,@kanterra4584,@kanterra4584,,,,,,,1,2,2,1,1,0,24,0,153.5
A:UCLggDc_a5HriXv7I1h02sOA,UCLggDc_a5HriXv7I1h02sOA,author,0,@guillermogonzalez5153,@guillermogonzalez5153,,,,,,,1,2,2,1,1,0,7,0,85.0
A:UCNBnKqWf4d-rS4HwJRQljmQ,UCNBnKqWf4d-rS4HwJRQljmQ,author,0,@LE_A22,@LE_A22,,,,,,,1,2,2,1,1,0,1,0,298.0
A:UCOLGv5Pf6BF2wFcwUzgcvHg,UCOLGv5Pf6BF2wFcwUzgcvHg,author,0,@welfrealdana5559,@welfrealdana5559,,,,,,,1,2,2,1,1,0,4,0,125.5
A:UCQ_-LPP8JAbfkc-b1Q6NvWw,UCQ_-LPP8JAbfkc-b1Q6NvWw,author,0,@MegaKristenstewart,@MegaKristenstewart,,,,,,,1,2,2,1,1,0,31,0,82.0
A:UCQtICyzWmhC5woCtbNgaSmg,UCQtICyzWmhC5woCtbNgaSmg,author,0,@nestormendez6216,@nestormendez6216,,,,,,,1,2,2,1,1,0,5,0,140.0
A:UCVC2QugcI1G4RvlCiUqd1aQ,UCVC2QugcI1G4RvlCiUqd1aQ,author,0,@rwdm76,@rwdm76,,,,,,,1,2,2,1,1,0,0,0,9.0
A:UCWaRixDdpgllTBf4V0jPnKQ,UCWaRixDdpgllTBf4V0jPnKQ,author,0,@hectormaaz5523,@hectormaaz5523,,,,,,,1,2,2,1,1,0,0,0,228.0
A:UCXXh7yg5KUFIWylTiKVEFKQ,UCXXh7yg5KUFIWylTiKVEFKQ,author,0,@MrDuenderojo,@MrDuenderojo,,,,,,,1,2,2,1,1,0,2,0,83.0
A:UCbrtvygfRT6QXqWDNrOf-cA,UCbrtvygfRT6QXqWDNrOf-cA,author,0,@Alejandro00710,@Alejandro00710,,,,,,,2,2,2,2,1,0,0,0,130.0
A:UCdFlugHJJa4l3YqWuNRmvXw,UCdFlugHJJa4l3YqWuNRmvXw,author,0,@MarcosCarillo-b1r,@MarcosCarillo-b1r,,,,,,,2,2,2,2,2,0,0,1,73.5
A:UCi1b_TRQfgO1Z9O2gNGGWNA,UCi1b_TRQfgO1Z9O2gNGGWNA,author,0,@davidisraelesquitsaquil,@davidisraelesquitsaquil,,,,,,,1,2,2,1,1,0,0,0,470.0
A:UCjZgFEowMBrsjodqfovzdKw,UCjZgFEowMBrsjodqfovzdKw,author,0,@franciscoflores3120,@franciscoflores3120,,,,,,,2,2,2,2,2,0,0,0,35.5
A:UCkd9W714-947dEE6ZOEBATA,UCkd9W714-947dEE6ZOEBATA,author,0,@ARGELIATELON,@ARGELIATELON,,,,,,,1,2,2,1,1,0,3,0,229.0
A:UCoGdCoJg2Lh0OX_jv6cG16g,UCoGdCoJg2Lh0OX_jv6cG16g,author,0,@Israel-u5i7i,@Israel-u5i7i,,,,,,,1,2,2,1,1,0,2,0,38.0
A:UCp29O_C7cchZV8IxV7Crdag,UCp29O_C7cchZV8IxV7Crdag,author,0,@robertoescobar5507,@robertoescobar5507,,,,,,,1,2,2,1,1,0,0,0,36.0
A:UCrJn_rbo_ENAdeqneS-RmRw,UCrJn_rbo_ENAdeqneS-RmRw,author,0,@josecarrera9623,@josecarrera9623,,,,,,,1,2,2,1,1,0,1,0,152.0
A:UCsUCN0Yq_UyTvKjOJLmNrnQ,UCsUCN0Yq_UyTvKjOJLmNrnQ,author,0,@moisesvaldez4043,@moisesvaldez4043,,,,,,,2,2,2,2,2,0,0,0,90.0
A:UCtCtts20bW6F9CSohau51Iw,UCtCtts20bW6F9CSohau51Iw,author,0,@carlosgranados9875,@carlosgranados9875,,,,,,,1,2,2,1,1,0,0,0,160.5
A:UCtNyHmRZtvGF2hSvI2dUBWw,UCtNyHmRZtvGF2hSvI2dUBWw,author,0,@aureliomaldonado4793,@aureliomaldonado4793,,,,,,,1,2,2,1,1,0,1,0,124.0
A:UCut6b9S98nv84cVX89PmKzA,UCut6b9S98nv84cVX89PmKzA,author,0,@yeniferaguirre4498,@yeniferaguirre4498,,,,,,,1,2,2,1,1,0,1,0,330.5
A:UCwW2OFy95P7ZBkOPxWkpvYg,UCwW2OFy95P7ZBkOPxWkpvYg,author,0,@TeresaLucero-b5o,@TeresaLucero-b5o,,,,,,,1,2,2,1,1,0,2,0,39.0
A:UCz3gu01bmjNv0DpRq-K3XYg,UCz3gu01bmjNv0DpRq-K3XYg,author,0,@eusebiovasquez4385,@eusebiovasquez4385,,,,,,,1,2,2,1,1,0,2,0,46.5
A:UCzZ6dDCEsLMXbc5pCFXIprw,UCzZ6dDCEsLMXbc5pCFXIprw,author,0,@josegil3813,@josegil3813,,,,,,,2,2,2,2,1,0,0,0,103.0
A:UC-HeUTT6_g-VoiWds2a4H-w,UC-HeUTT6_g-VoiWds2a4H-w,author,0,@JorgeMunoz-gd9et,@JorgeMunoz-gd9et,,,,,,,1,1,1,1,1,0,0,0,116.0
A:UC-Iul5tDYH_oiAMXQH-KaaQ,UC-Iul5tDYH_oiAMXQH-KaaQ,author,0,@AlbertoMancilla-p9h,@AlbertoMancilla-p9h,,,,,,,1,1,1,1,1,0,1,0,188.0
A:UC-fiZBS5Gp1eCJd9ucgWnCg,UC-fiZBS5Gp1eCJd9ucgWnCg,author,0,@Tommii.10,@Tommii.10,,,,,,,1,1,1,1,1,0,6,0,168.0
A:UC-hfX8J5JPJ-dfuakzegMLA,UC-hfX8J5JPJ-dfuakzegMLA,author,0,@normaleticiaorozcojuarez2418,@normaleticiaorozcojuarez2418,,,,,,,1,1,1,1,1,0,6,0,631.0
A:UC-jS_kA9w-OmpupXDx156Rg,UC-jS_kA9w-OmpupXDx156Rg,author,0,@simoncreyesc7579,@simoncreyesc7579,,,,,,,1,1,1,1,1,0,2,0,55.0
A:UC-pNP6RMFuLg_-x7Ah_0kEA,UC-pNP6RMFuLg_-x7Ah_0kEA,author,0,@almacatalan2717,@almacatalan2717,,,,,,,1,1,1,1,1,0,5,0,117.0
A:UC094EFEmMSdwVa8NQjjYBXg,UC094EFEmMSdwVa8NQjjYBXg,author,0,@CelestinoQuej-j7k,@CelestinoQuej-j7k,,,,,,,1,1,1,1,1,0,0,0,80.0
A:UC0HvfEWozTHbwl_iEmJNvVA,UC0HvfEWozTHbwl_iEmJNvVA,author,0,@OttoPalencia-b7r,@OttoPalencia-b7r,,,,,,,1,1,1,1,1,0,3,0,145.0
A:UC0RpuMwkDKJYqgKHtsJRuWQ,UC0RpuMwkDKJYqgKHtsJRuWQ,author,0,@sabinamarinaguerra3248,@sabinamarinaguerra3248,,,,,,,1,1,1,1,1,0,113,1,73.0
A:UC0aEyakBPqcBkVJiErfSupQ,UC0aEyakBPqcBkVJiErfSupQ,author,0,@jhonymanuel9891,@jhonymanuel9891,,,,,,,1,1,1,1,1,0,70,0,24.0
A:UC14qlobYKqD-DO0j6b75lcA,UC14qlobYKqD-DO0j6b75lcA,author,0,@megavision4488,@megavision4488,,,,,,,1,1,1,1,1,0,0,0,148.0
A:UC1DpqK6vaPEkBOMNvypsKYg,UC1DpqK6vaPEkBOMNvypsKYg,author,0,@HectorCarranza-u4j4o,@HectorCarranza-u4j4o,,,,,,,1,1,1,1,1,0,0,0,206.0
A:UC1NiEdJ7gk6FlDexIalWnGg,UC1NiEdJ7gk6FlDexIalWnGg,author,0,@BorisTebalán,@BorisTebalán,,,,,,,1,1,1,1,1,0,0,0,361.0
A:UC1WlJfQmaIskYhP4gmWoamw,UC1WlJfQmaIskYhP4gmWoamw,author,0,@marthareiss5434,@marthareiss5434,,,,,,,1,1,1,1,1,0,2,1,155.0
A:UC1Y7x3h0c95Z8kUhi-Tzaeg,UC1Y7x3h0c95Z8kUhi-Tzaeg,author,0,@rosadiaz9235,@rosadiaz9235,,,,,,,1,1,1,1,1,0,0,0,172.0
A:UC1vr9aaMI2crB0NvwFHUeoQ,UC1vr9aaMI2crB0NvwFHUeoQ,author,0,@JoseSimilox-p6e,@JoseSimilox-p6e,,,,,,,1,1,1,1,1,0,0,0,152.0
A:UC2Y_EHWQKevubk4vOEBBFxw,UC2Y_EHWQKevubk4vOEBBFxw,author,0,@alfonsomorales2653,@alfonsomorales2653,,,,,,,1,1,1,1,1,0,1,0,173.0
A:UC2ngpd8UBQu4gcUYy0goAtg,UC2ngpd8UBQu4gcUYy0goAtg,author,0,@juliohernandez7438,@juliohernandez7438,,,,,,,1,1,1,1,1,0,0,0,80.0
A:UC2weSE8rpqkGMOp6StYtVfg,UC2weSE8rpqkGMOp6StYtVfg,author,0,@katerynsantiago2907,@katerynsantiago2907,,,,,,,1,1,1,1,1,0,1,0,209.0
A:UC32oozucwCF3q8d4m8fyOUg,UC32oozucwCF3q8d4m8fyOUg,author,0,@RauldejesusOlivagonzalez,@RauldejesusOlivagonzalez,,,,,,,1,1,1,1,1,0,0,0,135.0
A:UC3E9mAgP7VoAE5mZoAexl5g,UC3E9mAgP7VoAE5mZoAexl5g,author,0,@EnnioAroche,@EnnioAroche,,,,,,,1,1,1,1,1,0,0,0,143.0
A:UC3MYTqpQqlWBuCB7Th0e0PA,UC3MYTqpQqlWBuCB7Th0e0PA,author,0,@isaaclopez7220,@isaaclopez7220,,,,,,,1,1,1,1,1,0,4,0,115.0
A:UC3NMzdMYryaw82kPTnsaljg,UC3NMzdMYryaw82kPTnsaljg,author,0,@marisosa7832,@marisosa7832,,,,,,,1,1,1,1,1,0,0,0,46.0
A:UC3UVO7pTbeYvZ3ILEyRDskQ,UC3UVO7pTbeYvZ3ILEyRDskQ,author,0,@rosaelenaargueta79,@rosaelenaargueta79,,,,,,,1,1,1,1,1,0,1,0,57.0
A:UC3YpzAr7pcdKC7BVFEpYzog,UC3YpzAr7pcdKC7BVFEpYzog,author,0,@carmenfigueroa1232,@carmenfigueroa1232,,,,,,,1,1,1,1,1,0,4,1,186.0
A:UC3iIU62XKUOWuqL8BqBzj9A,UC3iIU62XKUOWuqL8BqBzj9A,author,0,@antonioduarte2288,@antonioduarte2288,,,,,,,1,1,1,1,1,0,0,0,90.0
A:UC3qn1yJA5PeW9rkGPatQxiw,UC3qn1yJA5PeW9rkGPatQxiw,author,0,@VICTOREST19,@VICTOREST19,,,,,,,1,1,1,1,1,0,7,0,82.0
A:UC4Avya4kmR4Q0FrfFdBozSQ,UC4Avya4kmR4Q0FrfFdBozSQ,author,0,@davidlima1348,@davidlima1348,,,,,,,1,1,1,1,1,0,11,0,305.0
A:UC4cXueR2bKGFJV0Fk76gwmA,UC4cXueR2bKGFJV0Fk76gwmA,author,0,@aluxdel4792,@aluxdel4792,,,,,,,1,1,1,1,1,0,0,0,199.0
A:UC4kg7zuTfqQKLd2bkZrSYBA,UC4kg7zuTfqQKLd2bkZrSYBA,author,0,@zoilagarcia9019,@zoilagarcia9019,,,,,,,1,1,1,1,1,0,0,0,39.0
A:UC4wq3DcbfaG6dtCqn8Oyu3w,UC4wq3DcbfaG6dtCqn8Oyu3w,author,0,@hugoasencio7764,@hugoasencio7764,,,,,,,1,1,1,1,1,0,1,0,30.0
A:UC5PrBbmUlQolwqmiru7yZhw,UC5PrBbmUlQolwqmiru7yZhw,author,0,@lazarochavez8269,@lazarochavez8269,,,,,,,1,1,1,1,1,0,0,1,352.0
A:UC5PyGvSfFM--OVKmQ3COu6g,UC5PyGvSfFM--OVKmQ3COu6g,author,0,@FreddyGmez,@FreddyGmez,,,,,,,1,1,1,1,1,0,3,0,61.0
A:UC5bG9nc_JV3FsNP2KseQiYw,UC5bG9nc_JV3FsNP2KseQiYw,author,0,@giovannirodas4836,@giovannirodas4836,,,,,,,1,1,1,1,1,0,2,0,313.0
A:UC5fvhAfm89JH8eDFdvc0xYw,UC5fvhAfm89JH8eDFdvc0xYw,author,0,@isaidiaz2388,@isaidiaz2388,,,,,,,1,1,1,1,1,0,0,0,19.0
A:UC5hvEnRUzI4Kfvwnyi4QxqQ,UC5hvEnRUzI4Kfvwnyi4QxqQ,author,0,@leonelsantizo5281,@leonelsantizo5281,,,,,,,1,1,1,1,1,0,2,0,105.0
A:UC5wuDq3U3vRAhOQI3D7gNdw,UC5wuDq3U3vRAhOQI3D7gNdw,author,0,@allanreneramirezgonzalez534,@allanreneramirezgonzalez534,,,,,,,1,1,1,1,1,0,2,1,69.0
A:UC63tFvbQ_hJhGDi2nbjssjw,UC63tFvbQ_hJhGDi2nbjssjw,author,0,@AbigailRodas-w2r,@AbigailRodas-w2r,,,,,,,1,1,1,1,1,0,2,0,65.0
A:UC650pRT-OYzny3GwOH8Cgfw,UC650pRT-OYzny3GwOH8Cgfw,author,0,@edvinparedesherrera7632,@edvinparedesherrera7632,,,,,,,1,1,1,1,1,0,1,0,89.0
A:UC6PvO1_k5lHKGdAPo5_C6TA,UC6PvO1_k5lHKGdAPo5_C6TA,author,0,@johnmejia992,@johnmejia992,,,,,,,1,1,1,1,1,0,1,0,87.0
A:UC6Uj1FT5JjDSF8vudvDxPAA,UC6Uj1FT5JjDSF8vudvDxPAA,author,0,@alfredoortega9264,@alfredoortega9264,,,,,,,1,1,1,1,1,0,1,0,139.0
A:UC6YSZqL0vEcI-niPKIMUGfw,UC6YSZqL0vEcI-niPKIMUGfw,author,0,@maxwellsales885,@maxwellsales885,,,,,,,1,1,1,1,1,0,2,0,174.0
A:UC6xI_MOaxajIWpoP8BH6E_Q,UC6xI_MOaxajIWpoP8BH6E_Q,author,0,@jahirdiaz5862,@jahirdiaz5862,,,,,,,1,1,1,1,1,0,0,0,5.0
A:UC7VUuJr9cGh845CmTvf7TlQ,UC7VUuJr9cGh845CmTvf7TlQ,author,0,@LuisCastillo-oz4df,@LuisCastillo-oz4df,,,,,,,1,1,1,1,1,0,1,0,150.0
A:UC7dadZG7kkGYnsNu6td0FbA,UC7dadZG7kkGYnsNu6td0FbA,author,0,@lesolorzano,@lesolorzano,,,,,,,1,1,1,1,1,0,18,0,55.0
A:UC816IGbFCZinfYS1LRDaaHg,UC816IGbFCZinfYS1LRDaaHg,author,0,@ingenieroar,@ingenieroar,,,,,,,1,1,1,1,1,0,1,0,18.0
A:UC8F2V63KZ4ZEay6opX2hAQw,UC8F2V63KZ4ZEay6opX2hAQw,author,0,@carmenr6311,@carmenr6311,,,,,,,1,1,1,1,1,0,0,0,688.0
A:UC8G5cJONY8L9voMyBW8Eoug,UC8G5cJONY8L9voMyBW8Eoug,author,0,@luisparedes-pw6qt,@luisparedes-pw6qt,,,,,,,1,1,1,1,1,0,0,0,64.0
A:UC8r11yOugM2NuRfitQOxLLg,UC8r11yOugM2NuRfitQOxLLg,author,0,@cesaraugustomoralesmonroy6907,@cesaraugustomoralesmonroy6907,,,,,,,1,1,1,1,1,0,1,0,285.0
A:UC8xlJWNHz1V_W6q3fbuQH8g,UC8xlJWNHz1V_W6q3fbuQH8g,author,0,@NormaLópez-v7e,@NormaLópez-v7e,,,,,,,1,1,1,1,1,0,1,0,25.0
A:UC95PSMouTx2N5CbSq0hIyrQ,UC95PSMouTx2N5CbSq0hIyrQ,author,0,@lisss1908,@lisss1908,,,,,,,1,1,1,1,1,0,0,0,1.0
A:UC9Wp6vL5oCU37qC3Aj94WZA,UC9Wp6vL5oCU37qC3Aj94WZA,author,0,@ManuelSanchez-b8q2z,@ManuelSanchez-b8q2z,,,,,,,1,1,1,1,1,0,0,0,102.0
A:UC9xr9QvIcDvoZNUX5f-jaZw,UC9xr9QvIcDvoZNUX5f-jaZw,author,0,@MariaaliciaColonmorales,@MariaaliciaColonmorales,,,,,,,1,1,1,1,1,0,0,0,186.0
A:UCA93ym2TXs_Ibyxb4Vcn-6Q,UCA93ym2TXs_Ibyxb4Vcn-6Q,author,0,@oswaldosolis8728,@oswaldosolis8728,,,,,,,1,1,1,1,1,0,0,0,57.0
A:UCAKuKvcbfnBD3kF5njNu-IA,UCAKuKvcbfnBD3kF5njNu-IA,author,0,@melvinlopez7096,@melvinlopez7096,,,,,,,1,1,1,1,1,0,0,0,22.0
A:UCAV7QIjYhbDJaycQycM_0eQ,UCAV7QIjYhbDJaycQycM_0eQ,author,0,@mariavail8998,@mariavail8998,,,,,,,1,1,1,1,1,0,3,0,149.0
A:UCAlzM_N6xBlMYmM8EBzX86Q,UCAlzM_N6xBlMYmM8EBzX86Q,author,0,@carlossoto3252,@carlossoto3252,,,,,,,1,1,1,1,1,0,3,0,458.0
A:UCAmtbUiIrUIhikru0ZoTFig,UCAmtbUiIrUIhikru0ZoTFig,author,0,@Aura-vf6dm,@Aura-vf6dm,,,,,,,1,1,1,1,1,0,7,0,11.0
A:UCB5p8a5gklc80jJItP6xTHg,UCB5p8a5gklc80jJItP6xTHg,author,0,@ernestogamboa8737,@ernestogamboa8737,,,,,,,1,1,1,1,1,0,6,0,91.0
A:UCBtB5dIyx-C16UN8ClUD2UA,UCBtB5dIyx-C16UN8ClUD2UA,author,0,@alexmonzon4257,@alexmonzon4257,,,,,,,1,1,1,1,1,0,0,0,45.0
A:UCCBYcToQ2dwkd6TJh0FSyDg,UCCBYcToQ2dwkd6TJh0FSyDg,author,0,@lidiarodriguez3493,@lidiarodriguez3493,,,,,,,1,1,1,1,1,0,0,0,84.0
A:UCCUmP4PlbwgikVFpYwbtRTg,UCCUmP4PlbwgikVFpYwbtRTg,author,0,@alhvi,@alhvi,,,,,,,1,1,1,1,1,0,3,0,153.0
A:UCCaYwkkbQGcvFoUmothVdQQ,UCCaYwkkbQGcvFoUmothVdQQ,author,0,@OsvaldoAguirre-l3i,@OsvaldoAguirre-l3i,,,,,,,1,1,1,1,1,0,0,0,226.0
A:UCDIMztpVm7G27qBuiWuT6oQ,UCDIMztpVm7G27qBuiWuT6oQ,author,0,@lizardomorataya8274,@lizardomorataya8274,,,,,,,1,1,1,1,1,0,0,0,13.0
A:UCDPWkUX3sNNaCx-m1dV4glA,UCDPWkUX3sNNaCx-m1dV4glA,author,0,@hectoroliva949,@hectoroliva949,,,,,,,1,1,1,1,1,0,0,0,105.0
A:UCDQaQv0hr2SS_PO-CMEwVHg,UCDQaQv0hr2SS_PO-CMEwVHg,author,0,@federicosaquimux1933,@federicosaquimux1933,,,,,,,1,1,1,1,1,0,1,0,235.0
A:UCDUffaruH6dyUnUGwsTKpgg,UCDUffaruH6dyUnUGwsTKpgg,author,0,@luisletona2842,@luisletona2842,,,,,,,1,1,1,1,1,0,2,0,18.0
A:UCDftMWXQoJ6nONfY7GVOVjg,UCDftMWXQoJ6nONfY7GVOVjg,author,0,@luisgpacheco5858,@luisgpacheco5858,,,,,,,1,1,1,1,1,0,0,0,257.0
A:UCDlr1VadSucIZgZ171pRBjQ,UCDlr1VadSucIZgZ171pRBjQ,author,0,@cuabatzjj5924,@cuabatzjj5924,,,,,,,1,1,1,1,1,0,0,0,18.0
A:UCDrmf9y9nLgFY5wnA2hTuGA,UCDrmf9y9nLgFY5wnA2hTuGA,author,0,@laboratorio5528,@laboratorio5528,,,,,,,1,1,1,1,1,0,1,0,144.0
A:UCEHXl4VvvVpq-_4xC5tsbhg,UCEHXl4VvvVpq-_4xC5tsbhg,author,0,@anibalg47,@anibalg47,,,,,,,1,1,1,1,1,0,7,0,123.0
A:UCEgEQmRbtL5fwr9_DqAC--g,UCEgEQmRbtL5fwr9_DqAC--g,author,0,@ArielRodas-g5y,@ArielRodas-g5y,,,,,,,1,1,1,1,1,0,2,0,60.0
A:UCErZPJpHmLCsXs8ZWkAUupQ,UCErZPJpHmLCsXs8ZWkAUupQ,author,0,@dorisl.garciaroche7763,@dorisl.garciaroche7763,,,,,,,1,1,1,1,1,0,2,1,192.0
A:UCFFrEmn6lPYiWyElpfzTy5Q,UCFFrEmn6lPYiWyElpfzTy5Q,author,0,@denilsonlopez4083,@denilsonlopez4083,,,,,,,1,1,1,1,1,0,0,0,22.0
A:UCFOxCyF926Y9eHhMeVoWLzw,UCFOxCyF926Y9eHhMeVoWLzw,author,0,@arielsarc09,@arielsarc09,,,,,,,1,1,1,1,1,0,3,0,116.0
A:UCFUuDARXdmmIrLppEqf-rFg,UCFUuDARXdmmIrLppEqf-rFg,author,0,@allanmunoz7410,@allanmunoz7410,,,,,,,1,1,1,1,1,0,0,0,44.0
A:UCFhxtoeARHPnXXPcDrOU3Xg,UCFhxtoeARHPnXXPcDrOU3Xg,author,0,@diegoalejandrolopezmendez205,@diegoalejandrolopezmendez205,,,,,,,1,1,1,1,1,0,2,0,89.0
A:UCFoIAE8k82D6AV-8gjjKaNg,UCFoIAE8k82D6AV-8gjjKaNg,author,0,@eddymunoz9789,@eddymunoz9789,,,,,,,1,1,1,1,1,0,1,1,379.0
A:UCFxE8GbokBrBsPEKM1xrOjQ,UCFxE8GbokBrBsPEKM1xrOjQ,author,0,@JuanDavila-qd7qj,@JuanDavila-qd7qj,,,,,,,1,1,1,1,1,0,10,0,255.0
A:UCFybmWapGvBKcQod7cPPH9w,UCFybmWapGvBKcQod7cPPH9w,author,0,@vitalianochavez8382,@vitalianochavez8382,,,,,,,1,1,1,1,1,0,1,0,29.0
A:UCGGHbtfbbe0o68etrOf0qxw,UCGGHbtfbbe0o68etrOf0qxw,author,0,@karensussetteleonvargas9794,@karensussetteleonvargas9794,,,,,,,1,1,1,1,1,0,0,0,8.0
A:UCGX_UbAQOXGZknv5iqklwTA,UCGX_UbAQOXGZknv5iqklwTA,author,0,@ronaldgarcia8522,@ronaldgarcia8522,,,,,,,1,1,1,1,1,0,1,0,21.0
A:UCGZMgmM92E3njyXNe9-kjAQ,UCGZMgmM92E3njyXNe9-kjAQ,author,0,@pasionpornada,@pasionpornada,,,,,,,1,1,1,1,1,0,2,1,139.0
A:UCGj2v6Gl5bN8NSrzJMXS-CA,UCGj2v6Gl5bN8NSrzJMXS-CA,author,0,@juliogutierrez492,@juliogutierrez492,,,,,,,1,1,1,1,1,0,0,0,173.0
A:UCGm3gRBEHGRJYmtCryZLtDw,UCGm3gRBEHGRJYmtCryZLtDw,author,0,@JoséLopez-g6k,@JoséLopez-g6k,,,,,,,1,1,1,1,1,0,0,0,75.0
A:UCGqKxQS-z3NZzZF-2w338AA,UCGqKxQS-z3NZzZF-2w338AA,author,0,@samuelaguilar529,@samuelaguilar529,,,,,,,1,1,1,1,1,0,211,3,72.0
A:UCGzXwyCzMzGmjmCbH3Hg01Q,UCGzXwyCzMzGmjmCbH3Hg01Q,author,0,@FidelZacarias-ph7dy,@FidelZacarias-ph7dy,,,,,,,1,1,1,1,1,0,2,0,109.0
A:UCHGd14aYuZZShLD73dkk6mg,UCHGd14aYuZZShLD73dkk6mg,author,0,@noemiherrera3152,@noemiherrera3152,,,,,,,1,1,1,1,1,0,0,0,19.0
A:UCHMQ_lDhibZ-XZ_3fo6oxwg,UCHMQ_lDhibZ-XZ_3fo6oxwg,author,0,@crislexrubi4387,@crislexrubi4387,,,,,,,1,1,1,1,1,0,16,0,43.0
A:UCHbwIx9pmQuf7i-4_xO2EpA,UCHbwIx9pmQuf7i-4_xO2EpA,author,0,@caminoseternos752,@caminoseternos752,,,,,,,1,1,1,1,1,0,0,0,87.0
A:UCHu8x4MVkayU6VgwVKd--MQ,UCHu8x4MVkayU6VgwVKd--MQ,author,0,@Hernandez-i1o,@Hernandez-i1o,,,,,,,1,1,1,1,1,0,1,0,201.0
A:UCIUhbSCy3-SGRe5UtqM4fzQ,UCIUhbSCy3-SGRe5UtqM4fzQ,author,0,@jeanmorales1677,@jeanmorales1677,,,,,,,1,1,1,1,1,0,1,0,202.0
A:UCIXLDYqR_syskKRJy_x9W9Q,UCIXLDYqR_syskKRJy_x9W9Q,author,0,@carlitosramirez4739,@carlitosramirez4739,,,,,,,1,1,1,1,1,0,0,0,6.0
A:UCIgoiXdIKJyUGmUoH2Lxdzg,UCIgoiXdIKJyUGmUoH2Lxdzg,author,0,@susievidal4134,@susievidal4134,,,,,,,1,1,1,1,1,0,3,0,202.0
A:UCIp19h9igblA2YKfSLPDAug,UCIp19h9igblA2YKfSLPDAug,author,0,@JoseReyes-rn6sh,@JoseReyes-rn6sh,,,,,,,1,1,1,1,1,0,14,1,99.0
A:UCJp3OrVYcBorC94sKwdch_A,UCJp3OrVYcBorC94sKwdch_A,author,0,@ULJoshmg2011,@ULJoshmg2011,,,,,,,1,1,1,1,1,0,0,0,1022.0
A:UCJxJC56BSAX-ArD0NAb9qnQ,UCJxJC56BSAX-ArD0NAb9qnQ,author,0,@alfonsowilian9157,@alfonsowilian9157,,,,,,,1,1,1,1,1,0,0,0,62.0
A:UCKDR0f2fu2UzWL8mBv5-BHw,UCKDR0f2fu2UzWL8mBv5-BHw,author,0,@mireyamorales6595,@mireyamorales6595,,,,,,,1,1,1,1,1,0,0,0,846.0
A:UCKVzDUqbtdSMBcexaEtMmzQ,UCKVzDUqbtdSMBcexaEtMmzQ,author,0,@rotorairgroup8409,@rotorairgroup8409,,,,,,,1,1,1,1,1,0,0,0,221.0
A:UCL1MT278vSaQ83ZDkVWn1gw,UCL1MT278vSaQ83ZDkVWn1gw,author,0,@elmorodriguez6978,@elmorodriguez6978,,,,,,,1,1,1,1,1,0,20,0,482.0
A:UCLXYp1Cvc5DLtq5UQL5D9vw,UCLXYp1Cvc5DLtq5UQL5D9vw,author,0,@jorgecifuentes-m5g,@jorgecifuentes-m5g,,,,,,,1,1,1,1,1,0,3,1,15.0
A:UCLh1Kde4_vI1sTZBkTNP7RQ,UCLh1Kde4_vI1sTZBkTNP7RQ,author,0,@JoelReynoso-d4r,@JoelReynoso-d4r,,,,,,,1,1,1,1,1,0,0,0,4.0
A:UCN2N_wYOw6fMwCeSzdXLPIw,UCN2N_wYOw6fMwCeSzdXLPIw,author,0,@danielantoniogonzalezflore4901,@danielantoniogonzalezflore4901,,,,,,,1,1,1,1,1,0,0,0,296.0
A:UCN6qbfPSzFtjhqUDZ3Cv3CQ,UCN6qbfPSzFtjhqUDZ3Cv3CQ,author,0,@carlosmedranovelasquez6380,@carlosmedranovelasquez6380,,,,,,,1,1,1,1,1,0,2,0,158.0
A:UCNiMNUJvaRJb0_QLClqwVnA,UCNiMNUJvaRJb0_QLClqwVnA,author,0,@Santiago.Nolasco,@Santiago.Nolasco,,,,,,,1,1,1,1,1,0,2,0,20.0
A:UCNkcuy42zEwddwEcOd_HpnA,UCNkcuy42zEwddwEcOd_HpnA,author,0,@vanigomez492,@vanigomez492,,,,,,,1,1,1,1,1,0,3,0,171.0
A:UCNpt5CQlTzNjlAKY6CJtClQ,UCNpt5CQlTzNjlAKY6CJtClQ,author,0,@eustaquiogomez9975,@eustaquiogomez9975,,,,,,,1,1,1,1,1,0,0,0,61.0
A:UCO0zwwLWGyDgQmWPJ5Qrr1w,UCO0zwwLWGyDgQmWPJ5Qrr1w,author,0,@elsalvador3605,@elsalvador3605,,,,,,,1,1,1,1,1,0,3,0,49.0
A:UCOARn3hnfkB7-_Rwa8Hoqcw,UCOARn3hnfkB7-_Rwa8Hoqcw,author,0,@nicelol5241,@nicelol5241,,,,,,,1,1,1,1,1,0,0,0,166.0
A:UCOLHH4ZpMxPYF-Q6e6wvn5A,UCOLHH4ZpMxPYF-Q6e6wvn5A,author,0,@luisroldan7374,@luisroldan7374,,,,,,,1,1,1,1,1,0,2,1,68.0
A:UCOS8ViEkccrTZx2w2ccxotA,UCOS8ViEkccrTZx2w2ccxotA,author,0,@OscarHernandez-q8y,@OscarHernandez-q8y,,,,,,,1,1,1,1,1,0,4,0,58.0
A:UCOY3XpD9qMCRSA8AA8c4CAw,UCOY3XpD9qMCRSA8AA8c4CAw,author,0,@franciscorodas9686,@franciscorodas9686,,,,,,,1,1,1,1,1,0,1,0,106.0
A:UCOcUI5XkTYNMSFhZNMIPpGg,UCOcUI5XkTYNMSFhZNMIPpGg,author,0,@hendersonlopez3864,@hendersonlopez3864,,,,,,,1,1,1,1,1,0,3,0,501.0
A:UCOh6DaZC_x9HASnlRylEMfw,UCOh6DaZC_x9HASnlRylEMfw,author,0,@AndresMedina-v1s,@AndresMedina-v1s,,,,,,,1,1,1,1,1,0,0,0,154.0
A:UCPLW0HE3siElqCgXfgWxMqg,UCPLW0HE3siElqCgXfgWxMqg,author,0,@elizabethmonterroso7719,@elizabethmonterroso7719,,,,,,,1,1,1,1,1,0,0,0,198.0
A:UCPNXmbOBVeC4HS-xemvcPtQ,UCPNXmbOBVeC4HS-xemvcPtQ,author,0,@BelkisRodriguezRamirez,@BelkisRodriguezRamirez,,,,,,,1,1,1,1,1,0,2,3,161.0
A:UCPZueDLrCS4BmTBRMA4q0fA,UCPZueDLrCS4BmTBRMA4q0fA,author,0,@kevinochoa3695,@kevinochoa3695,,,,,,,1,1,1,1,1,0,1,1,322.0
A:UCQIdKuZ-OzuFqy0KjGrgesg,UCQIdKuZ-OzuFqy0KjGrgesg,author,0,@lyacausa,@lyacausa,,,,,,,1,1,1,1,1,0,1,0,46.0
A:UCQM2tCKRRytVDRxNUfCDqQQ,UCQM2tCKRRytVDRxNUfCDqQQ,author,0,@elioelias7267,@elioelias7267,,,,,,,1,1,1,1,1,0,0,0,2.0
A:UCQMMuADgqWUOcJpLwHOzC-g,UCQMMuADgqWUOcJpLwHOzC-g,author,0,@Ripped-Yoda,@Ripped-Yoda,,,,,,,1,1,1,1,1,0,0,0,78.0
A:UCQgYjVngJRfPHDLGB5X6ZjA,UCQgYjVngJRfPHDLGB5X6ZjA,author,0,@oscarnavas9996,@oscarnavas9996,,,,,,,1,1,1,1,1,0,0,0,61.0
A:UCQqetiwzzmRNTM5OWuXarGQ,UCQqetiwzzmRNTM5OWuXarGQ,author,0,@isaiaslopezvelasquez1539,@isaiaslopezvelasquez1539,,,,,,,1,1,1,1,1,0,1,0,25.0
A:UCQqlPPUGqAfWjd-FSh_qn7Q,UCQqlPPUGqAfWjd-FSh_qn7Q,author,0,@estuardoargueta137,@estuardoargueta137,,,,,,,1,1,1,1,1,0,0,0,137.0
A:UCQtSFINs1h6GHkpg9o5kMvg,UCQtSFINs1h6GHkpg9o5kMvg,author,0,@MacarioMartinezruiz,@MacarioMartinezruiz,,,,,,,1,1,1,1,1,0,12,0,77.0
A:UCQyOePccUP-fIJYzchAgZYw,UCQyOePccUP-fIJYzchAgZYw,author,0,@aguilar4254,@aguilar4254,,,,,,,1,1,1,1,1,0,0,0,117.0
A:UCRAquv8el-tQ30bN7MlmySQ,UCRAquv8el-tQ30bN7MlmySQ,author,0,@iamjimalesssa,@iamjimalesssa,,,,,,,1,1,1,1,1,0,4,0,97.0
A:UCRETAiYdh2dL5ZxB0_N1zDA,UCRETAiYdh2dL5ZxB0_N1zDA,author,0,@Joseroland21,@Joseroland21,,,,,,,1,1,1,1,1,0,0,0,117.0
A:UCRcSR3Lvn9DZAmJpVPANfZQ,UCRcSR3Lvn9DZAmJpVPANfZQ,author,0,@WalksandSuch,@WalksandSuch,,,,,,,1,1,1,1,1,0,68,0,32.0
A:UCRelkU8JiZBytTzebJxaa-w,UCRelkU8JiZBytTzebJxaa-w,author,0,@danyraymundo2942,@danyraymundo2942,,,,,,,1,1,1,1,1,0,3,0,84.0
A:UCRfkkatKrNtAARnXMMYBGlA,UCRfkkatKrNtAARnXMMYBGlA,author,0,@BernerSoza-mg3vx,@BernerSoza-mg3vx,,,,,,,1,1,1,1,1,0,0,0,89.0
A:UCRlCV9zSn7avAWh-9_XFWqQ,UCRlCV9zSn7avAWh-9_XFWqQ,author,0,@ronyarana8849,@ronyarana8849,,,,,,,1,1,1,1,1,0,1,0,103.0
A:UCRvPToDkkumha7WJAfCDk1A,UCRvPToDkkumha7WJAfCDk1A,author,0,@ligiaguerra3057,@ligiaguerra3057,,,,,,,1,1,1,1,1,0,0,0,8.0
A:UCRznz9-N3Qc1w-qNdLSIY2Q,UCRznz9-N3Qc1w-qNdLSIY2Q,author,0,@jimmygomez724,@jimmygomez724,,,,,,,1,1,1,1,1,0,14,0,53.0
A:UCSTAUWVc1_82DHYeqOsqEFA,UCSTAUWVc1_82DHYeqOsqEFA,author,0,@TheAlexX_C,@TheAlexX_C,,,,,,,1,1,1,1,1,0,191,2,84.0
A:UCSou6a2OuYGSvPjm5psquyA,UCSou6a2OuYGSvPjm5psquyA,author,0,@FranciscoRivera-sf7ne,@FranciscoRivera-sf7ne,,,,,,,1,1,1,1,1,0,0,0,26.0
A:UCTD6q1nyIe3Y7HhqjaMj72w,UCTD6q1nyIe3Y7HhqjaMj72w,author,0,@JuanChang-r6k,@JuanChang-r6k,,,,,,,1,1,1,1,1,0,8,0,73.0
A:UCTP3O0rMnc8z8v8jaDQwL0w,UCTP3O0rMnc8z8v8jaDQwL0w,author,0,@RobertoZelaya-x1v,@RobertoZelaya-x1v,,,,,,,1,1,1,1,1,0,1,0,261.0
A:UCTTILH6QCIxbTnEWxwRqs1g,UCTTILH6QCIxbTnEWxwRqs1g,author,0,@3762Jorge,@3762Jorge,,,,,,,1,1,1,1,1,0,0,0,39.0
A:UCThW2XNsAaBKme5PUt7n-Zg,UCThW2XNsAaBKme5PUt7n-Zg,author,0,@thelmamoran8565,@thelmamoran8565,,,,,,,1,1,1,1,1,0,0,0,269.0
A:UCTwSut16JyAg3mX6LVUNGqA,UCTwSut16JyAg3mX6LVUNGqA,author,0,@SuperVictor2005,@SuperVictor2005,,,,,,,1,1,1,1,1,0,0,0,533.0
A:UCTylKrsqkrBKIqubMu_5N0Q,UCTylKrsqkrBKIqubMu_5N0Q,author,0,@edwingeovanymarroquinmarro6684,@edwingeovanymarroquinmarro6684,,,,,,,1,1,1,1,1,0,1,0,55.0
A:UCUIIIPTVDVHAXqhC_5V6lPA,UCUIIIPTVDVHAXqhC_5V6lPA,author,0,@gorrarota,@gorrarota,,,,,,,1,1,1,1,1,0,0,0,299.0
A:UCUoYsrx1oZnCZ0usbBJn4fA,UCUoYsrx1oZnCZ0usbBJn4fA,author,0,@AnaDiaz-re9sq,@AnaDiaz-re9sq,,,,,,,1,1,1,1,1,0,1,0,73.0
A:UCV0iizTBoOfdAFX_thfI9BA,UCV0iizTBoOfdAFX_thfI9BA,author,0,@BenjaminLarios-jd8nk,@BenjaminLarios-jd8nk,,,,,,,1,1,1,1,1,0,0,0,114.0
A:UCV0lM03g5fg5pbPj97-sAtA,UCV0lM03g5fg5pbPj97-sAtA,author,0,@genarodelgado3929,@genarodelgado3929,,,,,,,1,1,1,1,1,0,1,0,111.0
A:UCVQf0tzL7xRzFJsABVVULpg,UCVQf0tzL7xRzFJsABVVULpg,author,0,@DennisseLopetegi,@DennisseLopetegi,,,,,,,1,1,1,1,1,0,0,0,266.0
A:UCVdjCrh4tQoX3haNAZv-n5A,UCVdjCrh4tQoX3haNAZv-n5A,author,0,@aurahernandez5646,@aurahernandez5646,,,,,,,1,1,1,1,1,0,3,1,85.0
A:UCVhif9eV0f8plICen2DnpKA,UCVhif9eV0f8plICen2DnpKA,author,0,@blogarteplus,@blogarteplus,,,,,,,1,1,1,1,1,0,0,0,234.0
A:UCW-JC6lebVmf2P1dmY_L94g,UCW-JC6lebVmf2P1dmY_L94g,author,0,@dinoraoroxon5771,@dinoraoroxon5771,,,,,,,1,1,1,1,1,0,0,0,203.0
A:UCW80DaMjQlEUibC98Cot-Dg,UCW80DaMjQlEUibC98Cot-Dg,author,0,@rogeraldana4289,@rogeraldana4289,,,,,,,1,1,1,1,1,0,0,0,223.0
A:UCWIZUtKJ636y-4TYrNvok0g,UCWIZUtKJ636y-4TYrNvok0g,author,0,@cesarandreas7824,@cesarandreas7824,,,,,,,1,1,1,1,1,0,5,0,118.0
A:UCWWkebAekppaL5b5CNlppuw,UCWWkebAekppaL5b5CNlppuw,author,0,@ninettmartinez425,@ninettmartinez425,,,,,,,1,1,1,1,1,0,3,0,98.0
A:UCWoAVGVqCn4xtINCMOTM4jg,UCWoAVGVqCn4xtINCMOTM4jg,author,0,@OmarMartinez-vv8re,@OmarMartinez-vv8re,,,,,,,1,1,1,1,1,0,0,0,327.0
A:UCWvntqPQx99k_Z_skWKqNSA,UCWvntqPQx99k_Z_skWKqNSA,author,0,@AntonioChiyal-x5s,@AntonioChiyal-x5s,,,,,,,1,1,1,1,1,0,2,1,21.0
A:UCXN2s7DwTJm33xO-pNkAdaA,UCXN2s7DwTJm33xO-pNkAdaA,author,0,@edithsan7688,@edithsan7688,,,,,,,1,1,1,1,1,0,0,0,12.0
A:UCXO1BBohNWXkK9SBDAG2ySg,UCXO1BBohNWXkK9SBDAG2ySg,author,0,@JBFlute92,@JBFlute92,,,,,,,1,1,1,1,1,0,0,0,20.0
A:UCXSkL3ejZ8qWYyF_M7s_QKA,UCXSkL3ejZ8qWYyF_M7s_QKA,author,0,@JacintaTzoy,@JacintaTzoy,,,,,,,1,1,1,1,1,0,0,0,135.0
A:UCXVLc8CmAO813ubM-fLvCDw,UCXVLc8CmAO813ubM-fLvCDw,author,0,@herminiasaquimux7565,@herminiasaquimux7565,,,,,,,1,1,1,1,1,0,7,0,145.0
A:UCXgr7vXlRrsaskPdo097kGA,UCXgr7vXlRrsaskPdo097kGA,author,0,@Rogergh-nw4oj,@Rogergh-nw4oj,,,,,,,1,1,1,1,1,0,0,0,24.0
A:UCXl30Y_upRqbti52fmjK4YA,UCXl30Y_upRqbti52fmjK4YA,author,0,@capitanfrans,@capitanfrans,,,,,,,1,1,1,1,1,0,0,0,96.0
A:UCXmrpc6Li0spcKxtS0Q_ptg,UCXmrpc6Li0spcKxtS0Q_ptg,author,0,@melvinperez6710,@melvinperez6710,,,,,,,1,1,1,1,1,0,10,0,179.0
A:UCXr8_5WtGeipe4haOoQDgyQ,UCXr8_5WtGeipe4haOoQDgyQ,author,0,@amyherrera7352,@amyherrera7352,,,,,,,1,1,1,1,1,0,0,0,144.0
A:UCY7Hq7F9Lnucf-Yr6JkHZNw,UCY7Hq7F9Lnucf-Yr6JkHZNw,author,0,@maynorcalel1442,@maynorcalel1442,,,,,,,1,1,1,1,1,0,79,0,12.0
A:UCYN4wSQ1Sx4_LurxLlW7MPg,UCYN4wSQ1Sx4_LurxLlW7MPg,author,0,@belarminavillatoro6474,@belarminavillatoro6474,,,,,,,1,1,1,1,1,0,0,0,902.0
A:UCYwpX26TrCxq8TvbKGRYLXA,UCYwpX26TrCxq8TvbKGRYLXA,author,0,@beneficioelcaminovillacana8540,@beneficioelcaminovillacana8540,,,,,,,1,1,1,1,1,0,3,0,218.0
A:UCZ51R_9Q9C0c8I3pAWhtmjQ,UCZ51R_9Q9C0c8I3pAWhtmjQ,author,0,@belvettzapeta1251,@belvettzapeta1251,,,,,,,1,1,1,1,1,0,8,0,35.0
A:UCZFQwqh90apuL8eFhvRBkUg,UCZFQwqh90apuL8eFhvRBkUg,author,0,@luisricardo9671,@luisricardo9671,,,,,,,1,1,1,1,1,0,9,0,516.0
A:UCZIQnb1fkwe39Iw2TAu-bGA,UCZIQnb1fkwe39Iw2TAu-bGA,author,0,@jorgegomez2237,@jorgegomez2237,,,,,,,1,1,1,1,1,0,1,0,141.0
A:UCZLG9qH0tUjNhEGFIUt0CYw,UCZLG9qH0tUjNhEGFIUt0CYw,author,0,@SoniaMarroquin-y6e,@SoniaMarroquin-y6e,,,,,,,1,1,1,1,1,0,1,0,22.0
A:UCZOmq6MwFDVoCaEl99BRRaw,UCZOmq6MwFDVoCaEl99BRRaw,author,0,@daniloarevalo3170,@daniloarevalo3170,,,,,,,1,1,1,1,1,0,0,0,422.0
A:UCZeIIQrGAedW8tCbKWmGY-A,UCZeIIQrGAedW8tCbKWmGY-A,author,0,@mariocordon8873,@mariocordon8873,,,,,,,1,1,1,1,1,0,9,0,117.0
A:UCZjm6U576nX8WOiLhmMR3bw,UCZjm6U576nX8WOiLhmMR3bw,author,0,@MariaNavarroYT,@MariaNavarroYT,,,,,,,1,1,1,1,1,0,3,1,17.0
A:UC_3xuTXvMIWU5MYP9HkJ3vQ,UC_3xuTXvMIWU5MYP9HkJ3vQ,author,0,@Historia-wm4os,@Historia-wm4os,,,,,,,1,1,1,1,1,0,4,0,61.0
A:UC_6KbBY1bsYXz9fwFS0eQRg,UC_6KbBY1bsYXz9fwFS0eQRg,author,0,@imrcp5694,@imrcp5694,,,,,,,1,1,1,1,1,0,0,0,10.0
A:UC_LYoGs5C3mbZKZuKuqYCvw,UC_LYoGs5C3mbZKZuKuqYCvw,author,0,@javiercifuentesarchila6041,@javiercifuentesarchila6041,,,,,,,1,1,1,1,1,0,7,0,23.0
A:UC_NRVt2UP88ZNTwzrZ66JSg,UC_NRVt2UP88ZNTwzrZ66JSg,author,0,@aditalissethevasquezrojas8039,@aditalissethevasquezrojas8039,,,,,,,1,1,1,1,1,0,2,0,69.0
A:UC_ljZ1hZXR9pzexFz87P5ZA,UC_ljZ1hZXR9pzexFz87P5ZA,author,0,@ChRiStOpHeR7969,@ChRiStOpHeR7969,,,,,,,1,1,1,1,1,0,0,0,216.0
A:UCa36MjQLoPAmgJo-R3G8WQA,UCa36MjQLoPAmgJo-R3G8WQA,author,0,@elsasalguero6914,@elsasalguero6914,,,,,,,1,1,1,1,1,0,3,0,41.0
A:UCaKAjTW9MVub_clgr4DRYjQ,UCaKAjTW9MVub_clgr4DRYjQ,author,0,@josecastillo4390,@josecastillo4390,,,,,,,1,1,1,1,1,0,6,0,29.0
A:UCaT4saRcyqCLE657Rq2hhZQ,UCaT4saRcyqCLE657Rq2hhZQ,author,0,@elmilenial4064,@elmilenial4064,,,,,,,1,1,1,1,1,0,0,0,26.0
A:UCaT6M2zp7X6r6Whd8Vv3kHQ,UCaT6M2zp7X6r6Whd8Vv3kHQ,author,0,@alexarcos8349,@alexarcos8349,,,,,,,1,1,1,1,1,0,1,0,68.0
A:UCat2qkYvqmtDNEmo2PVuhXw,UCat2qkYvqmtDNEmo2PVuhXw,author,0,@DoraSalas-j5o,@DoraSalas-j5o,,,,,,,1,1,1,1,1,0,1,0,48.0
A:UCbNanjFI51cwGqMAb2rOrBw,UCbNanjFI51cwGqMAb2rOrBw,author,0,@RosaMontesdeOca777,@RosaMontesdeOca777,,,,,,,1,1,1,1,1,0,0,0,105.0
A:UCbYoNG5J3Au5BqtbXogfEFw,UCbYoNG5J3Au5BqtbXogfEFw,author,0,@Luis-gn3fj,@Luis-gn3fj,,,,,,,1,1,1,1,1,0,1,0,34.0
A:UCcFIBN-rtC3d3hXeuN5TfWw,UCcFIBN-rtC3d3hXeuN5TfWw,author,0,@DenisRMC,@DenisRMC,,,,,,,1,1,1,1,1,0,0,0,237.0
A:UCc_F88PzGWtA1OPNUEASulA,UCc_F88PzGWtA1OPNUEASulA,author,0,@rockyscarlet,@rockyscarlet,,,,,,,1,1,1,1,1,0,0,0,129.0
A:UCcfdg8crmMJwEuLUsAhV7yg,UCcfdg8crmMJwEuLUsAhV7yg,author,0,@RolandoRaguay,@RolandoRaguay,,,,,,,1,1,1,1,1,0,1,0,235.0
A:UCdQAuWwyC99MB7Y02Umj26Q,UCdQAuWwyC99MB7Y02Umj26Q,author,0,@miguelbran1268,@miguelbran1268,,,,,,,1,1,1,1,1,0,0,0,368.0
A:UCe8JZoYkX5oKUZyivHYdXhw,UCe8JZoYkX5oKUZyivHYdXhw,author,0,@FernandoGarcia-jg1fj,@FernandoGarcia-jg1fj,,,,,,,1,1,1,1,1,0,0,0,276.0
A:UCeDNEtI8_a42bZ47wJiJMwQ,UCeDNEtI8_a42bZ47wJiJMwQ,author,0,@EdgarcalderonCalderong,@EdgarcalderonCalderong,,,,,,,1,1,1,1,1,0,0,0,34.0
A:UCeQk-WfEA-cJRq4EKeE7TOw,UCeQk-WfEA-cJRq4EKeE7TOw,author,0,@franciscojuarez9223,@franciscojuarez9223,,,,,,,1,1,1,1,1,0,0,0,246.0
A:UCefAH1MbvADWUjE9WVcB9EQ,UCefAH1MbvADWUjE9WVcB9EQ,author,0,@jabriz8152,@jabriz8152,,,,,,,1,1,1,1,1,0,0,0,127.0
A:UCf5lnNZF7Qrtli9v4N_23WQ,UCf5lnNZF7Qrtli9v4N_23WQ,author,0,@CarlosCortez-v5r,@CarlosCortez-v5r,,,,,,,1,1,1,1,1,0,0,0,57.0
A:UCfM3nrxtTQMY5jFx1v1J4Gg,UCfM3nrxtTQMY5jFx1v1J4Gg,author,0,@edgarroldan5539,@edgarroldan5539,,,,,,,1,1,1,1,1,0,0,0,91.0
A:UCfRqgt2O-vjzUDMZY_tnxQw,UCfRqgt2O-vjzUDMZY_tnxQw,author,0,@Williams-Garcia67E,@Williams-Garcia67E,,,,,,,1,1,1,1,1,0,0,0,44.0
A:UCfXykdbSU97rj987LDUGfvg,UCfXykdbSU97rj987LDUGfvg,author,0,@MariaSantos-c8y3h,@MariaSantos-c8y3h,,,,,,,1,1,1,1,1,0,1,0,20.0
A:UCfjhejO7LZy4doXURa7LZCQ,UCfjhejO7LZy4doXURa7LZCQ,author,0,@HonwayLee-z5g,@HonwayLee-z5g,,,,,,,1,1,1,1,1,0,0,0,2.0
A:UCfo_yUPzy1f1POwwZxhZ06Q,UCfo_yUPzy1f1POwwZxhZ06Q,author,0,@lara11roberto,@lara11roberto,,,,,,,1,1,1,1,1,0,1,0,206.0
A:UCgGqw4aqMdMVSGkKiMgrJRQ,UCgGqw4aqMdMVSGkKiMgrJRQ,author,0,@pattyfigueroa5609,@pattyfigueroa5609,,,,,,,1,1,1,1,1,0,0,0,84.0
A:UCgJNFj5dnxXpcMvmuhZDPxA,UCgJNFj5dnxXpcMvmuhZDPxA,author,0,@NataliaRodriguez-rx5mr,@NataliaRodriguez-rx5mr,,,,,,,1,1,1,1,1,0,1,0,16.0
A:UCgLrWFdYitoP-b7-PxtUr-w,UCgLrWFdYitoP-b7-PxtUr-w,author,0,@zetag,@zetag,,,,,,,1,1,1,1,1,0,405,3,32.0
A:UCgLurCo-e019HGODcjXHWCw,UCgLurCo-e019HGODcjXHWCw,author,0,@perritojuega1,@perritojuega1,,,,,,,1,1,1,1,1,0,2,0,24.0
A:UCgQJgI9vu1FI2dnC9mrFthw,UCgQJgI9vu1FI2dnC9mrFthw,author,0,@srms70,@srms70,,,,,,,1,1,1,1,1,0,2,0,37.0
A:UCgQw_Sbq3ugruDUKsq1e0-A,UCgQw_Sbq3ugruDUKsq1e0-A,author,0,@marlenareano-h4t,@marlenareano-h4t,,,,,,,1,1,1,1,1,0,0,0,70.0
A:UCgvw7xIdGFupzpt1Y_BFkEA,UCgvw7xIdGFupzpt1Y_BFkEA,author,0,@fredygarcia9151,@fredygarcia9151,,,,,,,1,1,1,1,1,0,1,0,58.0
A:UChT7pzGytNd92Nmvi-zuWog,UChT7pzGytNd92Nmvi-zuWog,author,0,@sparkvalkov,@sparkvalkov,,,,,,,1,1,1,1,1,0,1,0,19.0
A:UChZknRmJkeGeQk0-mQuhDOg,UChZknRmJkeGeQk0-mQuhDOg,author,0,@OdilioRodríguez-c5w,@OdilioRodríguez-c5w,,,,,,,1,1,1,1,1,0,1,0,168.0
A:UCheEJ5GZuIvV0fj-nXyVwXw,UCheEJ5GZuIvV0fj-nXyVwXw,author,0,@rosaoliva9389,@rosaoliva9389,,,,,,,1,1,1,1,1,0,0,0,54.0
A:UChep9kVb5gQmpodEEl10Xlg,UChep9kVb5gQmpodEEl10Xlg,author,0,@carlosaguilar-kz7ml,@carlosaguilar-kz7ml,,,,,,,1,1,1,1,1,0,0,0,107.0
A:UChgkn5Jt5tWKYMoEOuCjz3Q,UChgkn5Jt5tWKYMoEOuCjz3Q,author,0,@pablochitay46,@pablochitay46,,,,,,,1,1,1,1,1,0,2,0,36.0
A:UChyps3dqY-VY1_wLeq-2lhw,UChyps3dqY-VY1_wLeq-2lhw,author,0,@maydamorales4395,@maydamorales4395,,,,,,,1,1,1,1,1,0,14,1,346.0
A:UCi-vPdnpQreC7BkFs40mJGA,UCi-vPdnpQreC7BkFs40mJGA,author,0,@bryansicasales4280,@bryansicasales4280,,,,,,,1,1,1,1,1,0,35,0,64.0
A:UCiC-Jn7wdgyQV4_Urk0DkWQ,UCiC-Jn7wdgyQV4_Urk0DkWQ,author,0,@pedroros6358,@pedroros6358,,,,,,,1,1,1,1,1,0,1,0,169.0
A:UCiGRBf2RNF0WRKhRVT7zFoA,UCiGRBf2RNF0WRKhRVT7zFoA,author,0,@edwinavila4876,@edwinavila4876,,,,,,,1,1,1,1,1,0,0,0,237.0
A:UCiMythXHsw7eQEMykCdmMUA,UCiMythXHsw7eQEMykCdmMUA,author,0,@JavierBecerra-h6x,@JavierBecerra-h6x,,,,,,,1,1,1,1,1,0,2,0,114.0
A:UCiOZX__1gahg1ypIj0_XG_w,UCiOZX__1gahg1ypIj0_XG_w,author,0,@mariogonzalezorellana8956,@mariogonzalezorellana8956,,,,,,,1,1,1,1,1,0,1,0,14.0
A:UCipetjeiWj4CZB6EbyYziZg,UCipetjeiWj4CZB6EbyYziZg,author,0,@OseasSamayoa-ol5rz,@OseasSamayoa-ol5rz,,,,,,,1,1,1,1,1,0,0,0,103.0
A:UCj-LL25XJnjxepPKCc3NGog,UCj-LL25XJnjxepPKCc3NGog,author,0,@anaaguirre8985,@anaaguirre8985,,,,,,,1,1,1,1,1,0,1,0,321.0
A:UCjJf-AJKRFFWtiN-CSwkDmA,UCjJf-AJKRFFWtiN-CSwkDmA,author,0,@2jose82,@2jose82,,,,,,,1,1,1,1,1,0,0,0,276.0
A:UCjSKM9j0Q7HLDr1hD6D-TUw,UCjSKM9j0Q7HLDr1hD6D-TUw,author,0,@josehidalgo4875,@josehidalgo4875,,,,,,,1,1,1,1,1,0,2,0,444.0
A:UCjmPuazZJzscrwvk0QR9RVw,UCjmPuazZJzscrwvk0QR9RVw,author,0,@mynorrodas8591,@mynorrodas8591,,,,,,,1,1,1,1,1,0,2,0,187.0
A:UCk4O-J1BhoqPmig1KLGJePA,UCk4O-J1BhoqPmig1KLGJePA,author,0,@lazarobarillas3575,@lazarobarillas3575,,,,,,,1,1,1,1,1,0,0,0,51.0
A:UCkVtmkK07b2zaVVNssX4lOg,UCkVtmkK07b2zaVVNssX4lOg,author,0,@HectorElias-u2l,@HectorElias-u2l,,,,,,,1,1,1,1,1,0,0,0,47.0
A:UCkbsS_3D-pvg1iHOld9uvIg,UCkbsS_3D-pvg1iHOld9uvIg,author,0,@gonzalo6075,@gonzalo6075,,,,,,,1,1,1,1,1,0,0,0,80.0
A:UCkxdJ_yGN2gghOMo2ybQtXQ,UCkxdJ_yGN2gghOMo2ybQtXQ,author,0,@11223344An,@11223344An,,,,,,,1,1,1,1,1,0,1,0,72.0
A:UCl0ekS9Tt0jJGtOEM18S63w,UCl0ekS9Tt0jJGtOEM18S63w,author,0,@monkchapin,@monkchapin,,,,,,,1,1,1,1,1,0,0,0,12.0
A:UCld2stqxaVSk0QdGncM224A,UCld2stqxaVSk0QdGncM224A,author,0,@sarahernandez3873,@sarahernandez3873,,,,,,,1,1,1,1,1,0,4,0,222.0
A:UClhMWQ7XKWywYvbRnuf8QsA,UClhMWQ7XKWywYvbRnuf8QsA,author,0,@EcPerez-zz9oh,@EcPerez-zz9oh,,,,,,,1,1,1,1,1,0,0,0,52.0
A:UCljDbleJul41G1TzOjOZAVA,UCljDbleJul41G1TzOjOZAVA,author,0,@hectorcarranza3777,@hectorcarranza3777,,,,,,,1,1,1,1,1,0,1,0,279.0
A:UClqA491Xa5fQcXcJJa-vTWw,UClqA491Xa5fQcXcJJa-vTWw,author,0,@AndresLemus-k2d,@AndresLemus-k2d,,,,,,,1,1,1,1,1,0,0,0,127.0
A:UClsrFGJKWPxxw7MiaEdKLXw,UClsrFGJKWPxxw7MiaEdKLXw,author,0,@ericapaz5406,@ericapaz5406,,,,,,,1,1,1,1,1,0,3,2,246.0
A:UCmjppp6ujz3SAnULvP3sZMw,UCmjppp6ujz3SAnULvP3sZMw,author,0,@marcomendez7509,@marcomendez7509,,,,,,,1,1,1,1,1,0,0,0,196.0
A:UCmvOgzmmXbjUthHy-WJ52hQ,UCmvOgzmmXbjUthHy-WJ52hQ,author,0,@mariorodas593,@mariorodas593,,,,,,,1,1,1,1,1,0,1,0,42.0
A:UCnU8wO1OurAmGstDw6VGjgQ,UCnU8wO1OurAmGstDw6VGjgQ,author,0,@cmorera21,@cmorera21,,,,,,,1,1,1,1,1,0,0,0,1525.0
A:UColMq7LmaoY3MT6aIDGrGvA,UColMq7LmaoY3MT6aIDGrGvA,author,0,@quijotachapina1,@quijotachapina1,,,,,,,1,1,1,1,1,0,0,0,124.0
A:UCozFYHN0e_-vlQbX3wQGOug,UCozFYHN0e_-vlQbX3wQGOug,author,0,@jesusguzman2321,@jesusguzman2321,,,,,,,1,1,1,1,1,0,5,2,125.0
A:UCp4iw5_5SmV9VGTFSNVGOmQ,UCp4iw5_5SmV9VGTFSNVGOmQ,author,0,@CARLOSSTREMS51,@CARLOSSTREMS51,,,,,,,1,1,1,1,1,0,0,0,212.0
A:UCpIdtvoFHVLGASGB5ySqIEA,UCpIdtvoFHVLGASGB5ySqIEA,author,0,@VidalVillatoro-p4w,@VidalVillatoro-p4w,,,,,,,1,1,1,1,1,0,1,0,163.0
A:UCp_dAUfv8i3LW3zWc24dLaQ,UCp_dAUfv8i3LW3zWc24dLaQ,author,0,@MarioCortez-o6v,@MarioCortez-o6v,,,,,,,1,1,1,1,1,0,1,0,22.0
A:UCpe5jW3MIqkgTJ-PgkzvM6Q,UCpe5jW3MIqkgTJ-PgkzvM6Q,author,0,@carloslam5333,@carloslam5333,,,,,,,1,1,1,1,1,0,1,0,42.0
A:UCpl8rF8uv_8uui-QRvuJaRA,UCpl8rF8uv_8uui-QRvuJaRA,author,0,@SergioGarcia-z9c,@SergioGarcia-z9c,,,,,,,1,1,1,1,1,0,0,0,108.0
A:UCplrIQtaPj6au60_f2-mOYw,UCplrIQtaPj6au60_f2-mOYw,author,0,@romeolopezherrarte799,@romeolopezherrarte799,,,,,,,1,1,1,1,1,0,0,0,87.0
A:UCq3mDTTRZnUybct5M9OSXbg,UCq3mDTTRZnUybct5M9OSXbg,author,0,@MacoMorales-i2i2d,@MacoMorales-i2i2d,,,,,,,1,1,1,1,1,0,1,0,14.0
A:UCqCrvuoJpC-aVb0f4logQRQ,UCqCrvuoJpC-aVb0f4logQRQ,author,0,@Lyrics_GT,@Lyrics_GT,,,,,,,1,1,1,1,1,0,0,0,176.0
A:UCqilIa8r7iek5sGYg_q6ofA,UCqilIa8r7iek5sGYg_q6ofA,author,0,@rolandojuchuna484,@rolandojuchuna484,,,,,,,1,1,1,1,1,0,52,1,87.0
A:UCql1n3Ey6ULMSOACjMe-fxQ,UCql1n3Ey6ULMSOACjMe-fxQ,author,0,@RolandoGonzalez-o7g,@RolandoGonzalez-o7g,,,,,,,1,1,1,1,1,0,6,7,164.0
A:UCr1emrogPKkKTs_WTtx71xg,UCr1emrogPKkKTs_WTtx71xg,author,0,@domingopeneleu6457,@domingopeneleu6457,,,,,,,1,1,1,1,1,0,0,0,34.0
A:UCrqXyRsg-_hTosURZ-uvoKg,UCrqXyRsg-_hTosURZ-uvoKg,author,0,@flornolberto2425,@flornolberto2425,,,,,,,1,1,1,1,1,0,0,0,207.0
A:UCsGoJEvb-cFPZ2rWoJcXzEQ,UCsGoJEvb-cFPZ2rWoJcXzEQ,author,0,@sergiohinestroza9709,@sergiohinestroza9709,,,,,,,1,1,1,1,1,0,10,0,67.0
A:UCsJJAvrVGupdmhOqgtDp8dg,UCsJJAvrVGupdmhOqgtDp8dg,author,0,@nestorlorenzana1168,@nestorlorenzana1168,,,,,,,1,1,1,1,1,0,1,0,82.0
A:UCsSXdJct-nsS8DsABoEsaYA,UCsSXdJct-nsS8DsABoEsaYA,author,0,@IvánPérez-j4j,@IvánPérez-j4j,,,,,,,1,1,1,1,1,0,2,1,185.0
A:UCs_5qeqdku9tGAq22y3OcuQ,UCs_5qeqdku9tGAq22y3OcuQ,author,0,@alexandrevasquez4135,@alexandrevasquez4135,,,,,,,1,1,1,1,1,0,4,0,203.0
A:UCsjs5Hp_r86x1xbK6FAeqaA,UCsjs5Hp_r86x1xbK6FAeqaA,author,0,@alvaroesquivel563,@alvaroesquivel563,,,,,,,1,1,1,1,1,0,2,0,210.0
A:UCtMBF_1O2jY2INlb_luuB_A,UCtMBF_1O2jY2INlb_luuB_A,author,0,@mynorgudiel8646,@mynorgudiel8646,,,,,,,1,1,1,1,1,0,15,0,127.0
A:UCtNfIBnc5S5DbbQj_yxgJTw,UCtNfIBnc5S5DbbQj_yxgJTw,author,0,@JosueRamirez-ey3ih,@JosueRamirez-ey3ih,,,,,,,1,1,1,1,1,0,1,0,10.0
A:UCtUR3_CAiE7fCoZHM6cMfyQ,UCtUR3_CAiE7fCoZHM6cMfyQ,author,0,@mdelcid01,@mdelcid01,,,,,,,1,1,1,1,1,0,10,0,74.0
A:UCtiHFjFu7d5v2XxHnKFUYig,UCtiHFjFu7d5v2XxHnKFUYig,author,0,@Paul-gf7ec,@Paul-gf7ec,,,,,,,1,1,1,1,1,0,0,0,111.0
A:UCtowGNY2lnlg6O2CkwDgkLg,UCtowGNY2lnlg6O2CkwDgkLg,author,0,@taniagabrielacelis8434,@taniagabrielacelis8434,,,,,,,1,1,1,1,1,0,2,0,102.0
A:UCtsxPYw8VUsH_FfnKg-0lmw,UCtsxPYw8VUsH_FfnKg-0lmw,author,0,@AlejandroPérez-b6r,@AlejandroPérez-b6r,,,,,,,1,1,1,1,1,0,2,0,62.0
A:UCu8_3-Wg-YzNyvHYQDEscfw,UCu8_3-Wg-YzNyvHYQDEscfw,author,0,@RolandoCastroPérez-d7y,@RolandoCastroPérez-d7y,,,,,,,1,1,1,1,1,0,2,0,134.0
A:UCuP4UK33HKtJE_S39ksmaTw,UCuP4UK33HKtJE_S39ksmaTw,author,0,@herbertaguilar1387,@herbertaguilar1387,,,,,,,1,1,1,1,1,0,0,0,140.0
A:UCuXmOjxC-htcprLgeVXz6Tg,UCuXmOjxC-htcprLgeVXz6Tg,author,0,@jorgeaguilar-bq3uj,@jorgeaguilar-bq3uj,,,,,,,1,1,1,1,1,0,1,0,286.0
A:UCueV9cTyTDwgQSec1x2dYgA,UCueV9cTyTDwgQSec1x2dYgA,author,0,@fredydomingo7062,@fredydomingo7062,,,,,,,1,1,1,1,1,0,0,0,56.0
A:UCujPF2nBgsTD62nWE3lcpIg,UCujPF2nBgsTD62nWE3lcpIg,author,0,@victorarturoruanobautista7588,@victorarturoruanobautista7588,,,,,,,1,1,1,1,1,0,0,0,63.0
A:UCusjriFsDHEc2AOjqk-p5ig,UCusjriFsDHEc2AOjqk-p5ig,author,0,@pablobarrios7931,@pablobarrios7931,,,,,,,1,1,1,1,1,0,2,0,379.0
A:UCvApqeCbLod-wejtT4CcVuA,UCvApqeCbLod-wejtT4CcVuA,author,0,@davidgaher9550,@davidgaher9550,,,,,,,1,1,1,1,1,0,15,0,110.0
A:UCvDwJBBY1mHK70aTEYl6rsA,UCvDwJBBY1mHK70aTEYl6rsA,author,0,@cristianescobedo8296,@cristianescobedo8296,,,,,,,1,1,1,1,1,0,1,0,273.0
A:UCvl1tzQeBeGy6efPTRJXSCw,UCvl1tzQeBeGy6efPTRJXSCw,author,0,@RaulPerez-cw2vi,@RaulPerez-cw2vi,,,,,,,1,1,1,1,1,0,0,0,175.0
A:UCwCfs-2zbD5k0lG-UVg_JBw,UCwCfs-2zbD5k0lG-UVg_JBw,author,0,@JessicaHuaz-96,@JessicaHuaz-96,,,,,,,1,1,1,1,1,0,0,0,41.0
A:UCwEe1RKlEv1UpNWmWYfSh4w,UCwEe1RKlEv1UpNWmWYfSh4w,author,0,@marioramirez299,@marioramirez299,,,,,,,1,1,1,1,1,0,0,0,236.0
A:UCwO2SXr0ggzwg6QWWrr01nQ,UCwO2SXr0ggzwg6QWWrr01nQ,author,0,@ricardofigueroa5720,@ricardofigueroa5720,,,,,,,1,1,1,1,1,0,11,0,35.0
A:UCwUAv3_LpWVtTIi7lkmTL7A,UCwUAv3_LpWVtTIi7lkmTL7A,author,0,@kingr4706,@kingr4706,,,,,,,1,1,1,1,1,0,16,0,182.0
A:UCwgCc9Jd_gG-uLE_SY-FfPg,UCwgCc9Jd_gG-uLE_SY-FfPg,author,0,@armindapenados2841,@armindapenados2841,,,,,,,1,1,1,1,1,0,0,0,47.0
A:UCwha8rxULYMVtNwZWeSkE1A,UCwha8rxULYMVtNwZWeSkE1A,author,0,@mariasamo8637,@mariasamo8637,,,,,,,1,1,1,1,1,0,0,0,85.0
A:UCwjUvRseNtJoItylIyIez7Q,UCwjUvRseNtJoItylIyIez7Q,author,0,@Silviazea,@Silviazea,,,,,,,1,1,1,1,1,0,0,0,32.0
A:UCwxoKK59nGCeBqB2sXfDBIw,UCwxoKK59nGCeBqB2sXfDBIw,author,0,@vic-bonivideos,@vic-bonivideos,,,,,,,1,1,1,1,1,0,0,1,428.0
A:UCxKR3RA8T-kxMgq_2WWhRcQ,UCxKR3RA8T-kxMgq_2WWhRcQ,author,0,@elenaluarca9377,@elenaluarca9377,,,,,,,1,1,1,1,1,0,329,5,293.0
A:UCxcoDvP-g2_KTZDmVZtvb3w,UCxcoDvP-g2_KTZDmVZtvb3w,author,0,@angelmartinez9523,@angelmartinez9523,,,,,,,1,1,1,1,1,0,0,0,1237.0
A:UCxff05WuyvwELNITi7bj7UA,UCxff05WuyvwELNITi7bj7UA,author,0,@markoherrera,@markoherrera,,,,,,,1,1,1,1,1,0,3,0,107.0
A:UCxhtlxPV8AYWaNNyU6S9H8Q,UCxhtlxPV8AYWaNNyU6S9H8Q,author,0,@WilR-s8r,@WilR-s8r,,,,,,,1,1,1,1,1,0,0,0,132.0
A:UCySYJU5kUh7X8gVt9la2ISA,UCySYJU5kUh7X8gVt9la2ISA,author,0,@dantesarti4351,@dantesarti4351,,,,,,,1,1,1,1,1,0,0,0,144.0
A:UCyW68EGZey4ao_Vf2cR5Ztg,UCyW68EGZey4ao_Vf2cR5Ztg,author,0,@ZabalaXabier,@ZabalaXabier,,,,,,,1,1,1,1,1,0,0,0,172.0
A:UCyor0Mmm0ivLX2jIdyGp84Q,UCyor0Mmm0ivLX2jIdyGp84Q,author,0,@MiguelJordan-n3g,@MiguelJordan-n3g,,,,,,,1,1,1,1,1,0,0,0,86.0
A:UCyzf29IYjNw67gGIfsjgtxA,UCyzf29IYjNw67gGIfsjgtxA,author,0,@carlosoliva9249,@carlosoliva9249,,,,,,,1,1,1,1,1,0,45,0,167.0
A:UCzSfZlOVxBSs5ObD25ywxDQ,UCzSfZlOVxBSs5ObD25ywxDQ,author,0,@GilmarMaldonado-q9m,@GilmarMaldonado-q9m,,,,,,,1,1,1,1,1,0,0,0,311.0
A:UCzoL2l5H5eVlorWGH8AZfAg,UCzoL2l5H5eVlorWGH8AZfAg,author,0,@jor77cas,@jor77cas,,,,,,,1,1,1,1,1,0,6,0,253.0
V:n8iP75gIpmw,n8iP75gIpmw,video,1,Qué rico come tu diputado,@quorumgt,UCE4rsXcgDb6e1-a9iTbWzfg,Quorum,News & Politics,Quorum GT,topic,11775.0,128,161,161,0,0,128,358,3,
V:j43HgwYFKfk,j43HgwYFKfk,video,1,La cooptación de Walter Mazariegos en la USAC,@quorumgt,UCE4rsXcgDb6e1-a9iTbWzfg,Quorum,News & Politics,@quorumgt,topic,10156.0,49,50,50,0,0,49,91,0,
V:6W4u8sGEnGM,6W4u8sGEnGM,video,1,Inician los trabajos de recuperación del Puente Belice II.,@GobiernodelaRepublicadeGuatema,UC-ZtFBHzgkYFh7whZkuR_Ag,Gobierno de la República de Guatemala,Entertainment,Gobierno de la República de Guatemala,topic,11670.0,32,45,45,0,0,32,90,11,
V:OkXlHx0hx-8,OkXlHx0hx-8,video,1,EE.UU. envía a mexicanos deportados a Guatemala antes de su regreso a México | Noticias Telemundo,@noticias,UCRwA1NUcUnwsly35ikGhp0A,Noticias Telemundo,News & Politics,guatemala noticias,topic,14200.0,18,25,25,0,0,18,25,13,
V:PjmxCj-a9Hg,PjmxCj-a9Hg,video,1,Conferencia de Prensa del Gobierno de Guatemala. #LaRondaGt,@GobiernodelaRepublicadeGuatema,UC-ZtFBHzgkYFh7whZkuR_Ag,Gobierno de la República de Guatemala,Entertainment,@GobiernodeGuatemala,topic,3628.0,19,25,25,0,0,19,20,4,
V:lj983NWyAQY,lj983NWyAQY,video,1,Plan 2032 Ciudad de Guatemala,@MunicipalidaddeGuatemala-1551,UCXa6LVjBzUtmcM3cwbd9e2w,Municipalidad de Guatemala,News & Politics,Municipalidad de Guatemala,topic,304089.0,25,25,25,0,0,25,1697,16,
V:yLZS3JiEBg8,yLZS3JiEBg8,video,1,Arroz con pollo a la MONOPOLIO,@quorumgt,UCE4rsXcgDb6e1-a9iTbWzfg,Quorum,News & Politics,@quorumgt/videos,channel,1954.0,16,16,16,0,0,16,13,0,
V:06mFNPU0aB8,06mFNPU0aB8,video,1,Capturan a presuntos delincuentes disfrazados de mujer señalados de cometer asalto,@Noti7Guatemala,UCVpSRoZgngfSL03Nlbjtq9A,Noti7,News & Politics,guatemala noticias,topic,6692.0,13,14,14,0,0,13,12,1,
V:ndAZjHqzzT8,ndAZjHqzzT8,video,1,Internet: escoger el menos malo,@quorumgt,UCE4rsXcgDb6e1-a9iTbWzfg,Quorum,News & Politics,@quorumgt/videos,channel,717.0,10,12,12,0,0,10,3,1,
V:b_Hkrkl3adA,b_Hkrkl3adA,video,1,Bloqueos en Guatemala este 31 de agosto por alza en combustibles afectan rutas principales,@PrensaLibreOficial,UCEepOY2svuxbsJ-zsAPT9Fg,PrensaLibreOficial,News & Politics,guatemala noticias,topic,5469.0,7,7,7,0,0,7,1,1,
V:is3Mk5oC19g,is3Mk5oC19g,video,1,Capturan a ladrón que había quedado grabado mientras robaba en una parroquia de Retalhuleu,@TN23TodoNoticias,UCt5Dw7ePnn0AqPqRF8Xpjkw,TN23 Guatemala,News & Politics,guatemala noticias,topic,4616.0,7,7,7,0,0,7,0,1,
V:WIUZtitfLRw,WIUZtitfLRw,video,1,Caminar en una ciudad hecha para carros,@quorumgt,UCE4rsXcgDb6e1-a9iTbWzfg,Quorum,News & Politics,@quorumgt/videos,channel,422.0,6,6,6,0,0,6,1,0,
V:TT4qJ5FXHYE,TT4qJ5FXHYE,video,1,"I’x K’at: el primer equipo guatemalteco de pelota maya, conformado únicamente por mujeres.",@quorumgt,UCE4rsXcgDb6e1-a9iTbWzfg,Quorum,News & Politics,@quorumgt/videos,channel,1075.0,4,4,4,0,0,4,8,0,
V:JkpVO1hx2f8,JkpVO1hx2f8,video,1,10 Preguntas a un año del Paro Nacional,@quorumgt,UCE4rsXcgDb6e1-a9iTbWzfg,Quorum,News & Politics,@quorumgt/videos,channel,673.0,3,3,3,0,0,3,4,0,
V:3Nfp9h5avBI,3Nfp9h5avBI,video,1,"Noticiero en Directo 1 pm, 28 de Agosto de 2026",@GuatevisionNoticiero,UCdSVqHGHzyMTXSafUHY-e-w,Noticiero Guatevisión 13 Hrs.,News & Politics,guatemala noticias,topic,573.0,2,2,2,0,0,2,0,0,
V:UhL9y3KUl8E,UhL9y3KUl8E,video,1,SHAI WA: la vecina queer de Casa Presidencial,@quorumgt,UCE4rsXcgDb6e1-a9iTbWzfg,Quorum,News & Politics,@quorumgt/videos,channel,1755.0,1,1,1,0,0,1,2,0,
V:X_FAIef8qlE,X_FAIef8qlE,video,1,Cruzando la ciudad a puro Transmetro,@quorumgt,UCE4rsXcgDb6e1-a9iTbWzfg,Quorum,News & Politics,@quorumgt/videos,channel,1140.0,1,1,1,0,0,1,0,0,
V:s0eco-BofOs,s0eco-BofOs,video,1,¿Quiénes pagan más en Centroamérica?,@quorumgt,UCE4rsXcgDb6e1-a9iTbWzfg,Quorum,News & Politics,Quorum GT,topic,220.0,1,1,1,0,0,1,0,0,
V:zweosulrwA8,zweosulrwA8,video,1,Edén por Salud: empleo inclusivo para personas con discapacidad en Antigua | Super - Episodio 2,@quorumgt,UCE4rsXcgDb6e1-a9iTbWzfg,Quorum,Nonprofits & Activism,@quorumgt,topic,52.0,1,1,1,0,0,1,0,0,
